-- phpMyAdmin SQL Dump
-- version 5.2.1
-- https://www.phpmyadmin.net/
--
-- Servidor: 127.0.0.1
-- Tiempo de generación: 12-11-2024 a las 21:22:08
-- Versión del servidor: 10.4.32-MariaDB
-- Versión de PHP: 8.1.25

SET SQL_MODE = "NO_AUTO_VALUE_ON_ZERO";
START TRANSACTION;
SET time_zone = "+00:00";


/*!40101 SET @OLD_CHARACTER_SET_CLIENT=@@CHARACTER_SET_CLIENT */;
/*!40101 SET @OLD_CHARACTER_SET_RESULTS=@@CHARACTER_SET_RESULTS */;
/*!40101 SET @OLD_COLLATION_CONNECTION=@@COLLATION_CONNECTION */;
/*!40101 SET NAMES utf8mb4 */;

--
-- Base de datos: `reparacell`
--

-- --------------------------------------------------------

--
-- Estructura de tabla para la tabla `anotaciones_equipos_taller`
--

CREATE TABLE `anotaciones_equipos_taller` (
  `num_orden` bigint(20) UNSIGNED NOT NULL,
  `contenido` text NOT NULL,
  `created_at` timestamp NULL DEFAULT NULL,
  `updated_at` timestamp NULL DEFAULT NULL
) ENGINE=InnoDB DEFAULT CHARSET=utf8mb4 COLLATE=utf8mb4_unicode_ci;

--
-- Volcado de datos para la tabla `anotaciones_equipos_taller`
--

INSERT INTO `anotaciones_equipos_taller` (`num_orden`, `contenido`, `created_at`, `updated_at`) VALUES
(227, 'CONTINUA EN REPARACION, ESPERANDO PIEZAS', '2024-03-12 18:17:28', '2024-03-15 03:02:21'),
(236, 'EN ESPERA DE PANTALLA', '2024-03-08 20:43:02', '2024-03-08 20:43:02'),
(258, 'PANTALLA NO DISPONIBLE, SOLO POR ENCARGO Y ANTICIPO', '2024-03-08 20:43:50', '2024-03-08 20:43:50'),
(277, 'PROCESO DE REPARACION', '2024-03-11 18:35:20', '2024-03-11 18:35:20'),
(287, 'PONERLE CHIP', '2024-03-11 18:41:59', '2024-03-11 18:41:59'),
(293, 'PROCESO DE REPARACION', '2024-03-12 18:14:00', '2024-03-12 18:14:00'),
(296, 'NO REPARADO', '2024-03-14 20:26:14', '2024-03-14 20:26:14'),
(299, 'PANTALLA QUEBRADA, SI FUNCIONA', '2024-03-13 19:44:41', '2024-03-13 19:44:41'),
(301, 'ESPERANDO PANTALLA', '2024-03-14 20:25:23', '2024-03-14 20:25:23'),
(302, 'ENCARGAR PANTALLA', '2024-03-14 17:06:02', '2024-03-14 20:25:37'),
(303, 'EN REPARACION', '2024-03-14 20:25:51', '2024-03-14 20:25:51'),
(306, '+$200 APARTO FORRO NEGRO DE PIEL SAMSUNG A03', '2024-03-18 18:27:57', '2024-03-18 18:28:15'),
(310, 'EN REPARACION', '2024-03-19 18:45:42', '2024-03-21 18:24:56'),
(316, 'SE VA A REVISAR PORQUE ES PROBLEMA DE LA TARJETA', '2024-03-21 18:24:15', '2024-03-21 18:24:15'),
(323, 'ESPERANDO BATERIA', '2024-04-04 03:08:40', '2024-04-04 03:08:40'),
(326, 'EN ESPERA DE BATERIA', '2024-04-01 18:36:30', '2024-04-01 18:36:30'),
(337, 'CONTRASEÑA: MARVELMANFJMC999', '2024-04-01 18:24:33', '2024-04-01 18:24:33'),
(338, 'EN OBSERVACION', '2024-04-04 19:26:05', '2024-04-04 19:26:05'),
(341, 'SIN CONTRASEÑA \nANTICIPO DE 500', '2024-04-02 17:20:24', '2024-04-02 17:20:24'),
(347, 'CONTRASEÑA: ZORRI123456', '2024-04-02 18:14:42', '2024-04-02 18:14:42'),
(365, 'CONTRASEÑA: PIRINOLA', '2024-04-06 01:02:13', '2024-04-06 01:02:13'),
(390, 'CONTRASEÑA 1966', '2024-04-19 19:05:51', '2024-04-19 19:05:51'),
(516, '6652287804', '2024-06-17 18:07:00', '2024-06-17 18:07:00'),
(610, '6949542756', '2024-07-24 16:42:09', '2024-07-24 16:42:09'),
(714, 'ABONO 650 RESNTAN 300', '2024-09-05 00:29:06', '2024-09-05 00:29:06');

-- --------------------------------------------------------

--
-- Estructura de tabla para la tabla `clientes`
--

CREATE TABLE `clientes` (
  `id` bigint(20) UNSIGNED NOT NULL,
  `telefono` varchar(10) NOT NULL,
  `nombre` varchar(50) NOT NULL,
  `direccion` varchar(50) NOT NULL,
  `telefono_contacto` varchar(10) NOT NULL,
  `disponible` tinyint(1) NOT NULL,
  `created_at` timestamp NULL DEFAULT NULL,
  `updated_at` timestamp NULL DEFAULT NULL
) ENGINE=InnoDB DEFAULT CHARSET=utf8mb4 COLLATE=utf8mb4_unicode_ci;

--
-- Volcado de datos para la tabla `clientes`
--

INSERT INTO `clientes` (`id`, `telefono`, `nombre`, `direccion`, `telefono_contacto`, `disponible`, `created_at`, `updated_at`) VALUES
(1, '6941088942', 'ANGEL SANCHEZ', 'OTRA BANDAS', '6672155901', 1, '2023-10-14 18:57:10', '2023-10-19 10:35:43'),
(2, '6949680593', 'ANGELICA SANTOS', 'MESILLAS', '6949680593', 1, '2023-10-14 18:59:49', '2023-10-19 10:22:20'),
(3, '6941088943', 'ISABELA SANCHEZ', 'CONCORDIA SIN', '6941088943', 1, '2023-10-19 10:51:42', '2023-10-19 11:09:45'),
(4, '6949680599', 'ELISA VAZQUEZ', 'POR EL PANTEÓN', '6949680599', 1, '2023-10-19 11:11:09', '2023-10-19 11:11:09'),
(5, '6672155901', 'ELVIRA VAZQUEZ', 'BENITO JUAREZ', '6672155901', 1, '2023-10-23 21:01:04', '2023-10-23 21:01:04'),
(6, '0000000000', 'PÚBLICO GENERAL', 'DOMICILIO CONOCIDO', '0000000000', 1, '2022-04-14 18:01:52', '2022-12-05 18:25:03'),
(8, '6691524785', 'JUAN DEL DIABLO', 'EL POPOTAL', '6691524785', 1, '2024-01-28 01:08:46', '2024-01-28 01:08:46'),
(14, '6941150179', 'ANTONIO VALDEZ', 'CENTRO', '6941150179', 1, '2024-01-28 01:37:31', '2024-01-28 01:37:31'),
(15, '6941681185', 'JOSE NICANOR', 'CONCORDIA CENTRO', '6941681185', 1, '2024-01-29 18:04:59', '2024-01-29 18:04:59'),
(16, '6692147223', 'DANIELA GARCIA ZAMUDIO', '', '6692147223', 1, '2024-01-30 01:27:46', '2024-01-30 01:27:46'),
(17, '6691657287', 'ANA BELEN GARAY', '', '6691657287', 1, '2024-01-30 19:31:13', '2024-01-30 19:31:13'),
(18, '6692754897', 'JENNIFER VALDES', '', '6692754897', 1, '2024-01-30 19:32:37', '2024-01-30 19:32:37'),
(21, '6651060666', 'JOSEFINA BLANCO DIAZ', '', '6651060666', 1, '2024-01-31 19:31:34', '2024-01-31 19:31:34'),
(22, '6676026664', 'JOHANA SILVA', '', '6676026664', 1, '2024-01-31 19:35:29', '2024-01-31 19:35:29'),
(23, '6941151718', 'ROSA EDITH QUINTERO', '', '6941151718', 1, '2024-01-31 19:37:32', '2024-01-31 19:37:32'),
(24, '6941177605', 'YURELI GALLEGOS', '', '6941177605', 1, '2024-01-31 19:44:50', '2024-01-31 19:44:50'),
(25, '6941102196', 'ESLI CONTRERAS', '', '6941102196', 1, '2024-02-01 01:27:22', '2024-02-01 01:27:22'),
(33, '6941154587', 'JUAN PABLO VALDES TIRADO', '', '6941154587', 1, '2024-02-01 17:39:16', '2024-02-01 17:39:16'),
(34, '6941385677', 'PEDRO DE JESUS IBARRA', '', '6941385677', 1, '2024-02-01 18:32:07', '2024-02-01 18:32:07'),
(35, '6941141923', 'ALEX BRITO', '', '6941141923', 1, '2024-02-02 01:03:17', '2024-02-02 01:03:17'),
(36, '1111111111', 'JAVIER GONZALEZ IBARRA', '', '1111111111', 1, '2024-02-02 18:31:48', '2024-02-02 18:31:48'),
(37, '6692732320', 'ANAHI CRUZ', '', '6692732320', 1, '2024-02-03 19:28:53', '2024-02-03 19:28:53'),
(38, '6691529738', 'JOSE MANUEL SANCHEZ', '', '6691529738', 1, '2024-02-03 21:04:51', '2024-02-03 21:04:51'),
(39, '6691657374', 'BRANDON PEREZ', '', '6691657374', 1, '2024-02-03 21:06:04', '2024-02-03 21:06:04'),
(40, '3319709250', 'EMILIO BERNAL', '', '3319709250', 1, '2024-02-05 18:37:59', '2024-02-05 18:37:59'),
(41, '6941179192', 'EDGAR TIRADO', '', '6941179192', 1, '2024-02-06 00:14:49', '2024-02-06 00:14:49'),
(42, '6692148740', 'PEDRO CAMACHO', '', '6692148740', 1, '2024-02-06 00:16:31', '2024-02-06 00:16:31'),
(43, '2217752230', 'MARIMAR VITERVO', '', '2217752230', 1, '2024-02-06 00:48:46', '2024-02-06 00:48:46'),
(44, '8713314835', 'ESPERANZA LOPEZ', '', '8713314835', 1, '2024-02-06 00:55:48', '2024-02-06 00:55:48'),
(45, '6692217619', 'JUAN DE DIOS VARGAS', '', '6692217619', 1, '2024-02-06 16:29:37', '2024-02-06 16:29:37'),
(46, '6941186468', 'NANCY MENDOZA', '', '6941186468', 1, '2024-02-10 20:13:57', '2024-02-10 20:13:57'),
(48, '6691233045', 'MARIANA ARELLANO', '', '6691233045', 1, '2024-02-18 18:31:58', '2024-02-18 18:31:58'),
(49, '6691645946', 'IRASEMA GARAY ROCHIN', '', '6691645946', 1, '2024-02-18 18:35:43', '2024-02-18 18:35:43'),
(50, '6691201540', 'GLORIA LIZETH ESPINOZA', '', '6691201540', 1, '2024-02-18 20:07:02', '2024-02-18 20:07:02'),
(51, '6692551111', 'JAVIER OLIVAS', '', '6692551111', 1, '2024-02-18 20:13:54', '2024-02-18 20:13:54'),
(52, '6641172641', 'JANETH TORRES', '', '6941172641', 1, '2024-02-18 20:49:40', '2024-02-18 21:45:40'),
(53, '6941152320', 'MARTHA VALERIO', '-', '6941105127', 1, '2024-02-18 21:03:47', '2024-04-21 00:41:02'),
(54, '6941131463', 'ANGEL ANTONIO', '', '6941131463', 1, '2024-02-18 21:05:38', '2024-02-18 21:05:38'),
(55, '6941101821', 'ALICIA LUNA ORTEGA', '', '6941101821', 1, '2024-02-19 17:42:50', '2024-02-19 17:42:50'),
(56, '6941387205', 'MARIA ELENA DIAZ', '', '6941387205', 1, '2024-02-19 17:50:33', '2024-02-19 17:50:33'),
(57, '6941640145', 'TERESA ULIBARRIA', '', '6941640145', 1, '2024-02-19 18:01:03', '2024-02-19 18:01:03'),
(58, '6941105347', 'ADRIAN VELAZQUEZ', '', '6941105347', 1, '2024-02-19 18:06:31', '2024-02-19 18:06:31'),
(59, '6751154475', 'DIANA CHAMORRO', '', '6751154475', 1, '2024-02-19 18:45:08', '2024-02-19 18:45:08'),
(60, '6692398601', 'ELIZABETH ESPINOZA', '', '6692398601', 1, '2024-02-21 00:43:31', '2024-02-21 00:43:31'),
(61, '6691487056', 'TERESA LIZARRAGA', '', '6691487056', 1, '2024-02-21 01:07:23', '2024-02-21 01:07:23'),
(62, '6692259110', 'LILIANA ONTIVEROS', '', '6692259110', 1, '2024-02-21 01:38:12', '2024-02-21 01:38:12'),
(63, '6941164739', 'DELIA ESTHER FIGUEROA L', '', '6941164739', 1, '2024-02-21 19:12:30', '2024-02-21 19:12:30'),
(64, '6941184065', 'ROSARIO VALLE', '', '6941184065', 1, '2024-02-21 21:29:45', '2024-02-21 21:29:45'),
(65, '6692532045', 'DIANA NIEBLA', '', '6692532043', 1, '2024-02-22 02:12:45', '2024-02-22 02:14:23'),
(66, '3223043127', 'MANUEL ALEJANDRO (REPARTIDOR CUMBIA)', '', '3223043127', 1, '2024-02-22 03:00:42', '2024-02-22 03:00:42'),
(67, '6941189209', 'VICTOR ROSAS', '', '6941189209', 1, '2024-02-22 18:34:37', '2024-02-22 18:34:37'),
(68, '6941180045', 'JUANI BETANCOURT MANCINAS', '', '6941180045', 1, '2024-02-22 18:38:46', '2024-02-22 18:38:46'),
(69, '6692258211', 'MARCO ANTONIO AURIGUERO', '-', '6692258211', 1, '2024-02-23 17:35:44', '2024-02-29 03:26:21'),
(72, '6692498397', 'CAROLINA VIZCARRA', '', '6692498397', 1, '2024-02-23 17:59:33', '2024-02-23 17:59:33'),
(73, '6941089271', 'FELIPE VARGAS', '-', '6941089271', 1, '2024-02-23 21:17:52', '2024-02-23 21:17:52'),
(74, '6692532043', 'DIANA NIEBLA', '', '6692532043', 1, '2024-02-23 21:20:10', '2024-02-23 21:20:10'),
(75, '6941086641', 'FRANCISCO ZAVALA', '', '6941086641', 1, '2024-02-24 01:28:09', '2024-02-24 01:28:09'),
(76, '6691015934', 'PAULA ASTORGA DOMINGUEZ', '', '6691015934', 1, '2024-02-24 20:51:14', '2024-02-24 20:51:14'),
(77, '7949567770', 'JANETH ARAGON', '', '6751107162', 1, '2024-02-25 02:33:36', '2024-02-25 02:33:36'),
(78, '6941184377', 'BRISEIDA GARCIA', '', '6941184377', 1, '2024-02-25 02:43:53', '2024-02-25 02:43:53'),
(79, '6941084489', 'ROSARIO MEDEROS', '', '6941084489', 1, '2024-02-26 16:30:26', '2024-02-26 16:30:26'),
(80, '6941387793', 'VIANEY RODRIGUEZ', '', '6941387793', 1, '2024-02-26 19:41:16', '2024-02-26 19:41:16'),
(81, '6691457680', 'DAVID ORNELAS', '', '6691457680', 1, '2024-02-26 19:43:54', '2024-02-26 19:43:54'),
(82, '6941168056', 'VICTOR MANUEL GALVAN', '', '6941168056', 1, '2024-02-27 01:38:57', '2024-02-27 01:38:57'),
(83, '6941186995', 'YARITZA GARCIA SOLIS', 'CONCORDIA CENTRO', '6941186995', 1, '2024-02-27 02:03:29', '2024-02-27 02:03:29'),
(84, '6949510336', 'ANGEL OCTAVIO', '', '6949510336', 1, '2024-02-27 20:05:28', '2024-02-27 20:05:28'),
(85, '6691465373', 'INGRID RIVERA NAVARRO', '', '6691465373', 1, '2024-02-28 02:10:31', '2024-02-28 02:10:31'),
(86, '3333333333', 'JESUS ARTURO MORALES', '', '3333333333', 1, '2024-02-29 19:40:53', '2024-02-29 19:40:53'),
(87, '6941387754', 'EVELYN SILVA', '', '6941387754', 1, '2024-02-29 19:42:20', '2024-02-29 19:42:20'),
(88, '6692314096', 'MARCO ANTONIO TIRADO', '', '6692314096', 1, '2024-03-01 17:11:15', '2024-03-01 17:11:15'),
(90, '6692547770', 'ANA LIZETH BRITO', '', '6692547770', 1, '2024-03-02 17:59:40', '2024-03-02 17:59:40'),
(93, '6941171750', 'ANABEL CAMPISTA', '', '6941171750', 1, '2024-03-02 18:08:02', '2024-03-02 18:08:02'),
(96, '6941186273', 'DORA CALDERON', '', '6941186273', 1, '2024-03-02 18:38:50', '2024-03-02 18:38:50'),
(97, '6691734712', 'FLOR MEJIA', '', '6691734712', 1, '2024-03-02 18:57:23', '2024-03-02 18:57:23'),
(98, '6941103191', 'GISELA FAVELA', '', '6941103191', 1, '2024-03-02 20:59:13', '2024-03-02 20:59:13'),
(99, '6692282971', 'ORLANDO PLACO', '', '6692282971', 1, '2024-03-03 00:20:14', '2024-03-03 00:20:14'),
(100, '6691639760', 'LIDIA MANCINAS', '', '6691639760', 1, '2024-03-03 01:35:18', '2024-03-03 01:35:18'),
(101, '6699936273', 'ANGEL MORALES', '', '6699936273', 1, '2024-03-04 18:24:20', '2024-03-04 18:24:20'),
(102, '6699254790', 'GUADALUPE RAMOS', '', '6699254790', 1, '2024-03-04 18:33:09', '2024-03-04 18:33:09'),
(106, '6699410795', 'ADELA LIZARRAGA', '', '6699410795', 1, '2024-03-04 18:54:48', '2024-03-04 18:54:48'),
(107, '6949563881', 'CESAR GARCIA', '', '6949563881', 1, '2024-03-04 18:55:31', '2024-03-04 18:55:31'),
(108, '6691230303', 'URIEL SOSA', '', '6691230303', 1, '2024-03-04 18:58:26', '2024-03-04 18:58:26'),
(109, '6692223514', 'VICTOR SILVA', '', '6692223514', 1, '2024-03-04 20:05:36', '2024-03-04 20:05:36'),
(110, '6692620277', 'ALBERTO SALAZAR PERAZA', '', '6692620277', 1, '2024-03-05 01:09:49', '2024-03-05 01:09:49'),
(111, '6691461054', 'JUAN RAMON REYES', '', '6691461054', 1, '2024-03-05 02:09:26', '2024-03-05 02:09:26'),
(112, '6692399973', 'EDUARDO SILVA', '', '6692399973', 1, '2024-03-05 17:52:02', '2024-03-05 17:52:02'),
(113, '6941192444', 'MARICRUZ SANCHEZ', '', '6941192444', 1, '2024-03-05 18:18:10', '2024-03-05 18:18:10'),
(114, '6941100308', 'HUMBERTO ZAMUDIO', '', '6941100308', 1, '2024-03-05 18:41:32', '2024-03-05 18:41:32'),
(115, '6691581264', 'CAYIN', '', '6691581264', 1, '2024-03-05 19:23:25', '2024-03-05 19:23:25'),
(116, '6691657278', 'ERNESTO HERNANDEZ', '', '6691657278', 1, '2024-03-05 20:17:59', '2024-03-05 20:17:59'),
(117, '6941178922', 'SANTIAGO GARCIA', '', '6941178922', 1, '2024-03-06 02:35:25', '2024-03-06 02:35:25'),
(118, '6692155256', 'JOSE MANUEL LOPEZ ZAMUDIO', '', '6692155256', 1, '2024-03-06 02:52:49', '2024-03-06 02:52:49'),
(119, '6949511849', 'MANUEL EDUARDO VALENZUELA ARAGON', '-', '6949511849', 1, '2024-03-06 18:59:57', '2024-11-08 19:42:32'),
(120, '6941387289', 'ALEXA VALDEZ', 'CONCORDIA CENTRO', '6941387289', 1, '2024-03-07 02:24:31', '2024-03-07 02:24:31'),
(124, '6699209359', 'VICTOR SALAZAR', '', '6699209359', 1, '2024-03-07 18:20:53', '2024-03-07 18:20:53'),
(125, '3313843547', 'LUPITA ROSAS', '', '3313843547', 1, '2024-03-07 20:18:34', '2024-03-07 20:18:34'),
(126, '6949566979', 'ARTURO DIAZ', '', '6949566979', 1, '2024-03-08 20:50:23', '2024-03-08 20:50:23'),
(127, '6674537730', 'MANUEL CAMACHO', '', '6674537730', 1, '2024-03-08 20:56:42', '2024-03-08 20:56:42'),
(128, '6694316717', 'ANTONIO ROBLES ORTEGA', '', '6694316717', 1, '2024-03-11 18:33:41', '2024-03-11 18:33:41'),
(129, '6941137291', 'GUILLERMO MORENO', '', '6941137291', 1, '2024-03-11 18:41:27', '2024-03-11 18:41:27'),
(130, '3222153764', 'MARIA ROSILVIA PATRON CARMONA', '', '3222153764', 1, '2024-03-11 20:27:12', '2024-03-11 20:27:12'),
(131, '6949561871', 'ALFREDO ELEAZAR', '', '6949561871', 1, '2024-03-11 21:15:09', '2024-03-11 21:15:09'),
(132, '6941132135', 'CRUZ HERNANDEZ', '', '6941132135', 1, '2024-03-12 03:14:19', '2024-03-12 03:14:19'),
(133, '6941130194', 'ANDRES OSUNA', '', '6941130194', 1, '2024-03-12 18:13:26', '2024-03-12 18:13:26'),
(134, '6692410229', 'ALEXIS ARAMBURO', '', '6692410229', 1, '2024-03-12 19:12:20', '2024-03-12 19:12:20'),
(135, '6941101884', 'MARTHA LUNA', '-', '6941101884', 1, '2024-03-12 20:06:42', '2024-03-12 20:09:17'),
(136, '6691486772', 'JOSE LUIS VAZQUEZ', '', '6691486772', 1, '2024-03-13 01:29:07', '2024-03-13 01:29:07'),
(137, '6649560787', 'VALENTE PEREZ', 'CONCORDIA CENTRO', '6649560787', 1, '2024-03-13 03:46:52', '2024-03-13 03:46:52'),
(138, '6941386604', 'CRISTIAN ARAGON', '', '6941386604', 1, '2024-03-13 04:06:28', '2024-03-13 04:06:28'),
(139, '6691756162', 'RAMONCITO', '', '6691756162', 1, '2024-03-13 19:44:11', '2024-03-13 19:44:11'),
(140, '6941135073', 'KARLA CABRALES', '', '6941135073', 1, '2024-03-14 01:50:17', '2024-03-14 01:50:17'),
(141, '6941136406', 'BRUNO AGUILAR', '', '6941136406', 1, '2024-03-14 01:51:01', '2024-03-14 01:51:01'),
(142, '6692611621', 'PERLA / FABIOLA TIRADO', '', '6692611621', 1, '2024-03-14 17:05:41', '2024-03-14 17:05:41'),
(143, '6692380731', 'BRAYAN FABIAN INSUNZA', '', '6692380731', 1, '2024-03-14 20:19:26', '2024-03-14 20:19:26'),
(144, '6694315567', 'FRANCIS MANCINAS', '', '6694315567', 1, '2024-03-15 01:05:26', '2024-03-15 01:05:26'),
(145, '6692700130', 'RAUL RAMOS', '', '6692700130', 1, '2024-03-18 18:27:00', '2024-03-18 18:27:00'),
(146, '6949519282', 'CARMEN PEREZ', '', '6949519282', 1, '2024-03-18 20:51:41', '2024-03-18 20:51:41'),
(147, '6941088774', 'ARMANDO HERNANDEZ', '', '6941088774', 1, '2024-03-18 21:02:04', '2024-03-18 21:02:04'),
(148, '3251034265', 'YALIA NAEL ZEPEDA', '', '3251034265', 1, '2024-03-19 16:26:23', '2024-03-19 16:26:23'),
(149, '6691497895', 'JOSE MARIA SOTO', '', '6691497895', 1, '2024-03-19 16:27:34', '2024-03-19 16:27:34'),
(150, '6699937749', 'ALBERTO NOE GALVAN', '', '6699937749', 1, '2024-03-19 16:29:19', '2024-03-19 16:29:19'),
(151, '6699323175', 'JESUS ZAMORA GARCIA', '', '6699323175', 1, '2024-03-20 01:45:56', '2024-03-20 01:45:56'),
(154, '6941194935', 'MISAEL ESPINOZA', '', '6941194935', 1, '2024-03-20 01:50:24', '2024-03-20 01:50:24'),
(155, '6691985678', 'ERIKA LIZARRAGA CAMACHO', '', '6691985678', 1, '2024-03-21 18:52:52', '2024-03-21 18:52:52'),
(156, '6941103606', 'JULIO CESAR ONTIVEROS', '', '6941103606', 1, '2024-03-21 20:25:37', '2024-03-21 20:25:37'),
(157, '6941102200', 'ANDRES VALENZUELA', '', '6941102200', 1, '2024-03-21 21:13:29', '2024-03-21 21:13:29'),
(158, '6693291363', 'JORGE RIOS', '', '6693291363', 1, '2024-03-21 21:16:13', '2024-03-21 21:16:13'),
(159, '6941101026', 'AMPARO LUCAS', '', '6941101026', 1, '2024-03-22 03:45:20', '2024-03-22 03:45:20'),
(161, '6691277160', 'DULCE NATALI VALENZUELA', '', '6691277160', 1, '2024-03-23 17:44:36', '2024-03-23 17:44:36'),
(162, '6691179889', 'JUANA SALAZAR AYALA', '', '6691179889', 1, '2024-03-23 18:10:06', '2024-03-23 18:10:06'),
(163, '6691009979', 'JESUS ORNELAS', '', '6691009979', 1, '2024-03-24 01:52:06', '2024-03-24 01:52:06'),
(164, '6692229519', 'ROSARIO CAZARES', '', '6692229519', 1, '2024-03-25 16:39:37', '2024-03-25 16:39:37'),
(165, '6941187927', 'ALMA VIRIDIANA CAMPISTA', '', '6941187927', 1, '2024-03-25 16:41:07', '2024-03-25 16:41:07'),
(166, '6692065313', 'ANA KAREN SANCHEZ', '', '6692065313', 1, '2024-03-25 18:16:50', '2024-03-25 18:16:50'),
(167, '6623411733', 'STEFANY MENDIOLA', '', '6623411733', 1, '2024-03-25 18:50:54', '2024-03-25 18:50:54'),
(168, '6941169603', 'ROLANDO LUCAS', '', '6941169603', 1, '2024-03-25 20:10:49', '2024-03-25 20:10:49'),
(169, '6699256284', 'DORA ROJAS', '', '6699256284', 1, '2024-03-27 21:00:27', '2024-03-27 21:00:27'),
(170, '6941162497', 'CRISTIAN MANUEL', '', '6941162497', 1, '2024-03-28 16:44:58', '2024-03-28 16:44:58'),
(171, '6692157212', 'ALICIA LUNA', '', '6692157212', 1, '2024-03-28 18:00:03', '2024-03-28 18:00:03'),
(172, '6691148349', 'MANUEL LIZARRAGA', '', '6691148349', 1, '2024-03-28 21:06:49', '2024-03-28 21:06:49'),
(173, '6699417488', 'ISABEL CRISTINA CHAVEZ', '', '6699417488', 1, '2024-04-01 18:24:02', '2024-04-01 18:24:02'),
(174, '6693309342', 'MARIA DE LOS ANGELES AGUILAR', '', '6693309342', 1, '2024-04-01 19:45:50', '2024-04-01 19:45:50'),
(175, '6693337049', 'JOSE FRANCISCO LIZARRAGA VARGAS', '', '6693337049', 1, '2024-04-02 01:13:41', '2024-04-02 01:13:41'),
(176, '6941089929', 'MELISSA LIZARRAGA', '', '6941089929', 1, '2024-04-02 02:42:51', '2024-04-02 02:42:51'),
(177, '6941102284', 'ELIZABETH MONTES', '', '6941102284', 1, '2024-04-02 17:20:03', '2024-04-02 17:20:03'),
(178, '6692742321', 'ORLANDO TIRADO', '', '6692742321', 1, '2024-04-02 17:21:55', '2024-04-02 17:21:55'),
(181, '6941160664', 'PEDRO TORTILLERO', '', '6941160664', 1, '2024-04-02 17:47:17', '2024-04-02 17:47:17'),
(182, '6941192265', 'SAUL RODRIGUEZ', '', '6941192265', 1, '2024-04-02 18:14:07', '2024-04-02 18:14:07'),
(183, '6692255175', 'JAVIER VALDEZ VALDEZ', '', '6692255175', 1, '2024-04-02 20:08:06', '2024-04-02 20:08:06'),
(184, '6691509967', 'CARMEN ALVAREZ', '', '6691509967', 1, '2024-04-03 01:43:00', '2024-04-03 01:43:00'),
(185, '6941162004', 'BENITO MORALES (MINO)', '', '6941162004', 1, '2024-04-03 03:12:09', '2024-04-03 03:12:09'),
(186, '6941165133', 'MARCO ANTONIO GARZON', '', '6941165133', 1, '2024-04-03 03:53:38', '2024-04-03 03:53:38'),
(187, '6941101760', 'NANCY RODRIGUEZ', '', '6941101760', 1, '2024-04-03 03:54:53', '2024-04-03 03:54:53'),
(188, '6676910981', 'JENNIFER VELARDE', '', '6676910981', 1, '2024-04-03 20:34:17', '2024-04-03 20:34:17'),
(189, '6691518808', 'CANDELARIO GONZALEZ', '', '6691518808', 1, '2024-04-04 00:17:03', '2024-04-04 00:17:03'),
(190, '6941228408', 'JOSE MANUEL VALERIO SANCHEZ', 'CONCORDIA CENTRO', '6941228408', 1, '2024-04-04 03:00:05', '2024-04-04 03:00:05'),
(191, '6699184111', 'FLOR MORAN', 'CONCORDIA CENTRO', '6699184111', 1, '2024-04-04 03:02:22', '2024-04-04 03:02:22'),
(192, '6699292870', 'ERIK GARCIA', '', '6699292870', 1, '2024-04-05 01:23:37', '2024-04-05 01:23:37'),
(193, '6941153282', 'KARINA NAVARRO', '', '6941153282', 1, '2024-04-05 01:49:45', '2024-04-05 01:49:45'),
(194, '6941185546', 'PAULETTE SALAS DIAZ', '', '6941185546', 1, '2024-04-05 03:38:17', '2024-04-05 03:38:17'),
(195, '6692162739', 'EDUARDO SILVA', '', '6692162739', 1, '2024-04-05 03:40:19', '2024-04-05 03:40:19'),
(197, '6692181583', 'VERONICA GARZON', '', '6692181583', 1, '2024-04-05 03:42:29', '2024-04-05 03:42:29'),
(198, '6691167472', 'YUKIER SALAZAR', '', '6691167472', 1, '2024-04-08 19:22:53', '2024-04-08 19:22:53'),
(199, '6693138526', 'ROSAURO CARDENAS', '', '6693138526', 1, '2024-04-09 01:33:42', '2024-04-09 01:33:42'),
(200, '6691471183', 'EMILY VIZCARRA', '', '6691471183', 1, '2024-04-09 02:26:15', '2024-04-09 02:26:15'),
(201, '6694110818', 'AGUSTIN GUEVARA PEÑA', '', '6694110818', 1, '2024-04-10 17:06:35', '2024-04-10 17:06:35'),
(202, '6691270467', 'JUAN CARLOS CAÑEDO', '', '6691270467', 1, '2024-04-11 20:14:15', '2024-04-11 20:14:15'),
(203, '6692548925', 'FABIOLA RAMOS', '', '6692548925', 1, '2024-04-12 00:49:01', '2024-04-12 00:49:01'),
(204, '6941167479', 'OSCAR ROBERTO', '', '6941167479', 1, '2024-04-12 00:51:37', '2024-04-12 00:51:37'),
(205, '6674966861', 'SEBASTIAN SALAZAR', '', '6674966861', 1, '2024-04-13 17:49:39', '2024-04-13 17:49:39'),
(206, '6941509967', 'EFREN OBESO', '-', '6691509967', 1, '2024-04-13 17:50:12', '2024-04-13 19:33:47'),
(207, '6941382692', 'DIEGO SALAZAR RODRIGUEZ', '', '6941382692', 1, '2024-04-13 17:51:26', '2024-04-13 17:51:26'),
(208, '6941104517', 'ANA KARELY LIZARRAGA', '', '6941104517', 1, '2024-04-13 18:01:52', '2024-04-13 18:01:52'),
(209, '6941153948', 'YURI LEYVA CALDERON', '', '6941153948', 1, '2024-04-13 19:08:40', '2024-04-13 19:08:40'),
(210, '6692891922', 'JOSE RIVERA', '', '6692891922', 1, '2024-04-15 17:19:44', '2024-04-15 17:19:44'),
(211, '6949561139', 'YARELI ESPINOZA', '', '6949561139', 1, '2024-04-15 17:20:58', '2024-04-15 17:20:58'),
(212, '6694379929', 'JOSE SALAZAR', '', '6694379929', 1, '2024-04-15 17:27:33', '2024-04-15 17:27:33'),
(213, '6949514997', 'LESLY LOPEZ', '-', '6949519497', 1, '2024-04-15 17:28:46', '2024-04-17 00:07:22'),
(216, '6941162003', 'RAFAEL LIZARRAGA', '', '6941162003', 1, '2024-04-15 20:31:58', '2024-04-15 20:31:58'),
(217, '6692275647', 'CRISTIAN ORTIZ LIZARRAGA', '-', '6692275647', 1, '2024-04-16 00:12:49', '2024-04-16 00:39:37'),
(218, '6692554040', 'ANDRES PAEZ', '', '6692554040', 1, '2024-04-16 18:00:45', '2024-04-16 18:00:45'),
(219, '6691167527', 'MARTA TIRADO', '', '6691167527', 1, '2024-04-16 18:01:42', '2024-04-16 18:01:42'),
(220, '6941181367', 'ALEJANDRO MORAN', '-', '6691589591', 1, '2024-04-16 20:23:31', '2024-04-19 19:12:08'),
(221, '6941180833', 'LUIS ANTONIO SANCHEZ', '', '6941180833', 1, '2024-04-17 00:09:54', '2024-04-17 00:09:54'),
(222, '6941180495', 'NADIA PROA', '', '6941180495', 1, '2024-04-17 00:16:31', '2024-04-17 00:16:31'),
(223, '6691475592', 'CECILIA LABRADOR', '', '6949518778', 1, '2024-04-17 02:33:33', '2024-04-17 02:33:33'),
(224, '6941175628', 'MODESTA PEREDA', '', '6941175628', 1, '2024-04-17 19:05:28', '2024-04-17 19:05:28'),
(225, '6691585018', 'MARIO LOPEZ VIZCARRA', '', '6691585018', 1, '2024-04-17 19:09:07', '2024-04-17 19:09:07'),
(226, '8445999212', 'BRUNO ANGEL', '', '8445999212', 1, '2024-04-18 02:22:10', '2024-04-18 02:22:10'),
(227, '3411020926', 'JESUS ROJAS', '', '3411020926', 1, '2024-04-18 20:44:32', '2024-04-18 20:44:32'),
(228, '6949517018', 'CARMEN ROSARIO CASTELLANOS', '', '6949517018', 1, '2024-04-19 00:58:13', '2024-04-19 00:58:13'),
(229, '6692136791', 'JUAN LUIS ONTIVEROS', '', '6692136791', 1, '2024-04-19 16:43:27', '2024-04-19 16:43:27'),
(230, '6941183960', 'ZAYDA PAREDES', '', '6941183960', 1, '2024-04-22 17:32:18', '2024-04-22 17:32:18'),
(231, '6632016507', 'MELITA LEYVA', '', '6632016507', 1, '2024-04-22 17:56:09', '2024-04-22 17:56:09'),
(232, '6941152183', 'MARIA RIOS', '', '6941152183', 1, '2024-04-23 00:31:30', '2024-04-23 00:31:30'),
(233, '6691988018', 'CANDELARIA TORRES', '', '6691988018', 1, '2024-04-23 01:02:58', '2024-04-23 01:02:58'),
(234, '6691277659', 'YUKIER SALAZAR GANA', '', '6691630847', 1, '2024-04-23 02:43:43', '2024-04-23 02:43:43'),
(235, '6691003774', 'EMILIO BURGUEÑO', '', '6691003774', 1, '2024-04-23 17:07:17', '2024-04-23 17:07:17'),
(236, '6691664746', 'JUAN RAMON SALAZAR', '', '6691664746', 1, '2024-04-24 00:21:52', '2024-04-24 00:21:52'),
(237, '6692299940', 'MARTIN GARZON', '', '6692299940', 1, '2024-04-24 00:58:33', '2024-04-24 00:58:33'),
(238, '6673406851', 'GUILLERMO RODRIGUEZ', '', '6673406851', 1, '2024-04-24 20:57:33', '2024-04-24 20:57:33'),
(243, '6691671890', 'MARIA TERESA RAMIREZ', '', '6691671890', 1, '2024-04-25 02:22:10', '2024-04-25 02:22:10'),
(244, '6941158218', 'EDUARDO HURTADO', '', '6941158218', 1, '2024-04-25 02:22:50', '2024-04-25 02:22:50'),
(245, '6692184575', 'SAMIR', '', '6692184575', 1, '2024-04-25 16:52:55', '2024-04-25 16:52:55'),
(246, '6692148068', 'SUSANA SANCHEZ', '', '6692148068', 1, '2024-04-25 19:39:32', '2024-04-25 19:39:32'),
(247, '6941138962', 'VICTOR VIZCARRA', '', '6941138962', 1, '2024-04-26 00:22:02', '2024-04-26 00:22:02'),
(248, '6941134049', 'LUIS BURCIAGA', '', '6941134049', 1, '2024-04-26 17:30:49', '2024-04-26 17:30:49'),
(249, '6941131945', 'AYLIN MAGALLANES CALDERON', '', '6941131945', 1, '2024-04-30 01:15:06', '2024-04-30 01:15:06'),
(252, '6941082314', 'MARIA TERESA SUCEDO', '', '6941082314', 1, '2024-04-30 01:17:31', '2024-04-30 01:17:31'),
(253, '6941647449', 'PAOLA AGUILAR', '', '6941647449', 1, '2024-04-30 17:00:54', '2024-04-30 17:00:54'),
(254, '6941154781', 'OSCAR OCHOA', '', '6941154781', 1, '2024-05-01 20:20:00', '2024-05-01 20:20:00'),
(255, '6692646356', 'JOSE SILVA', '', '6692646356', 1, '2024-05-03 18:01:00', '2024-05-03 18:01:00'),
(256, '6692309119', 'KAREN DIAZ', '', '6692309119', 1, '2024-05-03 21:06:56', '2024-05-03 21:06:56'),
(258, '6691964449', 'ALONDRA VALDEZ', '', '6691964449', 1, '2024-05-04 02:39:12', '2024-05-04 02:39:12'),
(261, '6866575101', 'YARELI GALLEGOS', '', '6866575101', 1, '2024-05-04 02:41:02', '2024-05-04 02:41:02'),
(262, '6941173327', 'MICHEL ALEJANDRA SILVA', '', '6941173327', 1, '2024-05-04 18:22:14', '2024-05-04 18:22:14'),
(263, '6941382486', 'ALONDRA DOMINGUEZ', '', '6941382486', 1, '2024-05-04 18:23:01', '2024-05-04 18:23:01'),
(264, '6692745953', 'PAOLA MOLINA', '', '6692745953', 1, '2024-05-04 20:05:48', '2024-05-04 20:05:48'),
(265, '6941101509', 'JOSE EUSEBIO GARZON (CACHECHE)', '', '6941101509', 1, '2024-05-05 01:25:51', '2024-05-05 01:25:51'),
(266, '6691498112', 'CLAUDIA CASTRO', '', '6691498112', 1, '2024-05-06 20:00:42', '2024-05-06 20:00:42'),
(267, '6941181026', 'HUMBERTO ONTIVEROS', '', '6941181026', 1, '2024-05-06 20:08:23', '2024-05-06 20:08:23'),
(270, '6941167579', 'EVELYN GUZMAN', '', '6941167579', 1, '2024-05-07 00:44:52', '2024-05-07 00:44:52'),
(271, '6673473884', 'PEDRO VICTOR BELTRAN', '', '6673473884', 1, '2024-05-07 02:41:58', '2024-05-07 02:41:58'),
(272, '6692183334', 'YOLANDA VALDEZ', '', '6692183334', 1, '2024-05-07 02:46:26', '2024-05-07 02:46:26'),
(273, '6941132732', 'MARCOS ZAMUDIO', '', '6941132732', 1, '2024-05-08 01:06:48', '2024-05-08 01:06:48'),
(274, '6691623293', 'PAUL ALEXANDER', '', '6691623293', 1, '2024-05-14 00:19:21', '2024-05-14 00:19:21'),
(275, '6691714395', 'ROGELIO PEREZ', '', '6691714395', 1, '2024-05-14 00:25:01', '2024-05-14 00:25:01'),
(276, '6691469345', 'TERESA FLORES', '', '6691469345', 1, '2024-05-14 00:25:41', '2024-05-14 00:25:41'),
(277, '6941198676', 'GLORIA ARAGON', '', '6941198676', 1, '2024-05-14 00:26:32', '2024-05-14 00:26:32'),
(278, '6691200894', 'SUGEY SANCHEZ', '', '6691200894', 1, '2024-05-14 00:38:26', '2024-05-14 00:38:26'),
(279, '6949515615', 'MARIA RIOS', '', '6949515615', 1, '2024-05-15 00:49:59', '2024-05-15 00:49:59'),
(280, '6632016502', 'MELITA LEYVA', '', '6632016502', 1, '2024-05-15 17:00:10', '2024-05-15 17:00:10'),
(281, '6949566690', 'JESUS TIRADO', '', '6949566690', 1, '2024-05-15 17:43:03', '2024-05-15 17:43:03'),
(282, '6691891264', 'TANIA BARRON', '', '6691891264', 1, '2024-05-15 19:20:29', '2024-05-15 19:20:29'),
(283, '6941196624', 'JESUS ALBERTO AGUIRRE', '', '6941196624', 1, '2024-05-16 16:24:47', '2024-05-16 16:24:47'),
(284, '6699251471', 'MORE SILVA', '', '6699251471', 1, '2024-05-16 16:51:54', '2024-05-16 16:51:54'),
(285, '6694310664', 'CLAUDIA SALAZAR', '', '6694310664', 1, '2024-05-16 18:58:45', '2024-05-16 18:58:45'),
(286, '6692688160', 'DIEGO VALDEZ', '', '6692688160', 1, '2024-05-17 00:27:25', '2024-05-17 00:27:25'),
(287, '6941181510', 'ADELA VALDEZ FIGUEROA', '', '6941181510', 1, '2024-05-18 17:36:08', '2024-05-18 17:36:08'),
(290, '6693250402', 'CRISTIAN AYALA', '', '6693250402', 1, '2024-05-18 17:38:46', '2024-05-18 17:38:46'),
(291, '6688221470', 'MONICA VALERIA SAUCEDO', '', '6688221470', 1, '2024-05-20 18:42:31', '2024-05-20 18:42:31'),
(292, '6941387573', 'PEDRO LABRADOR', '', '6941387573', 1, '2024-05-20 18:43:13', '2024-05-20 18:43:13'),
(293, '6693335157', 'KARLA PARTIDA', '', '6693335157', 1, '2024-05-21 01:37:18', '2024-05-21 01:37:18'),
(295, '6691473542', 'JESUS ROMO', '', '6691473542', 1, '2024-05-21 03:32:24', '2024-05-21 03:32:24'),
(296, '6941108474', 'ARMANDO HERNANDEZ', '', '6941108474', 1, '2024-05-21 16:36:56', '2024-05-21 16:36:56'),
(297, '6949515605', 'MARIBEL PERAZA', '', '6949515605', 1, '2024-05-22 02:34:30', '2024-05-22 02:34:30'),
(298, '6941086961', 'DIANA OSUNA', '', '6941086961', 1, '2024-05-22 17:55:33', '2024-05-22 17:55:33'),
(299, '6941197595', 'KEVIN VIZCARRA', '', '6941197595', 1, '2024-05-22 19:23:46', '2024-05-22 19:23:46'),
(300, '6941138704', 'GABRIELA OSUNA', '', '6941138704', 1, '2024-05-23 16:42:46', '2024-05-23 16:42:46'),
(301, '6691997007', 'HORTENCIA LOPEZ', '', '6691997007', 1, '2024-05-23 18:18:46', '2024-05-23 18:18:46'),
(302, '6941109357', 'JUSTINA RIVERA', '', '6941109357', 1, '2024-05-24 17:15:20', '2024-05-24 17:15:20'),
(303, '6692663331', 'JAVIER MADERA', '', '6692663331', 1, '2024-05-26 02:30:16', '2024-05-26 02:30:16'),
(304, '6941088515', 'DULCE MARIA HAROS SARABIA', '', '6941088515', 1, '2024-05-26 02:32:13', '2024-05-26 02:32:13'),
(306, '6941089482', 'CINTHIA PERAZA', '', '6941089482', 1, '2024-05-26 02:34:17', '2024-05-26 02:34:17'),
(307, '3231937063', 'ALEXIA ESPERICUETA', '', '3231937063', 1, '2024-05-27 16:26:24', '2024-05-27 16:26:24'),
(308, '6691554034', 'BERENICE SILVA', '', '6691554034', 1, '2024-05-27 20:03:52', '2024-05-27 20:03:52'),
(309, '6692296679', 'HECTOR EDUARDO', '', '6692296679', 1, '2024-05-28 01:39:37', '2024-05-28 01:39:37'),
(310, '6941156472', 'CATALINA DE LA ROSA', '', '6941156472', 1, '2024-05-29 00:31:33', '2024-05-29 00:31:33'),
(311, '6941167586', 'MARIELOS', '', '6941167586', 1, '2024-05-29 01:20:22', '2024-05-29 01:20:22'),
(312, '6692452949', 'LOURDES LANGARICA', '', '6692452949', 1, '2024-05-29 01:21:29', '2024-05-29 01:21:29'),
(313, '6692559652', 'DIANA NIEBLAS', '', '6692559652', 1, '2024-05-31 01:35:53', '2024-05-31 01:35:53'),
(314, '6941085456', 'ERIKA GARCIA', '', '6941085456', 1, '2024-05-31 20:39:04', '2024-05-31 20:39:04'),
(315, '6693251386', 'ALEXANDER BAEZA', '', '6678135126', 1, '2024-06-01 00:09:00', '2024-06-01 00:09:00'),
(316, '6941156760', 'JESUS ANTONIO VIZCARRA DOMINGUEZ', '', '6941156760', 1, '2024-06-01 00:18:11', '2024-06-01 00:18:11'),
(317, '6692284572', 'PERLA GUADALUPE REYES', '', '6692284572', 1, '2024-06-01 02:29:17', '2024-06-01 02:29:17'),
(318, '6699940948', 'EUGENIO CRUZ ARMENTA', '-', '6699940948', 1, '2024-06-01 18:50:55', '2024-06-18 17:48:42'),
(319, '6949562628', 'CARLOS ANTONIO GALLEGOS', '', '6949562628', 1, '2024-06-03 17:26:28', '2024-06-03 17:26:28'),
(320, '6941156558', 'JOSE LUIS ORTEGA RAMOS', '', '6941156558', 1, '2024-06-03 18:38:02', '2024-06-03 18:38:02'),
(321, '6949515329', 'MARIA GARZON', '', '6949515329', 1, '2024-06-03 18:39:41', '2024-06-03 18:39:41'),
(322, '6691601283', 'MARY REYES', '', '6691601283', 1, '2024-06-03 18:48:57', '2024-06-03 18:48:57'),
(323, '6949566753', 'ANGEL ARCE', '', '6949566753', 1, '2024-06-03 19:05:14', '2024-06-03 19:05:14'),
(324, '6941108426', 'MARIA GPE ROJAS', '', '6941108426', 1, '2024-06-04 01:31:45', '2024-06-04 01:31:45'),
(326, '6941155972', 'ANTONIO DE JESUS VALDEZ GARCIA', '', '6941155972', 1, '2024-06-04 03:07:56', '2024-06-04 03:07:56'),
(330, '6941130379', 'BELEN REYES MARTIN', '', '6941130379', 1, '2024-06-04 17:16:16', '2024-06-04 17:16:16'),
(331, '6941173130', 'ANGELA PERAZA', '', '6941173130', 1, '2024-06-06 00:36:50', '2024-06-06 00:36:50'),
(332, '6949568767', 'TITINO', '', '6949568767', 1, '2024-06-06 00:50:58', '2024-06-06 00:50:58'),
(333, '6694326190', 'NOHEMI LOPEZ', '', '6694326190', 1, '2024-06-06 03:28:05', '2024-06-06 03:28:05'),
(334, '6941192715', 'ALVINO TIRADO', '', '6941192715', 1, '2024-06-06 20:33:53', '2024-06-06 20:33:53'),
(335, '6941153409', 'KARLA AGUILAR TIRADO', '', '6941153409', 1, '2024-06-09 00:28:19', '2024-06-09 00:28:19'),
(336, '6941084605', 'ANDY SILVA CABRERA', '', '6941084605', 1, '2024-06-09 00:29:07', '2024-06-09 00:29:07'),
(337, '6941153791', 'LUPITA TIRADO', '', '6941153791', 1, '2024-06-09 02:05:51', '2024-06-09 02:05:51'),
(338, '6941194501', 'LUIS ROJAS', '', '6941194501', 1, '2024-06-10 20:55:57', '2024-06-10 20:55:57'),
(339, '6941133527', 'SUSANA LIZARRAGA', '', '6941133527', 1, '2024-06-11 02:40:34', '2024-06-11 02:40:34'),
(340, '6691595774', 'MARIA GPE LOPEZ', '', '6691595774', 1, '2024-06-11 16:33:47', '2024-06-11 16:33:47'),
(341, '6691670665', 'FLOR CORONADO', '', '6691670665', 1, '2024-06-11 16:48:37', '2024-06-11 16:48:37'),
(342, '6692695463', 'RUBEN ALBERTO TERAN OLIVAS', '', '6692695463', 1, '2024-06-11 20:14:02', '2024-06-11 20:14:02'),
(343, '6941167751', 'MARCO ANTONIO PEREZ', '', '6941167751', 1, '2024-06-11 20:17:51', '2024-06-11 20:17:51'),
(344, '6941185173', 'DOMINGO PAEZ BRITO', '', '6941185173', 1, '2024-06-12 02:11:37', '2024-06-12 02:11:37'),
(345, '6941160206', 'FABIOLA CASTRO', '', '6941160206', 1, '2024-06-15 19:01:41', '2024-06-15 19:01:41'),
(346, '6693296178', 'ROSARIO FABIAN', '', '6693296178', 1, '2024-06-17 19:57:59', '2024-06-17 19:57:59'),
(347, '6692293806', 'LUZ BRITO', '', '6692293806', 1, '2024-06-18 01:05:57', '2024-06-18 01:05:57'),
(348, '6699333886', 'HEXTOR VIZCARRA', '', '6699333886', 1, '2024-06-18 01:31:34', '2024-06-18 01:31:34'),
(349, '6691463035', 'JOSE MORENO', '', '6691463035', 1, '2024-06-18 17:52:59', '2024-06-18 17:52:59'),
(350, '6941150267', 'ABIGAIL RAMOS', '', '6941150267', 1, '2024-06-19 00:59:35', '2024-06-19 00:59:35'),
(351, '6692753840', 'MARIA DEL SOCORRO CASTELLANOS', '', '6692753840', 1, '2024-06-21 19:13:49', '2024-06-21 19:13:49'),
(354, '6692245377', 'ANTONIO PARENTE', '', '6692245377', 1, '2024-06-24 20:30:39', '2024-06-24 20:30:39'),
(355, '6941130999', 'SILVIA OSUNA ARIAS', '', '6692134715', 1, '2024-06-25 02:53:56', '2024-06-25 02:53:56'),
(356, '6691964350', 'NADIA PROA', '', '6691964350', 1, '2024-06-26 18:19:01', '2024-06-26 18:19:01'),
(357, '6949563914', 'MARIA DEL SOCORRO', '', '6949563914', 1, '2024-06-26 18:22:31', '2024-06-26 18:22:31'),
(358, '6691276088', 'MARLEN LIZARRAGA', '', '6691276088', 1, '2024-06-26 19:49:45', '2024-06-26 19:49:45'),
(360, '6181555776', 'CINTHIA D', '', '6181555776', 1, '2024-06-29 02:56:17', '2024-06-29 02:56:17'),
(361, '6693123367', 'MICHEL PEREZ ARAGON', '', '6693123367', 1, '2024-06-29 03:01:13', '2024-06-29 03:01:13'),
(362, '6691684794', 'CELESTINO GARCIA LEYVA', '', '6691684794', 1, '2024-06-30 00:18:20', '2024-06-30 00:18:20'),
(363, '6694410031', 'GUSTAVO OCHOA', '', '6694410031', 1, '2024-07-01 18:12:41', '2024-07-01 18:12:41'),
(364, '6643374735', 'SEVERIANO AGUILAR', '', '6643374735', 1, '2024-07-01 18:20:08', '2024-07-01 18:20:08'),
(365, '6691183609', 'YELENY LABRADOR', '-', '6691183609', 1, '2024-07-01 18:21:36', '2024-07-01 18:23:04'),
(366, '6941135024', 'NAYOMI MIRANDA', '', '6941135024', 1, '2024-07-01 18:24:08', '2024-07-01 18:24:08'),
(367, '6699204428', 'JOSE LUIS ROJAS DURAN', '', '6699204428', 1, '2024-07-02 17:06:41', '2024-07-02 17:06:41'),
(368, '6692254445', 'ROSA ISELA GAXIOLA', '-', '6692254445', 1, '2024-07-02 17:07:43', '2024-07-04 16:48:51'),
(369, '6751060335', 'SARELY ARGUMANIZ', '', '6751060335', 1, '2024-07-02 18:54:38', '2024-07-02 18:54:38'),
(370, '6671229384', 'COPI', '', '6671229384', 1, '2024-07-04 17:07:59', '2024-07-04 17:07:59'),
(371, '6941132305', 'YOLANDA GUEVARA', '', '6941132305', 1, '2024-07-05 00:45:22', '2024-07-05 00:45:22'),
(372, '6694380928', 'RAUL MENDOZA', '', '6694380928', 1, '2024-07-05 00:54:57', '2024-07-05 00:54:57'),
(373, '6691007864', 'CARLOS ALEJANDRO BLANCO VARGAS', '', '6691007864', 1, '2024-07-05 01:32:30', '2024-07-05 01:32:30'),
(374, '6694462274', 'ANGELICA FIGUEROA', '', '6694462274', 1, '2024-07-05 18:26:44', '2024-07-05 18:26:44'),
(375, '6692395290', 'EZEQUIEL RIOS', '', '6692395290', 1, '2024-07-05 20:36:31', '2024-07-05 20:36:31'),
(376, '6691172066', 'FROYLAND CAMACHO', '', '6691172066', 1, '2024-07-06 18:51:09', '2024-07-06 18:51:09'),
(377, '6692175291', 'ANALLELY SALAZAR VALENZUELA', '', '6692175291', 1, '2024-07-07 03:02:20', '2024-07-07 03:02:20'),
(378, '6691624120', 'JOSE RIVERA', '', '6691624120', 1, '2024-07-07 03:03:21', '2024-07-07 03:03:21'),
(379, '6751225046', 'AZUCENA CONTRERAS', '', '6751225046', 1, '2024-07-07 03:04:04', '2024-07-07 03:04:04'),
(380, '6691666543', 'ARMANDO PLAZA', '', '6691666543', 1, '2024-07-08 19:08:25', '2024-07-08 19:08:25'),
(381, '6692697397', 'YARELI PEREZ', '', '6692697397', 1, '2024-07-08 19:24:43', '2024-07-08 19:24:43'),
(382, '6941642082', 'BLANCA ESPINOZA', '', '6941642082', 1, '2024-07-09 16:27:53', '2024-07-09 16:27:53'),
(383, '6941381029', 'ALONDRA RIOS', '', '6941381029', 1, '2024-07-10 17:27:25', '2024-07-10 17:27:25'),
(384, '6941382693', 'LUIS EDUARDO CHAVEZ', '', '6941382693', 1, '2024-07-11 19:51:18', '2024-07-11 19:51:18'),
(385, '6693336123', 'ANDRES GARCIA', '', '6693336123', 1, '2024-07-12 00:45:52', '2024-07-12 00:45:52'),
(386, '6941088155', 'MARTIN ONTIVEROS', '', '6941088155', 1, '2024-07-13 00:33:00', '2024-07-13 00:33:00'),
(390, '6691994796', 'AGUSTIN ARIAS', '', '6691994796', 1, '2024-07-16 00:08:37', '2024-07-16 00:08:37'),
(391, '6691380100', 'JULIO CESAR OCHOA NORIEGA', '', '6691380100', 1, '2024-07-16 02:32:56', '2024-07-16 02:32:56'),
(392, '6122015261', 'ROSA EMMA LIZARRAGA', '', '6122015261', 1, '2024-07-16 19:27:31', '2024-07-16 19:27:31'),
(393, '6692241027', 'ALFREDO FLORES', '', '6692241027', 1, '2024-07-17 16:55:02', '2024-07-17 16:55:02'),
(394, '6941183227', 'EFRAIN OBESO', '', '6941183227', 1, '2024-07-17 17:36:25', '2024-07-17 17:36:25'),
(395, '6941197147', 'JESUS ARAGON', '', '6941197147', 1, '2024-07-18 01:16:42', '2024-07-18 01:16:42'),
(397, '6941186503', 'JOSE ANTONIO QUINTERO', 'CONCORDIA CENTRO', '6941186503', 1, '2024-07-19 03:07:44', '2024-07-19 03:07:44'),
(398, '6691614127', 'DIEGO ANTONIO', '', '6691614127', 1, '2024-07-19 19:48:12', '2024-07-19 19:48:12'),
(399, '6692279325', 'ICA', '', '6692279325', 1, '2024-07-19 19:49:11', '2024-07-19 19:49:11'),
(400, '6941382804', 'MARIANA CALDERON', '', '6941382804', 1, '2024-07-20 00:14:27', '2024-07-20 00:14:27'),
(401, '6949567415', 'CARLOS TIRADO', '', '6949567415', 1, '2024-07-22 18:16:31', '2024-07-22 18:16:31'),
(402, '6941197201', 'SILVIA OSUNA', '', '6941197201', 1, '2024-07-22 19:37:40', '2024-07-22 19:37:40'),
(403, '6181840539', 'DANIEL SILVA', '', '6181840539', 1, '2024-07-22 20:28:18', '2024-07-22 20:28:18'),
(404, '6691063498', 'JESUS MANUEL GONZALEZ', '', '6691063498', 1, '2024-07-23 17:28:33', '2024-07-23 17:28:33'),
(405, '6941150255', 'ELVIA MENDOZA', '', '6941150255', 1, '2024-07-23 18:17:03', '2024-07-23 18:17:03'),
(406, '6692152562', 'PEDRO LABRADOR', '', '6692152562', 1, '2024-07-24 17:43:52', '2024-07-24 17:43:52'),
(407, '6949562231', 'MARTIN SILVA DIAZ', '', '6949562231', 1, '2024-07-26 21:25:47', '2024-07-26 21:25:47'),
(408, '6949515555', 'JUAN LIZARRAGA', '', '6949515555', 1, '2024-07-27 00:18:53', '2024-07-27 00:18:53'),
(411, '6949517976', 'ROSY IBARRA', '', '6949517976', 1, '2024-07-27 00:24:11', '2024-07-27 00:24:11'),
(412, '6949518626', 'MARIA ELENA ORTEGA PEREZ', '-', '6692735222', 1, '2024-07-31 01:27:07', '2024-07-31 01:27:58'),
(413, '6941642920', 'BRYAN PIMENTEL', '', '6941642920', 1, '2024-07-31 02:02:05', '2024-07-31 02:02:05'),
(414, '6941187697', 'FILIBERTO LIZARRAGA', '', '6941187697', 1, '2024-07-31 17:32:26', '2024-07-31 17:32:26'),
(415, '6692496755', 'DONACIANO RAMOS', '', '6692496755', 1, '2024-07-31 18:30:17', '2024-07-31 18:30:17'),
(416, '6941164075', 'GUADALUPE RIOS OLIVAS', '', '6941164075', 1, '2024-08-01 01:00:22', '2024-08-01 01:00:22'),
(419, '6941137341', 'YOEL FEDERICO', '', '6941137341', 1, '2024-08-01 01:38:36', '2024-08-01 01:38:36'),
(420, '6692142776', 'CASANDRA AGUILAR', '', '6692142776', 1, '2024-08-01 17:17:40', '2024-08-01 17:17:40'),
(421, '6941194213', 'JESUS ARIEL', '', '6941194213', 1, '2024-08-01 19:16:48', '2024-08-01 19:16:48'),
(424, '6692738666', 'ESMERALDA MARTINEZ', '', '6692738666', 1, '2024-08-02 01:07:45', '2024-08-02 01:07:45'),
(425, '6691661336', 'IMELDA DIAZ', '', '6691661336', 1, '2024-08-02 18:45:46', '2024-08-02 18:45:46'),
(428, '6941154399', 'OFELIA LIZARRAGA', '', '6941154399', 1, '2024-08-03 18:54:16', '2024-08-03 18:54:16'),
(429, '6692516475', 'MARCOS TORRES', '', '6692516475', 1, '2024-08-03 22:24:23', '2024-08-03 22:24:23'),
(430, '6699254625', 'JAIME VILLEDA', '', '6699254625', 1, '2024-08-05 18:04:34', '2024-08-05 18:04:34'),
(431, '6672632041', 'LUIS ALFREDO', '', '6672632041', 1, '2024-08-06 01:37:34', '2024-08-06 01:37:34'),
(432, '9612019071', 'ELENA TIRADO', '', '9612019071', 1, '2024-08-07 00:06:42', '2024-08-07 00:06:42'),
(433, '6694319525', 'ROLANDO DURAN', '', '6694319525', 0, '2024-08-07 17:21:08', '2024-08-08 19:33:48'),
(434, '6941319525', 'ROLANDO DURAN', '', '6941319525', 0, '2024-08-07 19:04:55', '2024-08-08 19:33:31'),
(435, '6691593217', 'YOEL FEDERICO', '', '6691593217', 1, '2024-08-07 20:59:27', '2024-08-07 20:59:27'),
(436, '6941084544', 'NEREYDA MOYA', '', '6941084544', 1, '2024-08-08 02:35:59', '2024-08-08 02:35:59'),
(437, '6692445339', 'JANET TORRES', '', '6692445339', 1, '2024-08-08 19:30:42', '2024-08-08 19:30:42'),
(438, '6691518109', 'JUAN MANUEL', '', '6691518109', 1, '2024-08-09 01:06:46', '2024-08-09 01:06:46'),
(439, '6949517242', 'JUAN MANUEL', '', '6949517242', 1, '2024-08-10 00:56:51', '2024-08-10 00:56:51'),
(440, '6699186496', 'MIRIAM ARAGON', '', '6699186496', 1, '2024-08-10 18:29:46', '2024-08-10 18:29:46'),
(441, '6941647873', 'MARIO NUÑEZ', '', '6941647873', 1, '2024-08-12 17:45:08', '2024-08-12 17:45:08'),
(442, '6692521773', 'JOHANA PEREZ', '', '6692521773', 1, '2024-08-12 21:26:34', '2024-08-12 21:26:34'),
(443, '6941158501', 'YOEL FEDERICO', '', '6941158501', 1, '2024-08-13 19:37:03', '2024-08-13 19:37:03'),
(444, '6692770977', 'GUADALUPE REYES', '', '6692770977', 1, '2024-08-13 19:43:00', '2024-08-13 19:43:00'),
(445, '6941642967', 'KENIA CABRERA', '', '6941642967', 1, '2024-08-13 21:02:28', '2024-08-13 21:02:28'),
(446, '6692144120', 'ISRAEL NIEBLAS CHAVEZ', '', '6692144120', 1, '2024-08-14 17:01:10', '2024-08-14 17:01:10'),
(447, '6674609895', 'SALVADOR FERNANDEZ', '', '6674609895', 1, '2024-08-15 19:13:56', '2024-08-15 19:13:56'),
(448, '6941138788', 'GUADALUPE GARAY', '', '6941138788', 1, '2024-08-16 00:27:13', '2024-08-16 00:27:13'),
(449, '6949566490', 'CESAR AROCHE', '', '6949566490', 1, '2024-08-16 01:11:06', '2024-08-16 01:11:06'),
(450, '3272156497', 'FABIAN DOMINGUEZ', '', '3272156497', 1, '2024-08-16 18:16:49', '2024-08-16 18:16:49'),
(451, '6691634157', 'KARLA CANIZALES', '', '6691634157', 1, '2024-08-17 01:06:37', '2024-08-17 01:06:37'),
(452, '6692362591', 'KARINA GARZON', '', '6692362591', 1, '2024-08-17 19:34:22', '2024-08-17 19:34:22'),
(453, '6692151383', 'ARABELLA GALINDO RAMOS', '', '6692151383', 1, '2024-08-18 01:01:03', '2024-08-18 01:01:03'),
(454, '6692669856', 'YOLANDA PASOS', '', '6692669856', 1, '2024-08-19 17:35:49', '2024-08-19 17:35:49'),
(455, '6941194346', 'ELEAZAR LEYVA', '', '6941194346', 1, '2024-08-19 19:12:43', '2024-08-19 19:12:43'),
(456, '6941174632', 'JESUS GAEL RAMOS GUEVARA', '', '6941174632', 1, '2024-08-19 20:36:14', '2024-08-19 20:36:14'),
(457, '6691141176', 'RAUL GUERRERO', '', '6691141176', 1, '2024-08-20 00:21:29', '2024-08-20 00:21:29'),
(458, '6941192197', 'RUTH CONTRERAS', '', '6941192197', 1, '2024-08-20 20:25:42', '2024-08-20 20:25:42'),
(459, '6692303883', 'ESTER TORRES', '', '6692303883', 1, '2024-08-21 19:29:17', '2024-08-21 19:29:17'),
(460, '6692291695', 'ROSA VALDES', '', '6692291695', 1, '2024-08-23 00:31:41', '2024-08-23 00:31:41'),
(461, '6941176919', 'ROSENDO LABRADOR', '', '6941176919', 1, '2024-08-23 17:01:44', '2024-08-23 17:01:44'),
(462, '6941174421', 'ROSARIO MENDOZA', '', '6941174421', 1, '2024-08-23 20:01:34', '2024-08-23 20:01:34'),
(463, '6691169043', 'ANGELES DIAZ', '', '6691169043', 1, '2024-08-23 20:22:33', '2024-08-23 20:22:33'),
(464, '6691131872', 'LIZBETH VELAZQUEZ', '', '6691131872', 1, '2024-08-24 00:35:51', '2024-08-24 00:35:51'),
(465, '6691546668', 'ELIZA RUIZ', '-', '6691546668', 1, '2024-08-24 18:04:07', '2024-09-05 00:31:01'),
(466, '6941155526', 'ANDRES CANIZALEZ', 'CONCORDIA CENTRO', '6941155526', 1, '2024-08-25 02:18:25', '2024-08-25 02:18:25'),
(467, '6941197495', 'JUAN RAMON SALAS', '', '6941197495', 1, '2024-08-26 17:08:41', '2024-08-26 17:08:41'),
(468, '6951199465', 'RENE SANCHEZ', '', '6951199465', 1, '2024-08-26 17:10:58', '2024-08-26 17:10:58'),
(469, '6691655340', 'JUANY ZATARAIN', '', '6691655340', 1, '2024-08-26 18:29:20', '2024-08-26 18:29:20'),
(470, '6699416700', 'CESAR LARA', '', '6699416700', 1, '2024-08-27 21:14:50', '2024-08-27 21:14:50'),
(471, '6691495076', 'EVELIA RUEDA', '', '6691495076', 1, '2024-08-28 00:15:47', '2024-08-28 00:15:47'),
(472, '4272996162', 'CINTYA RAMOS', '', '4272996162', 1, '2024-08-28 00:17:22', '2024-08-28 00:17:22'),
(473, '6941640690', 'ESCUELA JOSEFA ORTIZ D', '', '6941640690', 1, '2024-08-28 16:44:10', '2024-08-28 16:44:10'),
(474, '6941083049', 'SEBASTIAN SALAZAR', '', '6941083049', 1, '2024-08-28 16:45:03', '2024-08-28 16:45:03'),
(475, '6941137371', 'GABRIEL RIOS', '', '6941137371', 1, '2024-08-28 17:28:14', '2024-08-28 17:28:14'),
(476, '6941085282', 'SEBASTIANA VIZCARRA', '', '6941085282', 1, '2024-08-28 17:29:41', '2024-08-28 17:29:41'),
(477, '6941087981', 'SILVIA MARTINEZ', '', '6941087981', 1, '2024-08-28 17:59:07', '2024-08-28 17:59:07'),
(478, '6692621010', 'DANIELA VELARDE', '', '6692621010', 1, '2024-08-28 19:24:47', '2024-08-28 19:24:47'),
(479, '6693312037', 'MARCELA MENDOZA', '', '6693312037', 1, '2024-08-29 00:57:47', '2024-08-29 00:57:47'),
(480, '6692502865', 'ALBERTO VALENZUELA', '', '6692502865', 1, '2024-08-30 00:29:32', '2024-08-30 00:29:32'),
(481, '6693334088', 'INGRID PEREZ', '', '6693334088', 1, '2024-08-30 17:33:19', '2024-08-30 17:33:19'),
(482, '6691461092', 'JUAN ANTONIO PASOS', '', '6691461092', 1, '2024-08-30 18:00:34', '2024-08-30 18:00:34'),
(483, '6949562723', 'ZAYDA SANCHEZ', '', '6949562723', 1, '2024-08-31 20:03:42', '2024-08-31 20:03:42'),
(484, '6694380381', 'ANA CRISTINA SALAS SOTO', 'CONCORDIA CENTRO', '6694380381', 1, '2024-09-01 00:53:20', '2024-09-01 00:53:20'),
(485, '6941159800', 'MARTHA SELENE LIZARRAGA TIRADO', '', '6941159800', 1, '2024-09-03 02:05:06', '2024-09-03 02:05:06'),
(486, '6692498762', 'JAZMIN SANCHEZ', '', '6692498762', 1, '2024-09-05 00:19:23', '2024-09-05 00:19:23'),
(487, '6949560573', 'ANGEL RUBEN VALDES', '', '6949560573', 1, '2024-09-05 16:36:08', '2024-09-05 16:36:08'),
(488, '6692552224', 'PAUL ALEXANDER', '', '6692552224', 1, '2024-09-09 20:24:00', '2024-09-09 20:24:00'),
(489, '6182052089', 'BRANDON JOVANI', '', '6182052089', 1, '2024-09-11 00:14:27', '2024-09-11 00:14:27'),
(490, '6941137592', 'YADIRA QUIÑONEZ', '', '6941137592', 1, '2024-09-11 00:16:02', '2024-09-11 00:16:02'),
(491, '6941105248', 'CARLOS LIZARRAGA', '', '6941105248', 1, '2024-09-11 01:07:56', '2024-09-11 01:07:56'),
(492, '6694465031', 'DIANA BERNAL', '', '6694465031', 1, '2024-09-14 17:20:10', '2024-09-14 17:20:10'),
(493, '6671458423', 'WENDY GONZALEZ', '', '6671458423', 1, '2024-09-14 20:57:55', '2024-09-14 20:57:55'),
(494, '6692237527', 'CARMEN JULIA SILVA', '', '6692237527', 1, '2024-09-17 17:52:49', '2024-09-17 17:52:49'),
(495, '6694368820', 'GILBERTO RUIZ', '', '6694368820', 1, '2024-09-18 18:19:18', '2024-09-18 18:19:18'),
(496, '6691740197', 'KARLA GALINDO', '', '6691740197', 1, '2024-09-18 19:42:23', '2024-09-18 19:42:23'),
(497, '6941131677', 'BELEN CAROLINA', '', '6941131677', 1, '2024-09-18 21:02:54', '2024-09-18 21:02:54'),
(498, '6941647858', 'ADELA LIZARRAGA', '', '6941647858', 1, '2024-09-20 01:41:53', '2024-09-20 01:41:53'),
(499, '6941087009', 'YURIDIA MENDEZ', '', '6941087009', 1, '2024-09-20 01:43:58', '2024-09-20 01:43:58'),
(500, '6691731578', 'RAFAEL VELARDE', '', '6691731578', 1, '2024-09-20 16:27:13', '2024-09-20 16:27:13'),
(501, '6941136968', 'JOSE ANTONIO DIAZ', '', '6941136968', 1, '2024-09-21 00:19:44', '2024-09-21 00:19:44'),
(502, '6949561153', 'CLAUDIA PIMENTEL', '', '6949561153', 1, '2024-09-21 19:20:42', '2024-09-21 19:20:42'),
(503, '6691961689', 'JUAN CARLOS', 'CONCORDIA CENTRO', '6691961689', 1, '2024-09-22 01:39:03', '2024-09-22 01:39:03'),
(504, '6941163991', 'ERIKA TORRES', '', '6941163991', 1, '2024-09-23 19:38:00', '2024-09-23 19:38:00'),
(505, '6691632205', 'SUSANA RIOS RAMOS', '', '6692646411', 1, '2024-09-24 02:44:27', '2024-09-24 02:44:27'),
(506, '6311083810', 'CRISTIAN RUIZ', '', '6311083810', 1, '2024-09-24 18:18:25', '2024-09-24 18:18:25'),
(507, '6941153252', 'JOSE ALFONSO LOPEZ', '', '6941153252', 1, '2024-09-25 17:24:52', '2024-09-25 17:24:52'),
(508, '6691552038', 'CESAR VALDES', '', '6691552038', 1, '2024-09-25 17:32:27', '2024-09-25 17:32:27'),
(509, '6941161008', 'MARIANA ZEPEDA', '', '6941161008', 1, '2024-09-28 00:40:03', '2024-09-28 00:40:03'),
(510, '6371358971', 'FELICIANA GONZALEZ', '', '6371358971', 1, '2024-09-30 16:32:14', '2024-09-30 16:32:14'),
(511, '6941185849', 'OMAR CABANILLAS', '', '6941185849', 1, '2024-09-30 18:33:07', '2024-09-30 18:33:07'),
(512, '6751060553', 'HUGO DELGADO', '', '6751060553', 1, '2024-09-30 19:16:16', '2024-09-30 19:16:16'),
(513, '6949681486', 'JOSE LUIS SALGADO', '', '6949681486', 1, '2024-10-01 18:22:36', '2024-10-01 18:22:36'),
(514, '6692186271', 'EDUARDO CABRERA', '', '6692186271', 1, '2024-10-02 17:37:34', '2024-10-02 17:37:34'),
(515, '6941164277', 'EDUARDO SILVA', '', '6941164277', 1, '2024-10-03 00:55:18', '2024-10-03 00:55:18'),
(516, '6941186618', 'ADRIANA', '', '6941186618', 1, '2024-10-03 18:54:11', '2024-10-03 18:54:11'),
(517, '6691297392', 'LUCERO OSUNA', '', '6691297392', 1, '2024-10-04 20:21:00', '2024-10-04 20:21:00'),
(518, '6941082554', 'MIRIAM SALAZAR', '', '6941082554', 1, '2024-10-05 21:59:08', '2024-10-05 21:59:08'),
(519, '6691473342', 'JESUS ALEXANDER ROMO', '', '6691473342', 1, '2024-10-07 18:48:54', '2024-10-07 18:48:54'),
(520, '6941198918', 'TANIA GALLEGOS', '', '6941198918', 1, '2024-10-07 21:27:36', '2024-10-07 21:27:36'),
(521, '6751163006', 'MARIANGEL SILVA CERVANTES', '', '6751163006', 1, '2024-10-09 01:09:31', '2024-10-09 01:09:31'),
(522, '6941131828', 'RAUL RIOS', '', '6941131828', 1, '2024-10-09 18:05:25', '2024-10-09 18:05:25'),
(523, '6751129103', 'MIRANDA DANAHI', '', '6751129103', 1, '2024-10-11 01:04:36', '2024-10-11 01:04:36'),
(524, '6691501971', 'JORGE LUIS TIRADO', '', '6691501971', 1, '2024-10-11 01:07:51', '2024-10-11 01:07:51'),
(525, '6941646406', 'SANTIAGO RIVERA', '', '6941646406', 1, '2024-10-11 19:04:48', '2024-10-11 19:04:48'),
(526, '6691253050', 'MIGUEL GARCIA', '', '6691253050', 1, '2024-10-12 20:43:52', '2024-10-12 20:43:52'),
(527, '6691224321', 'JOSE LUIS FAVELA', '', '6691224321', 1, '2024-10-14 16:26:24', '2024-10-14 16:26:24'),
(528, '6949561152', 'RICARDO VIZCARRA', '', '6949561152', 1, '2024-10-15 17:01:34', '2024-10-15 17:01:34'),
(529, '6941165176', 'ANA KARINA SANCHEZ', '', '6941165176', 1, '2024-10-16 02:31:29', '2024-10-16 02:31:29'),
(530, '6692308175', 'JOSE GUADALUPE CABRERA', '', '6692308175', 1, '2024-10-16 18:06:45', '2024-10-16 18:06:45'),
(531, '6941183408', 'JOSE DAVID VARGAS', '', '6941183408', 1, '2024-10-18 18:08:43', '2024-10-18 18:08:43'),
(532, '6691646961', 'JOSE ANGEL SANCHEZ', '', '6691646961', 1, '2024-10-18 18:09:51', '2024-10-18 18:09:51'),
(533, '6691600907', 'CHARO GARZON', '', '6691600907', 1, '2024-10-18 18:51:02', '2024-10-18 18:51:02'),
(534, '6941185711', 'FIDEL HERNDEZ CASTRO', '', '6941185711', 1, '2024-10-19 17:43:30', '2024-10-19 17:43:30'),
(535, '6692141518', 'MARIA LUISA LEYVA', '', '6692141518', 1, '2024-10-21 17:55:42', '2024-10-21 17:55:42'),
(536, '6692449702', 'ADRIANA LIZARRAGA', '', '6692449702', 1, '2024-10-21 17:56:20', '2024-10-21 17:56:20'),
(537, '6941191345', 'EDGAR PERAZA', '', '6941191345', 1, '2024-10-22 00:10:02', '2024-10-22 00:10:02'),
(538, '6941130145', 'MARIA GPE VARGAS', '', '6941130145', 1, '2024-10-24 00:46:23', '2024-10-24 00:46:23'),
(539, '8137059386', 'ITZEL LUGO', '', '8137059386', 1, '2024-10-25 21:01:19', '2024-10-25 21:01:19'),
(540, '6941188142', 'JOSUE GUADALUPE', '', '6941188142', 1, '2024-10-26 19:09:14', '2024-10-26 19:09:14'),
(541, '6692780619', 'JOSE ANGEL SILVA', '', '6692780619', 1, '2024-10-26 19:10:07', '2024-10-26 19:10:07');
INSERT INTO `clientes` (`id`, `telefono`, `nombre`, `direccion`, `telefono_contacto`, `disponible`, `created_at`, `updated_at`) VALUES
(542, '6949514932', 'MARTHA LEYVA LIZARRAGA', '', '6941150314', 1, '2024-10-29 00:20:31', '2024-10-29 00:20:31'),
(543, '6142235588', 'JESUS PONCE', '', '6142235588', 1, '2024-10-30 00:56:51', '2024-10-30 00:56:51'),
(544, '6692540398', 'CARMEN SILVA', '', '6692540398', 1, '2024-10-31 00:34:22', '2024-10-31 00:34:22'),
(545, '6691298743', 'MARTHA SELENE LIZARRAGA TIRADO', '', '6691298743', 1, '2024-10-31 18:20:18', '2024-10-31 18:20:18'),
(546, '6941163200', 'VERONICA GARAY', '-', '6941163200', 1, '2024-10-31 18:21:31', '2024-10-31 18:23:33'),
(547, '6691223192', 'PAZ LOPEZ VALENZUELA', '', '6691223192', 1, '2024-10-31 18:24:23', '2024-10-31 18:24:23'),
(548, '6691607267', 'GEOVANNY LOPEZ', '', '6691607267', 1, '2024-10-31 18:25:14', '2024-10-31 18:25:14'),
(549, '6941155633', 'GUSTAVO ROJAS', '', '6941155633', 1, '2024-10-31 21:00:16', '2024-10-31 21:00:16'),
(550, '6949516590', 'CINDY GUADALUPE RODRIGUEZ VARGAS', '', '6949516590', 1, '2024-11-02 17:16:31', '2024-11-02 17:16:31'),
(551, '6941087112', 'RICARDO LOAIZA', '', '6941087112', 1, '2024-11-07 17:09:55', '2024-11-07 17:09:55'),
(552, '6941197744', 'DAVID VALDEZ QUEVEDO', '', '6941197744', 1, '2024-11-09 19:25:24', '2024-11-09 19:25:24');

-- --------------------------------------------------------

--
-- Estructura de tabla para la tabla `cobros_estimados_taller`
--

CREATE TABLE `cobros_estimados_taller` (
  `id` bigint(20) UNSIGNED NOT NULL,
  `num_orden` bigint(20) UNSIGNED NOT NULL,
  `cobro_estimado` decimal(8,2) NOT NULL
) ENGINE=InnoDB DEFAULT CHARSET=utf8mb4 COLLATE=utf8mb4_unicode_ci;

--
-- Volcado de datos para la tabla `cobros_estimados_taller`
--

INSERT INTO `cobros_estimados_taller` (`id`, `num_orden`, `cobro_estimado`) VALUES
(1, 122, 950.00),
(1, 123, 761.00),
(1, 124, 1300.00),
(1, 125, 1000.00),
(1, 126, 0.00),
(1, 127, 500.00),
(1, 128, 0.00),
(1, 129, 1550.00),
(1, 130, 300.00),
(1, 131, 250.00),
(1, 132, 250.00),
(1, 133, 500.00),
(1, 134, 650.00),
(1, 135, 550.00),
(1, 136, 450.00),
(1, 137, 300.00),
(1, 138, 0.00),
(1, 139, 0.00),
(1, 140, 0.00),
(1, 142, 0.00),
(1, 145, 850.00),
(1, 146, 661.00),
(1, 147, 950.00),
(1, 148, 850.00),
(1, 149, 750.00),
(1, 150, 1200.00),
(1, 151, 950.00),
(1, 152, 661.00),
(1, 153, 0.00),
(1, 154, 1761.00),
(1, 155, 200.00),
(1, 161, 300.00),
(1, 162, 250.00),
(1, 163, 900.00),
(1, 164, 900.00),
(1, 165, 0.00),
(1, 166, 900.00),
(1, 167, 900.00),
(1, 170, 250.00),
(1, 171, 0.00),
(1, 172, 50.00),
(1, 173, 1200.00),
(1, 174, 900.00),
(1, 175, 900.00),
(1, 183, 1150.00),
(1, 184, 0.00),
(1, 185, 300.00),
(1, 186, 300.00),
(1, 187, 900.00),
(1, 188, 900.00),
(1, 189, 250.00),
(1, 190, 50.00),
(1, 191, 250.00),
(1, 192, 500.00),
(1, 193, 450.00),
(1, 194, 900.00),
(1, 195, 100.00),
(1, 196, 150.00),
(1, 198, 150.00),
(1, 199, 900.00),
(1, 200, 300.00),
(1, 201, 550.00),
(1, 202, 0.00),
(1, 203, 900.00),
(1, 204, 300.00),
(1, 205, 900.00),
(1, 206, 50.00),
(1, 207, 300.00),
(1, 208, 900.00),
(1, 209, 250.00),
(1, 210, 900.00),
(1, 211, 900.00),
(1, 212, 250.00),
(1, 213, 900.00),
(1, 214, 300.00),
(1, 215, 200.00),
(1, 216, 500.00),
(1, 217, 900.00),
(1, 218, 900.00),
(1, 219, 250.00),
(1, 220, 500.00),
(1, 221, 900.00),
(1, 222, 250.00),
(1, 225, 250.00),
(1, 226, 50.00),
(1, 227, 50.00),
(1, 228, 450.00),
(1, 229, 250.00),
(1, 230, 250.00),
(1, 231, 300.00),
(1, 232, 350.00),
(1, 233, 200.00),
(1, 234, 450.00),
(1, 235, 900.00),
(1, 236, 900.00),
(1, 237, 200.00),
(1, 238, 900.00),
(1, 239, 900.00),
(1, 240, 250.00),
(1, 241, 200.00),
(1, 242, 250.00),
(1, 243, 250.00),
(1, 245, 350.00),
(1, 248, 900.00),
(1, 251, 900.00),
(1, 252, 300.00),
(1, 253, 250.00),
(1, 254, 400.00),
(1, 255, 200.00),
(1, 256, 250.00),
(1, 257, 900.00),
(1, 258, 900.00),
(1, 262, 900.00),
(1, 263, 250.00),
(1, 264, 350.00),
(1, 265, 900.00),
(1, 266, 900.00),
(1, 267, 250.00),
(1, 268, 200.00),
(1, 269, 250.00),
(1, 270, 900.00),
(1, 271, 250.00),
(1, 272, 250.00),
(1, 273, 900.00),
(1, 274, 250.00),
(1, 275, 900.00),
(1, 276, 900.00),
(1, 277, 900.00),
(1, 281, 50.00),
(1, 282, 50.00),
(1, 283, 900.00),
(1, 284, 900.00),
(1, 285, 0.00),
(1, 286, 300.00),
(1, 287, 0.00),
(1, 288, 900.00),
(1, 289, 200.00),
(1, 290, 900.00),
(1, 291, 250.00),
(1, 292, 250.00),
(1, 293, 250.00),
(1, 294, 200.00),
(1, 295, 50.00),
(1, 296, 50.00),
(1, 297, 900.00),
(1, 298, 250.00),
(1, 299, 1100.00),
(1, 300, 250.00),
(1, 301, 900.00),
(1, 302, 1350.00),
(1, 303, 250.00),
(1, 304, 250.00),
(1, 305, 900.00),
(1, 306, 200.00),
(1, 307, 900.00),
(1, 308, 250.00),
(1, 309, 250.00),
(1, 310, 900.00),
(1, 311, 900.00),
(1, 312, 50.00),
(1, 313, 900.00),
(1, 316, 111.00),
(1, 317, 900.00),
(1, 318, 900.00),
(1, 319, 900.00),
(1, 320, 250.00),
(1, 321, 900.00),
(1, 323, 250.00),
(1, 324, 400.00),
(1, 325, 200.00),
(1, 326, 750.00),
(1, 327, 150.00),
(1, 328, 50.00),
(1, 329, 900.00),
(1, 330, 400.00),
(1, 331, 900.00),
(1, 332, 300.00),
(1, 333, 200.00),
(1, 334, 250.00),
(1, 335, 900.00),
(1, 336, 300.00),
(1, 337, 300.00),
(1, 338, 500.00),
(1, 339, 900.00),
(1, 340, 900.00),
(1, 341, 900.00),
(1, 342, 500.00),
(1, 345, 200.00),
(1, 346, 500.00),
(1, 347, 250.00),
(1, 348, 50.00),
(1, 349, 200.00),
(1, 350, 200.00),
(1, 351, 900.00),
(1, 352, 900.00),
(1, 353, 900.00),
(1, 354, 900.00),
(1, 355, 300.00),
(1, 356, 200.00),
(1, 357, 900.00),
(1, 358, 900.00),
(1, 359, 900.00),
(1, 360, 900.00),
(1, 361, 900.00),
(1, 363, 200.00),
(1, 364, 250.00),
(1, 365, 350.00),
(1, 366, 900.00),
(1, 367, 900.00),
(1, 368, 900.00),
(1, 369, 300.00),
(1, 370, 250.00),
(1, 371, 200.00),
(1, 372, 200.00),
(1, 373, 900.00),
(1, 374, 200.00),
(1, 375, 200.00),
(1, 376, 250.00),
(1, 377, 200.00),
(1, 378, 900.00),
(1, 379, 900.00),
(1, 380, 250.00),
(1, 381, 350.00),
(1, 382, 900.00),
(1, 383, 500.00),
(1, 386, 200.00),
(1, 387, 400.00),
(1, 388, 900.00),
(1, 389, 900.00),
(1, 390, 250.00),
(1, 391, 150.00),
(1, 392, 300.00),
(1, 393, 550.00),
(1, 394, 900.00),
(1, 395, 250.00),
(1, 396, 900.00),
(1, 397, 111.00),
(1, 398, 200.00),
(1, 399, 1100.00),
(1, 400, 900.00),
(1, 401, 200.00),
(1, 402, 150.00),
(1, 403, 900.00),
(1, 404, 900.00),
(1, 405, 900.00),
(1, 406, 900.00),
(1, 407, 50.00),
(1, 408, 500.00),
(1, 409, 900.00),
(1, 410, 300.00),
(1, 411, 250.00),
(1, 412, 250.00),
(1, 413, 750.00),
(1, 414, 250.00),
(1, 415, 250.00),
(1, 416, 900.00),
(1, 417, 400.00),
(1, 422, 350.00),
(1, 423, 111.00),
(1, 424, 250.00),
(1, 425, 1150.00),
(1, 426, 250.00),
(1, 427, 250.00),
(1, 428, 900.00),
(1, 431, 250.00),
(1, 432, 250.00),
(1, 433, 900.00),
(1, 434, 200.00),
(1, 435, 900.00),
(1, 437, 900.00),
(1, 440, 1100.00),
(1, 441, 900.00),
(1, 442, 200.00),
(1, 443, 250.00),
(1, 444, 900.00),
(1, 445, 1250.00),
(1, 446, 250.00),
(1, 449, 350.00),
(1, 450, 900.00),
(1, 451, 900.00),
(1, 452, 1100.00),
(1, 454, 900.00),
(1, 455, 300.00),
(1, 456, 250.00),
(1, 457, 900.00),
(1, 458, 900.00),
(1, 459, 900.00),
(1, 460, 200.00),
(1, 461, 200.00),
(1, 462, 250.00),
(1, 463, 900.00),
(1, 464, 500.00),
(1, 465, 50.00),
(1, 466, 900.00),
(1, 467, 250.00),
(1, 468, 350.00),
(1, 469, 900.00),
(1, 470, 900.00),
(1, 471, 300.00),
(1, 472, 900.00),
(1, 473, 900.00),
(1, 476, 700.00),
(1, 477, 900.00),
(1, 478, 900.00),
(1, 479, 900.00),
(1, 481, 900.00),
(1, 482, 250.00),
(1, 483, 200.00),
(1, 484, 250.00),
(1, 485, 350.00),
(1, 486, 900.00),
(1, 487, 250.00),
(1, 488, 1250.00),
(1, 489, 250.00),
(1, 490, 250.00),
(1, 491, 900.00),
(1, 492, 900.00),
(1, 493, 300.00),
(1, 495, 250.00),
(1, 496, 1150.00),
(1, 497, 900.00),
(1, 498, 900.00),
(1, 499, 500.00),
(1, 500, 900.00),
(1, 501, 250.00),
(1, 502, 900.00),
(1, 503, 1150.00),
(1, 504, 1150.00),
(1, 505, 900.00),
(1, 506, 900.00),
(1, 507, 900.00),
(1, 508, 250.00),
(1, 509, 350.00),
(1, 510, 900.00),
(1, 511, 900.00),
(1, 512, 400.00),
(1, 513, 900.00),
(1, 514, 111.00),
(1, 515, 900.00),
(1, 516, 900.00),
(1, 517, 900.00),
(1, 519, 250.00),
(1, 523, 250.00),
(1, 524, 900.00),
(1, 525, 1250.00),
(1, 527, 250.00),
(1, 528, 300.00),
(1, 529, 450.00),
(1, 530, 900.00),
(1, 531, 900.00),
(1, 532, 500.00),
(1, 533, 900.00),
(1, 534, 200.00),
(1, 535, 250.00),
(1, 537, 200.00),
(1, 538, 350.00),
(1, 539, 250.00),
(1, 540, 900.00),
(1, 541, 250.00),
(1, 542, 50.00),
(1, 543, 350.00),
(1, 544, 900.00),
(1, 545, 900.00),
(1, 546, 250.00),
(1, 547, 300.00),
(1, 548, 900.00),
(1, 549, 250.00),
(1, 552, 900.00),
(1, 553, 250.00),
(1, 554, 900.00),
(1, 555, 300.00),
(1, 556, 900.00),
(1, 557, 900.00),
(1, 558, 200.00),
(1, 561, 300.00),
(1, 562, 250.00),
(1, 564, 250.00),
(1, 565, 900.00),
(1, 566, 250.00),
(1, 567, 900.00),
(1, 568, 250.00),
(1, 569, 250.00),
(1, 570, 200.00),
(1, 571, 900.00),
(1, 572, 250.00),
(1, 573, 900.00),
(1, 574, 900.00),
(1, 575, 900.00),
(1, 576, 200.00),
(1, 577, 900.00),
(1, 578, 900.00),
(1, 579, 250.00),
(1, 580, 900.00),
(1, 583, 250.00),
(1, 584, 900.00),
(1, 585, 250.00),
(1, 586, 900.00),
(1, 587, 350.00),
(1, 588, 600.00),
(1, 589, 250.00),
(1, 590, 900.00),
(1, 591, 900.00),
(1, 592, 900.00),
(1, 593, 900.00),
(1, 594, 250.00),
(1, 595, 250.00),
(1, 596, 250.00),
(1, 597, 350.00),
(1, 598, 250.00),
(1, 599, 900.00),
(1, 600, 250.00),
(1, 601, 900.00),
(1, 602, 900.00),
(1, 603, 250.00),
(1, 604, 900.00),
(1, 608, 900.00),
(1, 609, 250.00),
(1, 610, 900.00),
(1, 611, 900.00),
(1, 612, 350.00),
(1, 613, 300.00),
(1, 614, 900.00),
(1, 615, 250.00),
(1, 616, 1250.00),
(1, 617, 900.00),
(1, 618, 900.00),
(1, 619, 900.00),
(1, 621, 350.00),
(1, 622, 900.00),
(1, 623, 600.00),
(1, 624, 450.00),
(1, 625, 250.00),
(1, 626, 350.00),
(1, 627, 250.00),
(1, 628, 900.00),
(1, 629, 200.00),
(1, 630, 300.00),
(1, 631, 900.00),
(1, 632, 250.00),
(1, 633, 200.00),
(1, 636, 250.00),
(1, 637, 250.00),
(1, 638, 900.00),
(1, 639, 300.00),
(1, 640, 550.00),
(1, 641, 900.00),
(1, 644, 800.00),
(1, 645, 900.00),
(1, 646, 250.00),
(1, 647, 600.00),
(1, 648, 900.00),
(1, 649, 900.00),
(1, 652, 500.00),
(1, 653, 800.00),
(1, 656, 250.00),
(1, 657, 900.00),
(1, 658, 900.00),
(1, 659, 300.00),
(1, 660, 900.00),
(1, 661, 900.00),
(1, 662, 800.00),
(1, 663, 150.00),
(1, 664, 900.00),
(1, 665, 250.00),
(1, 666, 250.00),
(1, 667, 900.00),
(1, 668, 300.00),
(1, 669, 900.00),
(1, 670, 900.00),
(1, 671, 900.00),
(1, 672, 900.00),
(1, 673, 250.00),
(1, 674, 1200.00),
(1, 675, 300.00),
(1, 676, 250.00),
(1, 677, 1200.00),
(1, 678, 350.00),
(1, 679, 300.00),
(1, 680, 350.00),
(1, 681, 900.00),
(1, 682, 250.00),
(1, 683, 900.00),
(1, 684, 350.00),
(1, 685, 900.00),
(1, 686, 300.00),
(1, 687, 250.00),
(1, 688, 900.00),
(1, 689, 250.00),
(1, 690, 300.00),
(1, 691, 150.00),
(1, 692, 900.00),
(1, 693, 900.00),
(1, 694, 200.00),
(1, 695, 900.00),
(1, 696, 250.00),
(1, 697, 900.00),
(1, 698, 900.00),
(1, 699, 900.00),
(1, 700, 250.00),
(1, 701, 250.00),
(1, 702, 250.00),
(1, 703, 300.00),
(1, 704, 150.00),
(1, 705, 250.00),
(1, 706, 250.00),
(1, 707, 900.00),
(1, 708, 900.00),
(1, 709, 250.00),
(1, 710, 250.00),
(1, 711, 300.00),
(1, 712, 300.00),
(1, 713, 300.00),
(1, 714, 900.00),
(1, 715, 900.00),
(1, 716, 900.00),
(1, 717, 900.00),
(1, 718, 900.00),
(1, 719, 900.00),
(1, 720, 200.00),
(1, 721, 350.00),
(1, 722, 250.00),
(1, 723, 300.00),
(1, 724, 250.00),
(1, 725, 900.00),
(1, 726, 250.00),
(1, 727, 300.00),
(1, 728, 1000.00),
(1, 729, 900.00),
(1, 730, 700.00),
(1, 731, 900.00),
(1, 732, 300.00),
(1, 733, 700.00),
(1, 734, 900.00),
(1, 735, 250.00),
(1, 736, 250.00),
(1, 737, 800.00),
(1, 738, 900.00),
(1, 739, 250.00),
(1, 740, 300.00),
(1, 741, 300.00),
(1, 742, 300.00),
(1, 743, 900.00),
(1, 744, 250.00),
(1, 745, 900.00),
(1, 746, 900.00),
(1, 747, 300.00),
(1, 748, 350.00),
(1, 749, 900.00),
(1, 750, 900.00),
(1, 751, 1000.00),
(1, 752, 150.00),
(1, 753, 900.00),
(1, 754, 250.00),
(1, 755, 300.00),
(1, 756, 300.00),
(1, 757, 250.00),
(1, 758, 900.00),
(1, 759, 200.00),
(1, 760, 900.00),
(1, 761, 250.00),
(1, 762, 300.00),
(1, 763, 200.00),
(1, 764, 300.00),
(1, 765, 250.00),
(1, 766, 900.00),
(1, 767, 200.00),
(1, 768, 300.00),
(1, 769, 900.00),
(1, 770, 900.00),
(1, 771, 1150.00),
(1, 772, 300.00),
(1, 773, 900.00),
(1, 774, 1200.00),
(1, 775, 200.00),
(1, 776, 900.00),
(1, 777, 900.00),
(1, 778, 300.00),
(1, 779, 200.00),
(1, 780, 200.00),
(1, 781, 250.00),
(1, 782, 800.00),
(1, 783, 200.00),
(1, 784, 250.00),
(1, 785, 300.00),
(1, 786, 900.00),
(1, 787, 0.00),
(1, 788, 250.00),
(1, 789, 900.00),
(1, 790, 900.00),
(1, 791, 600.00),
(1, 792, 900.00),
(1, 793, 250.00),
(1, 794, 900.00),
(1, 795, 250.00),
(1, 796, 900.00),
(1, 797, 300.00),
(1, 798, 250.00),
(1, 799, 900.00),
(1, 800, 250.00),
(1, 801, 900.00),
(1, 802, 350.00),
(1, 803, 500.00),
(1, 804, 900.00),
(1, 805, 800.00),
(1, 806, 900.00),
(1, 807, 900.00),
(1, 808, 900.00),
(1, 809, 300.00),
(1, 810, 300.00),
(1, 811, 550.00),
(1, 812, 300.00),
(1, 813, 250.00),
(1, 814, 300.00),
(1, 815, 250.00),
(1, 816, 500.00),
(1, 817, 300.00),
(1, 818, 450.00),
(1, 819, 900.00),
(1, 820, 900.00),
(1, 821, 350.00),
(1, 822, 900.00),
(1, 823, 900.00),
(1, 824, 300.00),
(1, 825, 250.00),
(1, 826, 250.00),
(2, 145, 1100.00),
(2, 202, 900.00),
(2, 213, 1400.00),
(2, 233, 1200.00),
(2, 282, 200.00),
(2, 287, 200.00),
(2, 333, 300.00),
(3, 333, 350.00);

-- --------------------------------------------------------

--
-- Estructura de tabla para la tabla `cobros_taller`
--

CREATE TABLE `cobros_taller` (
  `num_orden` bigint(20) UNSIGNED NOT NULL,
  `fecha` date NOT NULL,
  `cobro_estimado` decimal(8,2) NOT NULL,
  `cobro_realizado` decimal(8,2) NOT NULL,
  `created_at` timestamp NULL DEFAULT NULL,
  `updated_at` timestamp NULL DEFAULT NULL
) ENGINE=InnoDB DEFAULT CHARSET=utf8mb4 COLLATE=utf8mb4_unicode_ci;

--
-- Volcado de datos para la tabla `cobros_taller`
--

INSERT INTO `cobros_taller` (`num_orden`, `fecha`, `cobro_estimado`, `cobro_realizado`, `created_at`, `updated_at`) VALUES
(122, '2024-01-26', 950.00, 950.00, '2024-01-27 02:00:03', '2024-01-27 02:00:03'),
(123, '2024-02-07', 761.00, 761.00, '2024-02-08 01:56:22', '2024-02-08 01:56:22'),
(124, '2024-02-07', 1300.00, 1300.00, '2024-02-08 01:56:06', '2024-02-08 01:56:06'),
(125, '2024-02-07', 1000.00, 1000.00, '2024-02-08 01:56:02', '2024-02-08 01:56:02'),
(126, '2024-01-31', 0.00, 1.00, '2024-02-01 00:53:02', '2024-02-01 00:53:02'),
(127, '2024-02-07', 500.00, 500.00, '2024-02-08 01:56:25', '2024-02-08 01:56:25'),
(128, '2024-01-31', 0.00, 0.00, '2024-02-01 00:51:51', '2024-02-01 00:51:51'),
(129, '2024-02-07', 1550.00, 1550.00, '2024-02-08 01:56:12', '2024-02-08 01:56:12'),
(130, '2024-01-27', 300.00, 300.00, '2024-01-27 21:23:11', '2024-01-27 21:23:11'),
(131, '2024-02-07', 250.00, 250.00, '2024-02-08 01:56:40', '2024-02-08 01:56:40'),
(132, '2024-02-07', 250.00, 250.00, '2024-02-08 01:55:59', '2024-02-08 01:55:59'),
(133, '2024-02-07', 500.00, 500.00, '2024-02-08 01:56:31', '2024-02-08 01:56:31'),
(134, '2024-02-07', 650.00, 650.00, '2024-02-08 01:55:55', '2024-02-08 01:55:55'),
(135, '2024-02-07', 550.00, 550.00, '2024-02-08 01:55:23', '2024-02-08 01:55:23'),
(136, '2024-02-07', 450.00, 450.00, '2024-02-08 01:55:43', '2024-02-08 01:55:43'),
(137, '2024-02-07', 300.00, 300.00, '2024-02-08 01:55:19', '2024-02-08 01:55:19'),
(138, '2024-02-07', 0.00, 0.00, '2024-02-08 01:55:26', '2024-02-08 01:55:26'),
(139, '2024-02-07', 0.00, 0.00, '2024-02-08 01:55:31', '2024-02-08 01:55:31'),
(140, '2024-02-07', 0.00, 0.00, '2024-02-08 01:55:35', '2024-02-08 01:55:35'),
(142, '2024-02-07', 0.00, 0.00, '2024-02-08 01:55:15', '2024-02-08 01:55:15'),
(145, '2024-02-07', 1100.00, 1100.00, '2024-02-08 01:55:39', '2024-02-08 01:55:39'),
(146, '2024-02-07', 661.00, 661.00, '2024-02-08 01:55:47', '2024-02-08 01:55:47'),
(147, '2024-02-07', 950.00, 950.00, '2024-02-08 01:55:11', '2024-02-08 01:55:11'),
(148, '2024-02-07', 850.00, 850.00, '2024-02-08 01:54:49', '2024-02-08 01:54:49'),
(149, '2024-02-07', 750.00, 750.00, '2024-02-08 01:54:43', '2024-02-08 01:54:43'),
(150, '2024-02-07', 1200.00, 1200.00, '2024-02-08 01:54:59', '2024-02-08 01:54:59'),
(151, '2024-02-07', 950.00, 950.00, '2024-02-08 01:54:52', '2024-02-08 01:54:52'),
(152, '2024-02-07', 661.00, 661.00, '2024-02-08 01:54:39', '2024-02-08 01:54:39'),
(153, '2024-02-07', 0.00, 0.00, '2024-02-08 01:54:56', '2024-02-08 01:54:56'),
(154, '2024-02-07', 1761.00, 1761.00, '2024-02-08 01:55:03', '2024-02-08 01:55:03'),
(155, '2024-01-27', 200.00, 200.00, '2024-01-28 01:12:00', '2024-01-28 01:12:00'),
(161, '2024-01-27', 300.00, 300.00, '2024-01-28 01:38:56', '2024-01-28 01:38:56'),
(162, '2024-02-07', 250.00, 250.00, '2024-02-08 01:54:31', '2024-02-08 01:54:31'),
(163, '2024-01-31', 900.00, 900.00, '2024-02-01 01:47:28', '2024-02-01 01:47:28'),
(164, '2024-01-31', 900.00, 0.00, '2024-01-31 19:40:42', '2024-01-31 19:40:42'),
(165, '2024-02-07', 0.00, 0.00, '2024-02-08 01:54:28', '2024-02-08 01:54:28'),
(166, '2024-01-31', 900.00, 900.00, '2024-01-31 19:46:28', '2024-01-31 19:46:28'),
(167, '2024-01-31', 900.00, 900.00, '2024-01-31 19:40:00', '2024-01-31 19:40:00'),
(170, '2024-02-07', 250.00, 0.00, '2024-02-08 01:54:24', '2024-02-08 01:54:24'),
(171, '2024-02-07', 0.00, 0.00, '2024-02-08 01:15:34', '2024-02-08 01:15:34'),
(172, '2024-02-03', 50.00, 150.00, '2024-02-03 19:29:57', '2024-02-03 19:29:57'),
(173, '2024-02-07', 1200.00, 0.00, '2024-02-08 01:15:25', '2024-02-08 01:15:25'),
(174, '2024-02-10', 900.00, 500.00, '2024-02-10 20:16:19', '2024-02-10 20:16:19'),
(175, '2024-02-02', 900.00, 900.00, '2024-02-02 18:27:02', '2024-02-02 18:27:02'),
(183, '2024-02-10', 1150.00, 950.00, '2024-02-10 20:14:25', '2024-02-10 20:14:25'),
(184, '2024-02-07', 0.00, 50.00, '2024-02-08 01:56:56', '2024-02-08 01:56:56'),
(185, '2024-02-07', 300.00, 0.00, '2024-02-08 01:57:18', '2024-02-08 01:57:18'),
(186, '2024-02-18', 300.00, 300.00, '2024-02-18 18:33:47', '2024-02-18 18:33:47'),
(187, '2024-02-07', 900.00, 850.00, '2024-02-08 01:59:06', '2024-02-08 01:59:06'),
(188, '2024-02-07', 900.00, 1300.00, '2024-02-08 02:00:00', '2024-02-08 02:00:00'),
(189, '2024-02-03', 250.00, 350.00, '2024-02-04 00:33:46', '2024-02-04 00:33:46'),
(190, '2024-02-21', 50.00, 0.00, '2024-02-22 02:04:40', '2024-02-22 02:04:40'),
(191, '2024-02-19', 250.00, 0.00, '2024-02-20 02:42:56', '2024-02-20 02:42:56'),
(192, '2024-02-18', 500.00, 700.00, '2024-02-18 18:32:38', '2024-02-18 18:32:38'),
(193, '2024-02-07', 450.00, 300.00, '2024-02-07 21:15:03', '2024-02-07 21:15:03'),
(194, '2024-02-18', 900.00, 900.00, '2024-02-18 18:33:00', '2024-02-18 18:33:00'),
(195, '2024-02-07', 100.00, 200.00, '2024-02-07 19:35:10', '2024-02-07 19:35:10'),
(198, '2024-02-18', 150.00, 150.00, '2024-02-18 18:37:58', '2024-02-18 18:37:58'),
(199, '2024-02-18', 900.00, 1000.00, '2024-02-18 20:46:00', '2024-02-18 20:46:00'),
(200, '2024-02-27', 300.00, 300.00, '2024-02-27 20:41:02', '2024-02-27 20:41:02'),
(201, '2024-02-19', 550.00, 700.00, '2024-02-19 18:04:59', '2024-02-19 18:04:59'),
(202, '2024-02-27', 900.00, 900.00, '2024-02-27 19:34:40', '2024-02-27 19:34:40'),
(203, '2024-02-19', 900.00, 900.00, '2024-02-19 17:43:49', '2024-02-19 17:43:49'),
(204, '2024-02-20', 300.00, 300.00, '2024-02-21 02:42:43', '2024-02-21 02:42:43'),
(205, '2024-02-19', 900.00, 900.00, '2024-02-20 02:41:22', '2024-02-20 02:41:22'),
(206, '2024-02-19', 50.00, 100.00, '2024-02-20 01:27:10', '2024-02-20 01:27:10'),
(208, '2024-02-19', 900.00, 1400.00, '2024-02-20 02:53:10', '2024-02-20 02:53:10'),
(209, '2024-02-26', 250.00, 400.00, '2024-02-26 17:19:49', '2024-02-26 17:19:49'),
(210, '2024-02-27', 900.00, 900.00, '2024-02-27 20:41:30', '2024-02-27 20:41:30'),
(211, '2024-02-21', 900.00, 900.00, '2024-02-22 03:01:10', '2024-02-22 03:01:10'),
(212, '2024-02-23', 250.00, 250.00, '2024-02-23 18:16:59', '2024-02-23 18:16:59'),
(213, '2024-02-21', 1400.00, 1800.00, '2024-02-22 00:46:37', '2024-02-22 00:46:37'),
(214, '2024-02-27', 300.00, 300.00, '2024-02-28 01:12:47', '2024-02-28 01:12:47'),
(216, '2024-02-22', 500.00, 500.00, '2024-02-22 18:11:52', '2024-02-22 18:11:52'),
(217, '2024-02-23', 900.00, 50.00, '2024-02-23 20:36:48', '2024-02-23 20:36:48'),
(218, '2024-02-27', 900.00, 900.00, '2024-02-28 01:14:20', '2024-02-28 01:14:20'),
(219, '2024-02-27', 250.00, 250.00, '2024-02-28 01:14:10', '2024-02-28 01:14:10'),
(220, '2024-03-06', 500.00, 0.00, '2024-03-06 20:56:26', '2024-03-06 20:56:26'),
(221, '2024-02-28', 900.00, 950.00, '2024-02-29 02:14:03', '2024-02-29 02:14:03'),
(222, '2024-02-28', 250.00, 250.00, '2024-02-29 02:14:15', '2024-02-29 02:14:15'),
(225, '2024-02-24', 250.00, 350.00, '2024-02-24 19:31:55', '2024-02-24 19:31:55'),
(226, '2024-02-23', 50.00, 100.00, '2024-02-24 00:37:43', '2024-02-24 00:37:43'),
(227, '2024-03-22', 50.00, 350.00, '2024-03-23 01:37:59', '2024-03-23 01:37:59'),
(228, '2024-02-26', 450.00, 100.00, '2024-02-27 03:00:49', '2024-02-27 03:00:49'),
(229, '2024-02-28', 250.00, 0.00, '2024-02-29 02:14:25', '2024-02-29 02:14:25'),
(230, '2024-02-26', 250.00, 250.00, '2024-02-27 02:59:30', '2024-02-27 02:59:30'),
(231, '2024-03-23', 300.00, 600.00, '2024-03-23 18:08:58', '2024-03-23 18:08:58'),
(232, '2024-03-06', 350.00, 350.00, '2024-03-06 18:51:12', '2024-03-06 18:51:12'),
(233, '2024-02-27', 1200.00, 1200.00, '2024-02-27 21:29:41', '2024-02-27 21:29:41'),
(234, '2024-02-27', 450.00, 200.00, '2024-02-28 01:11:37', '2024-02-28 01:11:37'),
(235, '2024-02-26', 900.00, 900.00, '2024-02-27 02:59:21', '2024-02-27 02:59:21'),
(236, '2024-03-14', 900.00, 900.00, '2024-03-14 20:20:11', '2024-03-14 20:20:11'),
(237, '2024-02-28', 200.00, 400.00, '2024-02-29 02:46:32', '2024-02-29 02:46:32'),
(238, '2024-03-07', 900.00, 900.00, '2024-03-07 17:52:37', '2024-03-07 17:52:37'),
(239, '2024-03-04', 900.00, 900.00, '2024-03-04 18:25:43', '2024-03-04 18:25:43'),
(240, '2024-03-06', 250.00, 250.00, '2024-03-06 18:50:44', '2024-03-06 18:50:44'),
(241, '2024-03-04', 200.00, 200.00, '2024-03-05 01:07:23', '2024-03-05 01:07:23'),
(242, '2024-03-06', 250.00, 250.00, '2024-03-06 18:49:39', '2024-03-06 18:49:39'),
(243, '2024-03-02', 250.00, 250.00, '2024-03-02 18:00:08', '2024-03-02 18:00:08'),
(245, '2024-03-08', 350.00, 1300.00, '2024-03-08 19:56:41', '2024-03-08 19:56:41'),
(248, '2024-03-02', 900.00, 900.00, '2024-03-02 20:50:54', '2024-03-02 20:50:54'),
(251, '2024-03-06', 900.00, 900.00, '2024-03-06 18:50:06', '2024-03-06 18:50:06'),
(252, '2024-03-06', 300.00, 300.00, '2024-03-07 01:29:13', '2024-03-07 01:29:13'),
(253, '2024-03-11', 250.00, 900.00, '2024-03-12 01:12:33', '2024-03-12 01:12:33'),
(254, '2024-03-08', 400.00, 400.00, '2024-03-08 19:59:13', '2024-03-08 19:59:13'),
(255, '2024-03-06', 200.00, 200.00, '2024-03-06 18:02:30', '2024-03-06 18:02:30'),
(256, '2024-03-06', 250.00, 350.00, '2024-03-06 18:06:30', '2024-03-06 18:06:30'),
(257, '2024-03-06', 900.00, 900.00, '2024-03-07 01:28:18', '2024-03-07 01:28:18'),
(262, '2024-03-06', 900.00, 900.00, '2024-03-06 17:58:10', '2024-03-06 17:58:10'),
(263, '2024-03-05', 250.00, 350.00, '2024-03-05 16:54:35', '2024-03-05 16:54:35'),
(264, '2024-03-04', 350.00, 200.00, '2024-03-04 20:39:49', '2024-03-04 20:39:49'),
(265, '2024-03-06', 900.00, 900.00, '2024-03-06 17:57:45', '2024-03-06 17:57:45'),
(266, '2024-03-07', 900.00, 900.00, '2024-03-07 17:52:22', '2024-03-07 17:52:22'),
(267, '2024-03-07', 250.00, 50.00, '2024-03-07 17:52:13', '2024-03-07 17:52:13'),
(268, '2024-03-12', 200.00, 400.00, '2024-03-13 04:07:21', '2024-03-13 04:07:21'),
(269, '2024-03-14', 250.00, 250.00, '2024-03-14 20:26:52', '2024-03-14 20:26:52'),
(270, '2024-03-05', 900.00, 0.00, '2024-03-06 00:04:07', '2024-03-06 00:04:07'),
(271, '2024-03-05', 250.00, 250.00, '2024-03-06 00:32:05', '2024-03-06 00:32:05'),
(272, '2024-03-07', 250.00, 350.00, '2024-03-08 02:04:43', '2024-03-08 02:04:43'),
(273, '2024-03-06', 900.00, 1200.00, '2024-03-06 18:49:03', '2024-03-06 18:49:03'),
(274, '2024-03-06', 250.00, 250.00, '2024-03-06 17:56:37', '2024-03-06 17:56:37'),
(275, '2024-03-12', 900.00, 1100.00, '2024-03-13 04:08:04', '2024-03-13 04:08:04'),
(276, '2024-03-12', 900.00, 950.00, '2024-03-12 18:10:49', '2024-03-12 18:10:49'),
(277, '2024-03-19', 900.00, 1400.00, '2024-03-20 01:45:13', '2024-03-20 01:45:13'),
(281, '2024-03-08', 50.00, 250.00, '2024-03-08 20:44:21', '2024-03-08 20:44:21'),
(282, '2024-03-11', 200.00, 300.00, '2024-03-11 21:02:34', '2024-03-11 21:02:34'),
(283, '2024-03-22', 900.00, 900.00, '2024-03-22 19:19:16', '2024-03-22 19:19:16'),
(284, '2024-03-18', 900.00, 900.00, '2024-03-18 18:27:18', '2024-03-18 18:27:18'),
(285, '2024-03-12', 0.00, 0.00, '2024-03-12 18:39:14', '2024-03-12 18:39:14'),
(286, '2024-03-11', 300.00, 350.00, '2024-03-12 00:50:20', '2024-03-12 00:50:20'),
(287, '2024-03-12', 200.00, 100.00, '2024-03-12 18:39:47', '2024-03-12 18:39:47'),
(288, '2024-03-13', 900.00, 900.00, '2024-03-13 17:09:37', '2024-03-13 17:09:37'),
(289, '2024-03-16', 200.00, 300.00, '2024-03-16 18:55:33', '2024-03-16 18:55:33'),
(290, '2024-03-13', 900.00, 900.00, '2024-03-13 18:09:43', '2024-03-13 18:09:43'),
(291, '2024-03-16', 250.00, 0.00, '2024-03-16 18:56:36', '2024-03-16 18:56:36'),
(292, '2024-03-12', 250.00, 250.00, '2024-03-13 04:07:39', '2024-03-13 04:07:39'),
(293, '2024-03-12', 250.00, 0.00, '2024-03-13 04:05:14', '2024-03-13 04:05:14'),
(294, '2024-03-12', 200.00, 0.00, '2024-03-13 02:16:15', '2024-03-13 02:16:15'),
(295, '2024-03-14', 50.00, 200.00, '2024-03-14 20:22:33', '2024-03-14 20:22:33'),
(296, '2024-03-16', 50.00, 0.00, '2024-03-16 18:56:11', '2024-03-16 18:56:11'),
(297, '2024-03-14', 900.00, 1100.00, '2024-03-15 03:00:54', '2024-03-15 03:00:54'),
(298, '2024-03-19', 250.00, 250.00, '2024-03-19 17:26:52', '2024-03-19 17:26:52'),
(299, '2024-03-22', 1100.00, 800.00, '2024-03-22 17:39:18', '2024-03-22 17:39:18'),
(300, '2024-03-13', 250.00, 350.00, '2024-03-14 02:11:00', '2024-03-14 02:11:00'),
(301, '2024-03-16', 900.00, 900.00, '2024-03-16 18:56:57', '2024-03-16 18:56:57'),
(302, '2024-03-19', 1350.00, 300.00, '2024-03-19 23:47:01', '2024-03-19 23:47:01'),
(303, '2024-03-16', 250.00, 0.00, '2024-03-16 18:57:23', '2024-03-16 18:57:23'),
(304, '2024-03-15', 250.00, 350.00, '2024-03-16 00:11:00', '2024-03-16 00:11:00'),
(305, '2024-03-21', 900.00, 850.00, '2024-03-21 18:11:59', '2024-03-21 18:11:59'),
(306, '2024-03-22', 200.00, 200.00, '2024-03-22 18:02:28', '2024-03-22 18:02:28'),
(307, '2024-03-19', 900.00, 1000.00, '2024-03-20 02:18:17', '2024-03-20 02:18:17'),
(308, '2024-03-19', 250.00, 250.00, '2024-03-19 18:47:28', '2024-03-19 18:47:28'),
(309, '2024-03-20', 250.00, 300.00, '2024-03-20 18:13:22', '2024-03-20 18:13:22'),
(310, '2024-03-21', 900.00, 900.00, '2024-03-21 23:50:26', '2024-03-21 23:50:26'),
(311, '2024-03-22', 900.00, 900.00, '2024-03-23 02:08:48', '2024-03-23 02:08:48'),
(312, '2024-03-22', 50.00, 150.00, '2024-03-22 22:04:39', '2024-03-22 22:04:39'),
(313, '2024-03-21', 900.00, 900.00, '2024-03-21 23:50:15', '2024-03-21 23:50:15'),
(316, '2024-03-28', 111.00, 900.00, '2024-03-28 18:56:20', '2024-03-28 18:56:20'),
(317, '2024-03-26', 900.00, 900.00, '2024-03-26 17:37:41', '2024-03-26 17:37:41'),
(318, '2024-03-22', 900.00, 1400.00, '2024-03-22 22:04:25', '2024-03-22 22:04:25'),
(319, '2024-03-25', 900.00, 900.00, '2024-03-25 21:52:21', '2024-03-25 21:52:21'),
(320, '2024-03-22', 250.00, 250.00, '2024-03-22 22:03:55', '2024-03-22 22:03:55'),
(321, '2024-03-22', 900.00, 950.00, '2024-03-23 02:39:21', '2024-03-23 02:39:21'),
(323, '2024-04-11', 250.00, 450.00, '2024-04-11 18:29:52', '2024-04-11 18:29:52'),
(324, '2024-03-25', 400.00, 400.00, '2024-03-25 21:52:10', '2024-03-25 21:52:10'),
(325, '2024-03-25', 200.00, 250.00, '2024-03-26 01:55:29', '2024-03-26 01:55:29'),
(326, '2024-04-04', 750.00, 350.00, '2024-04-05 02:40:54', '2024-04-05 02:40:54'),
(327, '2024-03-27', 150.00, 150.00, '2024-03-27 19:58:13', '2024-03-27 19:58:13'),
(328, '2024-04-01', 50.00, 100.00, '2024-04-01 16:55:30', '2024-04-01 16:55:30'),
(329, '2024-03-28', 900.00, 900.00, '2024-03-28 18:58:22', '2024-03-28 18:58:22'),
(331, '2024-03-28', 900.00, 900.00, '2024-03-28 18:55:44', '2024-03-28 18:55:44'),
(332, '2024-03-28', 300.00, 800.00, '2024-03-29 01:41:37', '2024-03-29 01:41:37'),
(333, '2024-03-28', 350.00, 350.00, '2024-03-28 21:04:02', '2024-03-28 21:04:02'),
(334, '2024-03-28', 250.00, 350.00, '2024-03-29 01:41:49', '2024-03-29 01:41:49'),
(336, '2024-04-01', 300.00, 400.00, '2024-04-02 02:43:16', '2024-04-02 02:43:16'),
(337, '2024-04-01', 300.00, 300.00, '2024-04-02 02:49:17', '2024-04-02 02:49:17'),
(338, '2024-04-05', 500.00, 150.00, '2024-04-06 00:13:56', '2024-04-06 00:13:56'),
(339, '2024-04-13', 900.00, 900.00, '2024-04-13 17:48:48', '2024-04-13 17:48:48'),
(340, '2024-04-03', 900.00, 1400.00, '2024-04-04 02:13:31', '2024-04-04 02:13:31'),
(341, '2024-04-03', 900.00, 900.00, '2024-04-04 03:09:09', '2024-04-04 03:09:09'),
(342, '2024-04-02', 500.00, 0.00, '2024-04-02 18:13:14', '2024-04-02 18:13:14'),
(345, '2024-04-06', 200.00, 200.00, '2024-04-06 19:39:15', '2024-04-06 19:39:15'),
(346, '2024-04-10', 500.00, 300.00, '2024-04-10 17:07:26', '2024-04-10 17:07:26'),
(347, '2024-04-03', 250.00, 0.00, '2024-04-04 03:07:57', '2024-04-04 03:07:57'),
(348, '2024-04-02', 50.00, 100.00, '2024-04-02 20:17:15', '2024-04-02 20:17:15'),
(349, '2024-04-04', 200.00, 250.00, '2024-04-04 16:47:15', '2024-04-04 16:47:15'),
(350, '2024-04-03', 200.00, 200.00, '2024-04-04 02:04:16', '2024-04-04 02:04:16'),
(351, '2024-04-25', 900.00, 900.00, '2024-04-25 18:16:57', '2024-04-25 18:16:57'),
(352, '2024-04-08', 900.00, 900.00, '2024-04-09 02:18:01', '2024-04-09 02:18:01'),
(353, '2024-04-03', 900.00, 900.00, '2024-04-04 02:04:30', '2024-04-04 02:04:30'),
(354, '2024-04-06', 900.00, 1000.00, '2024-04-06 19:39:04', '2024-04-06 19:39:04'),
(355, '2024-04-08', 300.00, 850.00, '2024-04-08 16:37:11', '2024-04-08 16:37:11'),
(356, '2024-04-03', 200.00, 250.00, '2024-04-04 03:03:36', '2024-04-04 03:03:36'),
(357, '2024-04-10', 900.00, 1500.00, '2024-04-11 02:12:12', '2024-04-11 02:12:12'),
(358, '2024-04-06', 900.00, 900.00, '2024-04-07 00:41:16', '2024-04-07 00:41:16'),
(359, '2024-05-03', 900.00, 900.00, '2024-05-03 19:34:53', '2024-05-03 19:34:53'),
(360, '2024-04-06', 900.00, 900.00, '2024-04-07 00:41:39', '2024-04-07 00:41:39'),
(361, '2024-04-08', 900.00, 900.00, '2024-04-09 02:18:12', '2024-04-09 02:18:12'),
(363, '2024-04-06', 200.00, 250.00, '2024-04-06 19:38:28', '2024-04-06 19:38:28'),
(364, '2024-04-22', 250.00, 500.00, '2024-04-23 00:18:11', '2024-04-23 00:18:11'),
(365, '2024-04-15', 350.00, 0.00, '2024-04-16 03:12:48', '2024-04-16 03:12:48'),
(366, '2024-04-10', 900.00, 0.00, '2024-04-11 02:12:36', '2024-04-11 02:12:36'),
(367, '2024-04-08', 900.00, 900.00, '2024-04-09 02:18:57', '2024-04-09 02:18:57'),
(368, '2024-04-09', 900.00, 0.00, '2024-04-09 16:28:08', '2024-04-09 16:28:08'),
(369, '2024-04-09', 300.00, 280.00, '2024-04-09 18:44:34', '2024-04-09 18:44:34'),
(370, '2024-04-15', 250.00, 350.00, '2024-04-15 18:54:03', '2024-04-15 18:54:03'),
(371, '2024-04-12', 200.00, 200.00, '2024-04-12 18:31:27', '2024-04-12 18:31:27'),
(372, '2024-04-12', 200.00, 200.00, '2024-04-13 00:46:35', '2024-04-13 00:46:35'),
(373, '2024-04-16', 900.00, 900.00, '2024-04-17 02:23:15', '2024-04-17 02:23:15'),
(374, '2024-04-12', 200.00, 200.00, '2024-04-13 00:25:16', '2024-04-13 00:25:16'),
(375, '2024-04-13', 200.00, 250.00, '2024-04-13 18:16:06', '2024-04-13 18:16:06'),
(376, '2024-04-13', 250.00, 200.00, '2024-04-13 23:33:21', '2024-04-13 23:33:21'),
(377, '2024-04-13', 200.00, 200.00, '2024-04-13 20:14:07', '2024-04-13 20:14:07'),
(378, '2024-04-25', 900.00, 900.00, '2024-04-25 18:18:11', '2024-04-25 18:18:11'),
(379, '2024-04-26', 900.00, 1400.00, '2024-04-26 22:04:45', '2024-04-26 22:04:45'),
(380, '2024-04-15', 250.00, 350.00, '2024-04-15 20:45:33', '2024-04-15 20:45:33'),
(381, '2024-04-15', 350.00, 350.00, '2024-04-16 01:52:17', '2024-04-16 01:52:17'),
(382, '2024-04-16', 900.00, 1000.00, '2024-04-17 02:23:30', '2024-04-17 02:23:30'),
(383, '2024-04-16', 500.00, 500.00, '2024-04-17 00:06:53', '2024-04-17 00:06:53'),
(386, '2024-04-15', 200.00, 250.00, '2024-04-16 01:36:59', '2024-04-16 01:36:59'),
(387, '2024-04-18', 400.00, 500.00, '2024-04-18 16:27:11', '2024-04-18 16:27:11'),
(388, '2024-04-18', 900.00, 900.00, '2024-04-18 16:26:45', '2024-04-18 16:26:45'),
(389, '2024-04-17', 900.00, 200.00, '2024-04-17 18:42:36', '2024-04-17 18:42:36'),
(390, '2024-04-19', 250.00, 100.00, '2024-04-20 01:36:06', '2024-04-20 01:36:06'),
(391, '2024-04-18', 150.00, 200.00, '2024-04-19 01:19:17', '2024-04-19 01:19:17'),
(393, '2024-04-20', 550.00, 0.00, '2024-04-21 02:29:17', '2024-04-21 02:29:17'),
(394, '2024-04-19', 900.00, 1300.00, '2024-04-19 17:16:30', '2024-04-19 17:16:30'),
(395, '2024-04-18', 250.00, 350.00, '2024-04-18 18:11:28', '2024-04-18 18:11:28'),
(396, '2024-04-18', 900.00, 1200.00, '2024-04-18 18:33:24', '2024-04-18 18:33:24'),
(397, '2024-04-20', 111.00, 200.00, '2024-04-21 00:42:48', '2024-04-21 00:42:48'),
(398, '2024-04-22', 200.00, 350.00, '2024-04-22 19:19:54', '2024-04-22 19:19:54'),
(399, '2024-04-20', 1100.00, 9.00, '2024-04-21 01:05:21', '2024-04-21 01:05:21'),
(400, '2024-04-20', 900.00, 9.00, '2024-04-21 02:32:04', '2024-04-21 02:32:04'),
(401, '2024-04-20', 200.00, 0.00, '2024-04-21 00:43:09', '2024-04-21 00:43:09'),
(402, '2024-04-20', 150.00, 150.00, '2024-04-20 18:12:47', '2024-04-20 18:12:47'),
(403, '2024-04-24', 900.00, 900.00, '2024-04-25 03:08:22', '2024-04-25 03:08:22'),
(404, '2024-04-29', 900.00, 900.00, '2024-04-29 16:19:53', '2024-04-29 16:19:53'),
(405, '2024-04-24', 900.00, 900.00, '2024-04-25 03:07:57', '2024-04-25 03:07:57'),
(406, '2024-04-23', 900.00, 900.00, '2024-04-23 20:29:03', '2024-04-23 20:29:03'),
(407, '2024-04-22', 50.00, 200.00, '2024-04-23 00:18:54', '2024-04-23 00:18:54'),
(408, '2024-04-23', 500.00, 50.00, '2024-04-24 00:23:44', '2024-04-24 00:23:44'),
(409, '2024-04-25', 900.00, 950.00, '2024-04-25 18:49:29', '2024-04-25 18:49:29'),
(410, '2024-04-29', 300.00, 350.00, '2024-04-30 01:55:44', '2024-04-30 01:55:44'),
(411, '2024-04-24', 250.00, 100.00, '2024-04-24 20:55:00', '2024-04-24 20:55:00'),
(412, '2024-04-23', 250.00, 200.00, '2024-04-24 00:18:26', '2024-04-24 00:18:26'),
(413, '2024-04-23', 750.00, 750.00, '2024-04-23 20:26:42', '2024-04-23 20:26:42'),
(414, '2024-04-24', 250.00, 350.00, '2024-04-25 03:09:02', '2024-04-25 03:09:02'),
(415, '2024-04-24', 250.00, 600.00, '2024-04-24 18:28:41', '2024-04-24 18:28:41'),
(416, '2024-05-20', 900.00, 900.00, '2024-05-20 20:27:25', '2024-05-20 20:27:25'),
(422, '2024-04-26', 350.00, 300.00, '2024-04-26 19:32:52', '2024-04-26 19:32:52'),
(423, '2024-04-25', 111.00, 250.00, '2024-04-26 01:47:57', '2024-04-26 01:47:57'),
(424, '2024-04-25', 250.00, 50.00, '2024-04-26 01:48:38', '2024-04-26 01:48:38'),
(425, '2024-05-08', 1150.00, 1100.00, '2024-05-08 17:32:11', '2024-05-08 17:32:11'),
(426, '2024-04-26', 250.00, 250.00, '2024-04-26 21:56:24', '2024-04-26 21:56:24'),
(427, '2024-04-29', 250.00, 600.00, '2024-04-30 01:56:17', '2024-04-30 01:56:17'),
(428, '2024-05-04', 900.00, 750.00, '2024-05-05 01:26:27', '2024-05-05 01:26:27'),
(431, '2024-04-30', 250.00, 250.00, '2024-04-30 18:46:52', '2024-04-30 18:46:52'),
(432, '2024-05-01', 250.00, 350.00, '2024-05-01 17:38:47', '2024-05-01 17:38:47'),
(433, '2024-05-02', 900.00, 100.00, '2024-05-02 20:07:51', '2024-05-02 20:07:51'),
(434, '2024-05-04', 200.00, 350.00, '2024-05-04 19:39:39', '2024-05-04 19:39:39'),
(435, '2024-05-04', 900.00, 900.00, '2024-05-04 21:09:21', '2024-05-04 21:09:21'),
(437, '2024-05-17', 900.00, 1000.00, '2024-05-17 17:49:42', '2024-05-17 17:49:42'),
(440, '2024-05-07', 1100.00, 1200.00, '2024-05-08 02:51:47', '2024-05-08 02:51:47'),
(441, '2024-05-06', 900.00, 900.00, '2024-05-07 02:43:01', '2024-05-07 02:43:01'),
(442, '2024-05-04', 200.00, 200.00, '2024-05-04 19:31:08', '2024-05-04 19:31:08'),
(443, '2024-05-04', 250.00, 250.00, '2024-05-04 21:08:48', '2024-05-04 21:08:48'),
(444, '2024-05-08', 900.00, 900.00, '2024-05-08 18:21:05', '2024-05-08 18:21:05'),
(445, '2024-05-09', 1250.00, 1100.00, '2024-05-09 19:40:47', '2024-05-09 19:40:47'),
(446, '2024-05-07', 250.00, 30.00, '2024-05-07 19:44:09', '2024-05-07 19:44:09'),
(449, '2024-05-07', 350.00, 250.00, '2024-05-08 00:35:26', '2024-05-08 00:35:26'),
(450, '2024-05-07', 900.00, 900.00, '2024-05-08 02:37:51', '2024-05-08 02:37:51'),
(451, '2024-05-11', 900.00, 900.00, '2024-05-11 20:16:17', '2024-05-11 20:16:17'),
(452, '2024-05-13', 1100.00, 1100.00, '2024-05-14 01:19:00', '2024-05-14 01:19:00'),
(454, '2024-05-17', 900.00, 1000.00, '2024-05-17 21:19:53', '2024-05-17 21:19:53'),
(455, '2024-05-15', 300.00, 0.00, '2024-05-15 20:03:11', '2024-05-15 20:03:11'),
(456, '2024-05-13', 250.00, 350.00, '2024-05-14 00:19:48', '2024-05-14 00:19:48'),
(457, '2024-05-16', 900.00, 950.00, '2024-05-16 21:02:49', '2024-05-16 21:02:49'),
(458, '2024-05-20', 900.00, 900.00, '2024-05-20 20:27:17', '2024-05-20 20:27:17'),
(459, '2024-05-20', 900.00, 900.00, '2024-05-21 01:16:59', '2024-05-21 01:16:59'),
(460, '2024-05-14', 200.00, 150.00, '2024-05-14 20:29:03', '2024-05-14 20:29:03'),
(462, '2024-05-15', 250.00, 350.00, '2024-05-15 20:02:10', '2024-05-15 20:02:10'),
(463, '2024-05-16', 900.00, 1000.00, '2024-05-17 00:48:15', '2024-05-17 00:48:15'),
(464, '2024-05-22', 500.00, 350.00, '2024-05-23 02:28:29', '2024-05-23 02:28:29'),
(465, '2024-05-17', 50.00, 50.00, '2024-05-17 16:49:06', '2024-05-17 16:49:06'),
(466, '2024-05-16', 900.00, 100.00, '2024-05-17 01:04:24', '2024-05-17 01:04:24'),
(467, '2024-05-17', 250.00, 250.00, '2024-05-17 16:48:58', '2024-05-17 16:48:58'),
(468, '2024-05-31', 350.00, 50.00, '2024-05-31 20:35:01', '2024-05-31 20:35:01'),
(470, '2024-05-17', 900.00, 900.00, '2024-05-18 00:19:26', '2024-05-18 00:19:26'),
(471, '2024-05-17', 300.00, 50.00, '2024-05-18 00:20:17', '2024-05-18 00:20:17'),
(472, '2024-05-17', 900.00, 900.00, '2024-05-18 03:20:53', '2024-05-18 03:20:53'),
(473, '2024-05-31', 900.00, 900.00, '2024-05-31 20:35:34', '2024-05-31 20:35:34'),
(476, '2024-05-22', 700.00, 150.00, '2024-05-23 02:28:52', '2024-05-23 02:28:52'),
(477, '2024-05-20', 900.00, 950.00, '2024-05-21 01:11:31', '2024-05-21 01:11:31'),
(478, '2024-05-21', 900.00, 900.00, '2024-05-22 02:31:51', '2024-05-22 02:31:51'),
(479, '2024-05-21', 900.00, 1100.00, '2024-05-21 19:18:03', '2024-05-21 19:18:03'),
(481, '2024-05-24', 900.00, 950.00, '2024-05-24 16:47:33', '2024-05-24 16:47:33'),
(482, '2024-05-21', 250.00, 50.00, '2024-05-22 02:31:44', '2024-05-22 02:31:44'),
(483, '2024-05-22', 200.00, 200.00, '2024-05-23 02:29:16', '2024-05-23 02:29:16'),
(484, '2024-05-22', 250.00, 150.00, '2024-05-23 02:28:12', '2024-05-23 02:28:12'),
(486, '2024-05-23', 900.00, 1000.00, '2024-05-24 01:11:26', '2024-05-24 01:11:26'),
(487, '2024-05-23', 250.00, 350.00, '2024-05-24 01:11:42', '2024-05-24 01:11:42'),
(489, '2024-05-31', 250.00, 250.00, '2024-05-31 20:34:24', '2024-05-31 20:34:24'),
(490, '2024-05-31', 250.00, 250.00, '2024-05-31 20:34:34', '2024-05-31 20:34:34'),
(491, '2024-06-05', 900.00, 900.00, '2024-06-05 20:14:45', '2024-06-05 20:14:45'),
(492, '2024-06-01', 900.00, 950.00, '2024-06-01 17:12:34', '2024-06-01 17:12:34'),
(493, '2024-05-28', 300.00, 0.00, '2024-05-29 02:55:56', '2024-05-29 02:55:56'),
(495, '2024-05-28', 250.00, 250.00, '2024-05-29 02:56:06', '2024-05-29 02:56:06'),
(496, '2024-05-31', 1150.00, 0.00, '2024-05-31 20:33:46', '2024-05-31 20:33:46'),
(497, '2024-05-27', 900.00, 0.00, '2024-05-27 23:57:07', '2024-05-27 23:57:07'),
(499, '2024-06-10', 500.00, 500.00, '2024-06-10 17:28:58', '2024-06-10 17:28:58'),
(500, '2024-05-31', 900.00, 1400.00, '2024-06-01 02:37:33', '2024-06-01 02:37:33'),
(501, '2024-06-03', 250.00, 2.00, '2024-06-04 01:01:07', '2024-06-04 01:01:07'),
(502, '2024-05-30', 900.00, 900.00, '2024-05-31 00:38:27', '2024-05-31 00:38:27'),
(503, '2024-05-31', 1150.00, 0.00, '2024-05-31 20:34:10', '2024-05-31 20:34:10'),
(504, '2024-05-30', 1150.00, 1300.00, '2024-05-31 01:42:02', '2024-05-31 01:42:02'),
(505, '2024-05-31', 900.00, 1400.00, '2024-05-31 20:33:22', '2024-05-31 20:33:22'),
(506, '2024-05-31', 900.00, 30.00, '2024-06-01 02:35:54', '2024-06-01 02:35:54'),
(507, '2024-06-03', 900.00, 900.00, '2024-06-03 21:26:17', '2024-06-03 21:26:17'),
(508, '2024-06-01', 250.00, 250.00, '2024-06-02 00:22:25', '2024-06-02 00:22:25'),
(509, '2024-06-11', 350.00, 700.00, '2024-06-12 01:36:59', '2024-06-12 01:36:59'),
(510, '2024-06-03', 900.00, 900.00, '2024-06-04 03:14:55', '2024-06-04 03:14:55'),
(511, '2024-06-17', 900.00, 900.00, '2024-06-17 17:34:16', '2024-06-17 17:34:16'),
(512, '2024-06-28', 400.00, 400.00, '2024-06-29 03:04:20', '2024-06-29 03:04:20'),
(513, '2024-06-04', 900.00, 1400.00, '2024-06-04 19:52:14', '2024-06-04 19:52:14'),
(514, '2024-06-05', 111.00, 300.00, '2024-06-05 18:12:25', '2024-06-05 18:12:25'),
(515, '2024-06-03', 900.00, 900.00, '2024-06-03 21:17:12', '2024-06-03 21:17:12'),
(516, '2024-06-18', 900.00, 2500.00, '2024-06-18 17:43:12', '2024-06-18 17:43:12'),
(517, '2024-06-05', 900.00, 900.00, '2024-06-06 03:21:22', '2024-06-06 03:21:22'),
(519, '2024-06-05', 250.00, 50.00, '2024-06-06 03:19:43', '2024-06-06 03:19:43'),
(523, '2024-06-04', 250.00, 200.00, '2024-06-05 01:13:16', '2024-06-05 01:13:16'),
(524, '2024-06-05', 900.00, 900.00, '2024-06-06 03:21:09', '2024-06-06 03:21:09'),
(525, '2024-06-08', 1250.00, 1250.00, '2024-06-09 01:11:32', '2024-06-09 01:11:32'),
(527, '2024-06-08', 250.00, 2.00, '2024-06-09 02:00:47', '2024-06-09 02:00:47'),
(528, '2024-06-08', 300.00, 300.00, '2024-06-09 00:24:26', '2024-06-09 00:24:26'),
(529, '2024-06-11', 450.00, 600.00, '2024-06-12 01:36:42', '2024-06-12 01:36:42'),
(530, '2024-06-10', 900.00, 900.00, '2024-06-10 16:50:56', '2024-06-10 16:50:56'),
(531, '2024-06-08', 900.00, 900.00, '2024-06-09 01:11:10', '2024-06-09 01:11:10'),
(532, '2024-06-10', 500.00, 0.00, '2024-06-11 02:38:53', '2024-06-11 02:38:53'),
(533, '2024-07-04', 900.00, 1300.00, '2024-07-04 19:20:04', '2024-07-04 19:20:04'),
(534, '2024-06-15', 200.00, 200.00, '2024-06-15 20:34:42', '2024-06-15 20:34:42'),
(537, '2024-06-20', 200.00, 200.00, '2024-06-21 01:49:13', '2024-06-21 01:49:13'),
(538, '2024-06-11', 350.00, 0.00, '2024-06-12 01:39:25', '2024-06-12 01:39:25'),
(539, '2024-06-11', 250.00, 400.00, '2024-06-12 01:00:22', '2024-06-12 01:00:22'),
(540, '2024-06-20', 900.00, 800.00, '2024-06-20 21:03:08', '2024-06-20 21:03:08'),
(541, '2024-06-11', 250.00, 200.00, '2024-06-12 01:39:46', '2024-06-12 01:39:46'),
(542, '2024-06-20', 50.00, 250.00, '2024-06-20 21:00:22', '2024-06-20 21:00:22'),
(543, '2024-06-21', 350.00, 400.00, '2024-06-21 19:08:33', '2024-06-21 19:08:33'),
(544, '2024-06-18', 900.00, 900.00, '2024-06-18 17:47:27', '2024-06-18 17:47:27'),
(545, '2024-07-05', 900.00, 900.00, '2024-07-05 19:31:45', '2024-07-05 19:31:45'),
(546, '2024-06-19', 250.00, 100.00, '2024-06-19 19:16:56', '2024-06-19 19:16:56'),
(547, '2024-06-24', 300.00, 0.00, '2024-06-24 19:12:21', '2024-06-24 19:12:21'),
(548, '2024-06-24', 900.00, 1400.00, '2024-06-25 02:54:47', '2024-06-25 02:54:47'),
(549, '2024-06-24', 250.00, 200.00, '2024-06-25 02:54:35', '2024-06-25 02:54:35'),
(552, '2024-06-24', 900.00, 900.00, '2024-06-25 02:54:21', '2024-06-25 02:54:21'),
(553, '2024-06-28', 250.00, 850.00, '2024-06-29 02:20:05', '2024-06-29 02:20:05'),
(555, '2024-06-28', 300.00, 700.00, '2024-06-29 02:18:09', '2024-06-29 02:18:09'),
(556, '2024-06-28', 900.00, 1600.00, '2024-06-29 02:18:48', '2024-06-29 02:18:48'),
(557, '2024-07-11', 900.00, 200.00, '2024-07-11 19:43:06', '2024-07-11 19:43:06'),
(558, '2024-06-27', 200.00, 250.00, '2024-06-27 21:06:27', '2024-06-27 21:06:27'),
(561, '2024-06-28', 300.00, 200.00, '2024-06-29 02:18:23', '2024-06-29 02:18:23'),
(562, '2024-06-28', 250.00, 250.00, '2024-06-29 02:18:33', '2024-06-29 02:18:33'),
(564, '2024-07-08', 250.00, 0.00, '2024-07-08 23:38:43', '2024-07-08 23:38:43'),
(565, '2024-07-01', 900.00, 900.00, '2024-07-02 02:27:48', '2024-07-02 02:27:48'),
(566, '2024-06-29', 250.00, 350.00, '2024-06-30 02:32:45', '2024-06-30 02:32:45'),
(567, '2024-07-04', 900.00, 900.00, '2024-07-04 16:45:17', '2024-07-04 16:45:17'),
(568, '2024-07-01', 250.00, 200.00, '2024-07-02 02:27:13', '2024-07-02 02:27:13'),
(569, '2024-07-01', 250.00, 250.00, '2024-07-02 00:34:16', '2024-07-02 00:34:16'),
(570, '2024-07-01', 200.00, 250.00, '2024-07-02 02:27:27', '2024-07-02 02:27:27'),
(571, '2024-07-01', 900.00, 900.00, '2024-07-02 02:27:35', '2024-07-02 02:27:35'),
(572, '2024-07-08', 250.00, 0.00, '2024-07-08 23:38:17', '2024-07-08 23:38:17'),
(573, '2024-07-02', 900.00, 1400.00, '2024-07-02 19:22:40', '2024-07-02 19:22:40'),
(574, '2024-07-03', 900.00, 1400.00, '2024-07-03 19:09:48', '2024-07-03 19:09:48'),
(575, '2024-07-03', 900.00, 900.00, '2024-07-03 19:09:25', '2024-07-03 19:09:25'),
(576, '2024-07-03', 200.00, 70.00, '2024-07-03 19:10:10', '2024-07-03 19:10:10'),
(577, '2024-07-04', 900.00, 900.00, '2024-07-04 17:24:31', '2024-07-04 17:24:31'),
(578, '2024-07-04', 900.00, 0.00, '2024-07-05 01:32:45', '2024-07-05 01:32:45'),
(579, '2024-07-08', 250.00, 250.00, '2024-07-08 23:37:50', '2024-07-08 23:37:50'),
(580, '2024-07-05', 900.00, 900.00, '2024-07-06 02:41:28', '2024-07-06 02:41:28'),
(583, '2024-07-20', 250.00, 200.00, '2024-07-21 02:17:07', '2024-07-21 02:17:07'),
(584, '2024-08-03', 900.00, 900.00, '2024-08-03 19:56:24', '2024-08-03 19:56:24'),
(585, '2024-07-08', 250.00, 0.00, '2024-07-08 23:37:02', '2024-07-08 23:37:02'),
(586, '2024-07-08', 900.00, 900.00, '2024-07-08 23:39:01', '2024-07-08 23:39:01'),
(587, '2024-07-15', 350.00, 350.00, '2024-07-15 17:13:25', '2024-07-15 17:13:25'),
(588, '2024-07-11', 600.00, 750.00, '2024-07-11 19:41:55', '2024-07-11 19:41:55'),
(589, '2024-07-10', 250.00, 600.00, '2024-07-11 02:39:41', '2024-07-11 02:39:41'),
(590, '2024-07-15', 900.00, 900.00, '2024-07-15 21:53:18', '2024-07-15 21:53:18'),
(591, '2024-07-10', 900.00, 900.00, '2024-07-11 02:39:53', '2024-07-11 02:39:53'),
(592, '2024-07-09', 900.00, 900.00, '2024-07-09 19:32:49', '2024-07-09 19:32:49'),
(593, '2024-07-15', 900.00, 1100.00, '2024-07-15 18:31:40', '2024-07-15 18:31:40'),
(594, '2024-07-17', 250.00, 250.00, '2024-07-18 00:42:40', '2024-07-18 00:42:40'),
(595, '2024-07-20', 250.00, 250.00, '2024-07-21 02:17:14', '2024-07-21 02:17:14'),
(596, '2024-07-20', 250.00, 0.00, '2024-07-21 02:17:27', '2024-07-21 02:17:27'),
(597, '2024-08-05', 350.00, 0.00, '2024-08-06 00:16:52', '2024-08-06 00:16:52'),
(598, '2024-08-05', 250.00, 0.00, '2024-08-06 00:17:04', '2024-08-06 00:17:04'),
(599, '2024-07-15', 900.00, 900.00, '2024-07-15 17:14:40', '2024-07-15 17:14:40'),
(600, '2024-07-15', 250.00, 0.00, '2024-07-15 17:14:14', '2024-07-15 17:14:14'),
(601, '2024-07-15', 900.00, 900.00, '2024-07-15 21:53:39', '2024-07-15 21:53:39'),
(602, '2024-07-15', 900.00, 900.00, '2024-07-15 21:54:07', '2024-07-15 21:54:07'),
(603, '2024-07-15', 250.00, 250.00, '2024-07-15 17:14:29', '2024-07-15 17:14:29'),
(604, '2024-07-17', 900.00, 900.00, '2024-07-18 00:33:25', '2024-07-18 00:33:25'),
(608, '2024-07-18', 900.00, 0.00, '2024-07-19 01:24:13', '2024-07-19 01:24:13'),
(609, '2024-07-16', 250.00, 250.00, '2024-07-17 03:24:30', '2024-07-17 03:24:30'),
(610, '2024-07-30', 900.00, 900.00, '2024-07-31 01:28:37', '2024-07-31 01:28:37'),
(611, '2024-07-24', 900.00, 800.00, '2024-07-24 16:42:42', '2024-07-24 16:42:42'),
(612, '2024-07-20', 350.00, 600.00, '2024-07-21 02:16:53', '2024-07-21 02:16:53'),
(613, '2024-07-18', 300.00, 600.00, '2024-07-18 20:54:24', '2024-07-18 20:54:24'),
(614, '2024-07-18', 900.00, 900.00, '2024-07-18 20:43:01', '2024-07-18 20:43:01'),
(615, '2024-07-17', 250.00, 200.00, '2024-07-18 01:29:12', '2024-07-18 01:29:12'),
(616, '2024-07-23', 1250.00, 1000.00, '2024-07-24 02:24:20', '2024-07-24 02:24:20'),
(617, '2024-07-18', 900.00, 900.00, '2024-07-18 20:43:29', '2024-07-18 20:43:29'),
(618, '2024-07-20', 900.00, 900.00, '2024-07-21 02:15:49', '2024-07-21 02:15:49'),
(619, '2024-07-18', 900.00, 950.00, '2024-07-19 01:16:01', '2024-07-19 01:16:01'),
(621, '2024-07-30', 350.00, 100.00, '2024-07-31 01:28:49', '2024-07-31 01:28:49'),
(622, '2024-07-22', 900.00, 970.00, '2024-07-23 02:39:00', '2024-07-23 02:39:00'),
(623, '2024-07-20', 600.00, 300.00, '2024-07-21 02:16:11', '2024-07-21 02:16:11'),
(624, '2024-07-22', 450.00, 300.00, '2024-07-23 02:39:11', '2024-07-23 02:39:11'),
(625, '2024-07-20', 250.00, 350.00, '2024-07-21 02:15:36', '2024-07-21 02:15:36'),
(626, '2024-07-24', 350.00, 0.00, '2024-07-25 00:06:28', '2024-07-25 00:06:28'),
(627, '2024-07-22', 250.00, 0.00, '2024-07-23 02:57:30', '2024-07-23 02:57:30'),
(628, '2024-07-30', 900.00, 900.00, '2024-07-31 01:29:14', '2024-07-31 01:29:14'),
(629, '2024-07-24', 200.00, 200.00, '2024-07-24 16:42:57', '2024-07-24 16:42:57'),
(630, '2024-07-25', 300.00, 350.00, '2024-07-26 00:20:54', '2024-07-26 00:20:54'),
(631, '2024-07-24', 900.00, 900.00, '2024-07-25 00:26:46', '2024-07-25 00:26:46'),
(632, '2024-07-26', 250.00, 350.00, '2024-07-27 00:22:03', '2024-07-27 00:22:03'),
(633, '2024-07-30', 200.00, 250.00, '2024-07-31 01:28:59', '2024-07-31 01:28:59'),
(636, '2024-08-09', 250.00, 250.00, '2024-08-09 18:34:56', '2024-08-09 18:34:56'),
(637, '2024-07-31', 250.00, 250.00, '2024-07-31 19:04:36', '2024-07-31 19:04:36'),
(638, '2024-08-03', 900.00, 900.00, '2024-08-03 18:55:30', '2024-08-03 18:55:30'),
(639, '2024-08-01', 300.00, 150.00, '2024-08-02 01:52:43', '2024-08-02 01:52:43'),
(641, '2024-08-02', 900.00, 900.00, '2024-08-03 02:43:39', '2024-08-03 02:43:39'),
(644, '2024-08-01', 800.00, 700.00, '2024-08-02 01:52:53', '2024-08-02 01:52:53'),
(645, '2024-08-01', 900.00, 900.00, '2024-08-02 00:09:12', '2024-08-02 00:09:12'),
(646, '2024-08-01', 250.00, 250.00, '2024-08-01 20:50:26', '2024-08-01 20:50:26'),
(648, '2024-08-05', 900.00, 900.00, '2024-08-06 00:16:33', '2024-08-06 00:16:33'),
(649, '2024-08-02', 900.00, 1000.00, '2024-08-03 01:56:22', '2024-08-03 01:56:22'),
(652, '2024-08-05', 500.00, 50.00, '2024-08-06 02:17:04', '2024-08-06 02:17:04'),
(653, '2024-08-03', 800.00, 0.00, '2024-08-03 18:54:43', '2024-08-03 18:54:43'),
(656, '2024-08-03', 250.00, 350.00, '2024-08-03 21:02:41', '2024-08-03 21:02:41'),
(657, '2024-08-03', 900.00, 900.00, '2024-08-03 20:52:56', '2024-08-03 20:52:56'),
(658, '2024-08-17', 900.00, 950.00, '2024-08-17 18:19:38', '2024-08-17 18:19:38'),
(659, '2024-08-08', 300.00, 250.00, '2024-08-08 21:41:45', '2024-08-08 21:41:45'),
(660, '2024-08-06', 900.00, 900.00, '2024-08-06 20:43:59', '2024-08-06 20:43:59'),
(661, '2024-08-06', 900.00, 900.00, '2024-08-06 17:23:27', '2024-08-06 17:23:27'),
(662, '2024-08-10', 800.00, 0.00, '2024-08-10 17:34:00', '2024-08-10 17:34:00'),
(664, '2024-08-06', 900.00, 900.00, '2024-08-07 01:15:51', '2024-08-07 01:15:51'),
(665, '2024-08-08', 250.00, 350.00, '2024-08-08 19:33:08', '2024-08-08 19:33:08'),
(666, '2024-08-08', 250.00, 20.00, '2024-08-08 19:34:19', '2024-08-08 19:34:19'),
(667, '2024-08-13', 900.00, 900.00, '2024-08-13 19:39:37', '2024-08-13 19:39:37'),
(668, '2024-08-08', 300.00, 0.00, '2024-08-08 19:34:40', '2024-08-08 19:34:40'),
(669, '2024-08-15', 900.00, 800.00, '2024-08-15 17:20:28', '2024-08-15 17:20:28'),
(670, '2024-08-08', 900.00, 900.00, '2024-08-09 00:38:44', '2024-08-09 00:38:44'),
(671, '2024-08-10', 900.00, 900.00, '2024-08-10 17:33:29', '2024-08-10 17:33:29'),
(672, '2024-08-10', 900.00, 900.00, '2024-08-10 17:33:35', '2024-08-10 17:33:35'),
(673, '2024-08-08', 250.00, 200.00, '2024-08-08 19:42:48', '2024-08-08 19:42:48'),
(674, '2024-08-10', 1200.00, 0.00, '2024-08-10 17:34:48', '2024-08-10 17:34:48'),
(675, '2024-08-10', 300.00, 300.00, '2024-08-10 17:33:03', '2024-08-10 17:33:03'),
(676, '2024-08-16', 250.00, 0.00, '2024-08-16 17:58:56', '2024-08-16 17:58:56'),
(677, '2024-08-10', 1200.00, 0.00, '2024-08-10 17:32:42', '2024-08-10 17:32:42'),
(678, '2024-09-08', 350.00, 350.00, '2024-09-08 18:12:32', '2024-09-08 18:12:32'),
(679, '2024-09-08', 300.00, 1700.00, '2024-09-08 18:23:03', '2024-09-08 18:23:03'),
(680, '2024-08-31', 350.00, 0.00, '2024-08-31 19:35:35', '2024-08-31 19:35:35'),
(681, '2024-09-09', 900.00, 900.00, '2024-09-09 17:19:56', '2024-09-09 17:19:56'),
(682, '2024-08-16', 250.00, 550.00, '2024-08-16 17:54:00', '2024-08-16 17:54:00'),
(683, '2024-08-14', 900.00, 900.00, '2024-08-14 21:35:43', '2024-08-14 21:35:43'),
(684, '2024-08-16', 350.00, 800.00, '2024-08-16 21:01:12', '2024-08-16 21:01:12'),
(685, '2024-08-14', 900.00, 1300.00, '2024-08-14 21:35:30', '2024-08-14 21:35:30'),
(686, '2024-08-16', 300.00, 250.00, '2024-08-16 17:55:38', '2024-08-16 17:55:38'),
(687, '2024-08-15', 250.00, 250.00, '2024-08-16 00:47:42', '2024-08-16 00:47:42'),
(688, '2024-08-16', 900.00, 900.00, '2024-08-17 00:22:49', '2024-08-17 00:22:49'),
(689, '2024-08-16', 250.00, 250.00, '2024-08-16 17:55:55', '2024-08-16 17:55:55'),
(690, '2024-08-22', 300.00, 300.00, '2024-08-23 01:24:31', '2024-08-23 01:24:31'),
(691, '2024-08-16', 150.00, 150.00, '2024-08-17 01:28:54', '2024-08-17 01:28:54'),
(692, '2024-08-17', 900.00, 900.00, '2024-08-17 18:42:16', '2024-08-17 18:42:16'),
(693, '2024-08-22', 900.00, 900.00, '2024-08-23 01:24:23', '2024-08-23 01:24:23'),
(694, '2024-08-17', 200.00, 200.00, '2024-08-17 20:16:41', '2024-08-17 20:16:41'),
(695, '2024-08-17', 900.00, 850.00, '2024-08-18 01:07:49', '2024-08-18 01:07:49'),
(696, '2024-08-20', 250.00, 250.00, '2024-08-20 21:26:57', '2024-08-20 21:26:57'),
(697, '2024-08-22', 900.00, 900.00, '2024-08-23 01:24:11', '2024-08-23 01:24:11'),
(698, '2024-08-21', 900.00, 950.00, '2024-08-21 21:35:30', '2024-08-21 21:35:30'),
(699, '2024-08-21', 900.00, 900.00, '2024-08-21 21:35:49', '2024-08-21 21:35:49'),
(701, '2024-08-22', 250.00, 0.00, '2024-08-23 01:23:57', '2024-08-23 01:23:57'),
(702, '2024-08-20', 250.00, 250.00, '2024-08-20 21:27:34', '2024-08-20 21:27:34'),
(703, '2024-08-28', 300.00, 1200.00, '2024-08-29 03:13:20', '2024-08-29 03:13:20'),
(704, '2024-08-31', 150.00, 350.00, '2024-08-31 19:35:52', '2024-08-31 19:35:52'),
(705, '2024-08-21', 250.00, 250.00, '2024-08-22 03:00:22', '2024-08-22 03:00:22'),
(706, '2024-08-22', 250.00, 250.00, '2024-08-23 01:23:31', '2024-08-23 01:23:31'),
(707, '2024-08-22', 900.00, 950.00, '2024-08-23 01:23:23', '2024-08-23 01:23:23'),
(708, '2024-09-13', 900.00, 900.00, '2024-09-14 01:11:19', '2024-09-14 01:11:19'),
(709, '2024-08-29', 250.00, 400.00, '2024-08-30 00:30:54', '2024-08-30 00:30:54'),
(710, '2024-08-28', 250.00, 500.00, '2024-08-28 19:46:51', '2024-08-28 19:46:51'),
(711, '2024-08-24', 300.00, 0.00, '2024-08-25 02:19:36', '2024-08-25 02:19:36'),
(712, '2024-08-29', 300.00, 300.00, '2024-08-30 00:32:15', '2024-08-30 00:32:15'),
(713, '2024-09-21', 300.00, 50.00, '2024-09-22 00:12:21', '2024-09-22 00:12:21'),
(714, '2024-09-05', 900.00, 900.00, '2024-09-06 01:04:57', '2024-09-06 01:04:57'),
(715, '2024-09-04', 900.00, 900.00, '2024-09-04 22:02:09', '2024-09-04 22:02:09'),
(717, '2024-08-28', 900.00, 900.00, '2024-08-28 19:48:01', '2024-08-28 19:48:01'),
(718, '2024-09-09', 900.00, 900.00, '2024-09-09 17:34:04', '2024-09-09 17:34:04'),
(719, '2024-08-28', 900.00, 900.00, '2024-08-29 01:09:38', '2024-08-29 01:09:38'),
(720, '2024-08-31', 200.00, 0.00, '2024-08-31 17:26:42', '2024-08-31 17:26:42'),
(721, '2024-09-04', 350.00, 0.00, '2024-09-04 21:50:52', '2024-09-04 21:50:52'),
(722, '2024-08-31', 250.00, 250.00, '2024-08-31 19:33:11', '2024-08-31 19:33:11'),
(723, '2024-09-04', 300.00, 300.00, '2024-09-04 21:52:10', '2024-09-04 21:52:10'),
(724, '2024-08-28', 250.00, 250.00, '2024-08-29 03:25:12', '2024-08-29 03:25:12'),
(725, '2024-09-04', 900.00, 950.00, '2024-09-04 21:52:02', '2024-09-04 21:52:02'),
(726, '2024-08-29', 250.00, 250.00, '2024-08-30 00:30:10', '2024-08-30 00:30:10'),
(727, '2024-08-29', 300.00, 0.00, '2024-08-30 00:29:59', '2024-08-30 00:29:59'),
(728, '2024-08-28', 1000.00, 1000.00, '2024-08-29 03:25:02', '2024-08-29 03:25:02'),
(729, '2024-09-10', 900.00, 900.00, '2024-09-11 01:53:29', '2024-09-11 01:53:29'),
(730, '2024-09-06', 700.00, 700.00, '2024-09-07 00:18:51', '2024-09-07 00:18:51'),
(731, '2024-09-20', 900.00, 900.00, '2024-09-20 18:10:17', '2024-09-20 18:10:17'),
(732, '2024-08-31', 300.00, 250.00, '2024-08-31 19:34:03', '2024-08-31 19:34:03'),
(733, '2024-09-10', 700.00, 0.00, '2024-09-11 02:28:19', '2024-09-11 02:28:19'),
(734, '2024-09-02', 900.00, 900.00, '2024-09-02 20:47:22', '2024-09-02 20:47:22'),
(735, '2024-09-04', 250.00, 0.00, '2024-09-04 21:52:27', '2024-09-04 21:52:27'),
(736, '2024-09-06', 250.00, 400.00, '2024-09-07 02:11:04', '2024-09-07 02:11:04'),
(737, '2024-09-25', 800.00, 800.00, '2024-09-25 21:25:42', '2024-09-25 21:25:42'),
(738, '2024-09-05', 900.00, 900.00, '2024-09-06 01:04:39', '2024-09-06 01:04:39'),
(739, '2024-09-21', 250.00, 0.00, '2024-09-21 17:31:18', '2024-09-21 17:31:18'),
(740, '2024-09-11', 300.00, 0.00, '2024-09-12 03:07:50', '2024-09-12 03:07:50'),
(741, '2024-09-11', 300.00, 0.00, '2024-09-12 03:08:08', '2024-09-12 03:08:08'),
(742, '2024-09-11', 300.00, 0.00, '2024-09-11 17:37:42', '2024-09-11 17:37:42'),
(743, '2024-09-10', 900.00, 900.00, '2024-09-11 01:54:13', '2024-09-11 01:54:13'),
(744, '2024-09-11', 250.00, 0.00, '2024-09-11 17:38:29', '2024-09-11 17:38:29'),
(745, '2024-10-01', 900.00, 900.00, '2024-10-01 18:24:43', '2024-10-01 18:24:43'),
(746, '2024-09-12', 900.00, 900.00, '2024-09-12 16:38:47', '2024-09-12 16:38:47'),
(747, '2024-09-14', 300.00, 350.00, '2024-09-14 20:41:43', '2024-09-14 20:41:43'),
(748, '2024-09-30', 350.00, 800.00, '2024-10-01 00:13:36', '2024-10-01 00:13:36'),
(749, '2024-09-18', 900.00, 900.00, '2024-09-19 00:49:20', '2024-09-19 00:49:20'),
(750, '2024-09-21', 900.00, 900.00, '2024-09-21 17:31:51', '2024-09-21 17:31:51'),
(751, '2024-10-08', 1000.00, 600.00, '2024-10-09 03:04:08', '2024-10-09 03:04:08'),
(752, '2024-09-19', 150.00, 200.00, '2024-09-20 01:25:44', '2024-09-20 01:25:44'),
(753, '2024-09-19', 900.00, 1200.00, '2024-09-20 02:26:26', '2024-09-20 02:26:26'),
(754, '2024-09-22', 250.00, 200.00, '2024-09-22 21:44:24', '2024-09-22 21:44:24'),
(755, '2024-09-27', 300.00, 250.00, '2024-09-28 00:38:31', '2024-09-28 00:38:31'),
(756, '2024-09-22', 300.00, 200.00, '2024-09-22 21:43:51', '2024-09-22 21:43:51'),
(757, '2024-09-22', 250.00, 250.00, '2024-09-22 21:44:12', '2024-09-22 21:44:12'),
(758, '2024-09-22', 900.00, 900.00, '2024-09-22 21:43:59', '2024-09-22 21:43:59'),
(760, '2024-09-30', 900.00, 900.00, '2024-10-01 00:13:14', '2024-10-01 00:13:14'),
(761, '2024-09-24', 250.00, 250.00, '2024-09-25 03:00:00', '2024-09-25 03:00:00'),
(762, '2024-09-24', 300.00, 300.00, '2024-09-24 18:27:51', '2024-09-24 18:27:51'),
(763, '2024-09-27', 200.00, 300.00, '2024-09-27 17:48:18', '2024-09-27 17:48:18'),
(764, '2024-09-27', 300.00, 0.00, '2024-09-28 00:39:04', '2024-09-28 00:39:04'),
(765, '2024-09-25', 250.00, 250.00, '2024-09-25 20:09:44', '2024-09-25 20:09:44'),
(766, '2024-09-27', 900.00, 250.00, '2024-09-27 19:50:19', '2024-09-27 19:50:19'),
(767, '2024-09-29', 200.00, 500.00, '2024-09-29 19:02:29', '2024-09-29 19:02:29'),
(768, '2024-10-05', 300.00, 0.00, '2024-10-06 01:45:30', '2024-10-06 01:45:30'),
(769, '2024-10-02', 900.00, 900.00, '2024-10-02 16:35:38', '2024-10-02 16:35:38'),
(770, '2024-10-01', 900.00, 800.00, '2024-10-01 18:12:28', '2024-10-01 18:12:28'),
(771, '2024-10-01', 1150.00, 1000.00, '2024-10-01 19:41:13', '2024-10-01 19:41:13'),
(772, '2024-10-03', 300.00, 300.00, '2024-10-03 16:37:44', '2024-10-03 16:37:44'),
(773, '2024-10-02', 900.00, 900.00, '2024-10-03 02:53:46', '2024-10-03 02:53:46'),
(774, '2024-10-26', 1200.00, 900.00, '2024-10-26 19:59:03', '2024-10-26 19:59:03'),
(775, '2024-10-05', 200.00, 200.00, '2024-10-06 01:45:14', '2024-10-06 01:45:14'),
(776, '2024-10-05', 900.00, 900.00, '2024-10-06 01:44:49', '2024-10-06 01:44:49'),
(777, '2024-10-05', 900.00, 900.00, '2024-10-06 01:54:49', '2024-10-06 01:54:49'),
(778, '2024-10-03', 300.00, 250.00, '2024-10-03 20:40:29', '2024-10-03 20:40:29'),
(779, '2024-10-05', 200.00, 300.00, '2024-10-05 21:49:52', '2024-10-05 21:49:52'),
(780, '2024-10-05', 200.00, 200.00, '2024-10-06 01:45:04', '2024-10-06 01:45:04'),
(781, '2024-10-09', 250.00, 250.00, '2024-10-09 19:53:38', '2024-10-09 19:53:38'),
(782, '2024-10-08', 800.00, 550.00, '2024-10-09 01:09:53', '2024-10-09 01:09:53'),
(783, '2024-10-08', 200.00, 200.00, '2024-10-09 01:09:41', '2024-10-09 01:09:41'),
(784, '2024-10-09', 250.00, 250.00, '2024-10-09 19:53:26', '2024-10-09 19:53:26'),
(785, '2024-11-02', 300.00, 0.00, '2024-11-02 17:15:11', '2024-11-02 17:15:11'),
(786, '2024-10-16', 900.00, 900.00, '2024-10-17 02:39:48', '2024-10-17 02:39:48'),
(787, '2024-10-11', 0.00, 500.00, '2024-10-12 01:16:06', '2024-10-12 01:16:06'),
(788, '2024-10-12', 250.00, 250.00, '2024-10-13 01:41:37', '2024-10-13 01:41:37'),
(789, '2024-10-14', 900.00, 900.00, '2024-10-15 01:07:01', '2024-10-15 01:07:01'),
(790, '2024-10-14', 900.00, 1200.00, '2024-10-14 20:03:14', '2024-10-14 20:03:14'),
(791, '2024-10-16', 600.00, 50.00, '2024-10-16 18:32:08', '2024-10-16 18:32:08'),
(792, '2024-10-16', 900.00, 900.00, '2024-10-17 02:39:53', '2024-10-17 02:39:53'),
(793, '2024-10-16', 250.00, 100.00, '2024-10-17 02:40:07', '2024-10-17 02:40:07'),
(794, '2024-10-21', 900.00, 900.00, '2024-10-21 17:44:51', '2024-10-21 17:44:51'),
(795, '2024-10-18', 250.00, 250.00, '2024-10-18 20:13:52', '2024-10-18 20:13:52'),
(796, '2024-10-21', 900.00, 900.00, '2024-10-21 17:44:44', '2024-10-21 17:44:44'),
(797, '2024-10-18', 300.00, 100.00, '2024-10-19 02:05:31', '2024-10-19 02:05:31'),
(798, '2024-10-21', 250.00, 250.00, '2024-10-21 17:45:07', '2024-10-21 17:45:07'),
(799, '2024-10-26', 900.00, 900.00, '2024-10-27 01:29:50', '2024-10-27 01:29:50'),
(800, '2024-10-24', 250.00, 0.00, '2024-10-25 00:51:13', '2024-10-25 00:51:13'),
(801, '2024-10-26', 900.00, 900.00, '2024-10-27 01:29:41', '2024-10-27 01:29:41'),
(802, '2024-11-02', 350.00, 0.00, '2024-11-02 17:14:48', '2024-11-02 17:14:48'),
(803, '2024-10-26', 500.00, 30.00, '2024-10-27 01:35:02', '2024-10-27 01:35:02'),
(804, '2024-10-26', 900.00, 900.00, '2024-10-27 01:35:50', '2024-10-27 01:35:50'),
(806, '2024-11-01', 900.00, 900.00, '2024-11-01 21:38:22', '2024-11-01 21:38:22'),
(807, '2024-10-28', 900.00, 900.00, '2024-10-28 18:22:31', '2024-10-28 18:22:31'),
(808, '2024-10-31', 900.00, 900.00, '2024-10-31 16:24:13', '2024-10-31 16:24:13'),
(809, '2024-10-31', 300.00, 300.00, '2024-10-31 18:26:52', '2024-10-31 18:26:52'),
(810, '2024-11-01', 300.00, 350.00, '2024-11-01 21:38:11', '2024-11-01 21:38:11'),
(811, '2024-11-09', 550.00, 250.00, '2024-11-09 17:06:29', '2024-11-09 17:06:29'),
(812, '2024-11-01', 300.00, 250.00, '2024-11-01 21:35:50', '2024-11-01 21:35:50'),
(814, '2024-10-31', 300.00, 500.00, '2024-11-01 00:18:17', '2024-11-01 00:18:17'),
(815, '2024-10-31', 250.00, 350.00, '2024-11-01 00:33:28', '2024-11-01 00:33:28'),
(816, '2024-11-05', 500.00, 350.00, '2024-11-06 00:07:56', '2024-11-06 00:07:56'),
(818, '2024-11-05', 450.00, 350.00, '2024-11-06 00:08:13', '2024-11-06 00:08:13'),
(819, '2024-11-05', 900.00, 900.00, '2024-11-06 02:32:12', '2024-11-06 02:32:12'),
(820, '2024-11-12', 900.00, 900.00, '2024-11-12 16:45:46', '2024-11-12 16:45:46'),
(821, '2024-11-12', 350.00, 350.00, '2024-11-12 16:46:09', '2024-11-12 16:46:09'),
(822, '2024-11-12', 900.00, 900.00, '2024-11-12 16:46:30', '2024-11-12 16:46:30'),
(823, '2024-11-12', 900.00, 1400.00, '2024-11-12 16:45:36', '2024-11-12 16:45:36'),
(825, '2024-11-09', 250.00, 250.00, '2024-11-09 19:25:30', '2024-11-09 19:25:30'),
(826, '2024-11-12', 250.00, 250.00, '2024-11-12 16:46:19', '2024-11-12 16:46:19');

-- --------------------------------------------------------

--
-- Estructura de tabla para la tabla `cobros_taller_credito`
--

CREATE TABLE `cobros_taller_credito` (
  `num_orden` bigint(20) UNSIGNED NOT NULL,
  `id_cliente` bigint(20) UNSIGNED NOT NULL,
  `id_estatus` bigint(20) UNSIGNED NOT NULL,
  `created_at` timestamp NULL DEFAULT NULL,
  `updated_at` timestamp NULL DEFAULT NULL
) ENGINE=InnoDB DEFAULT CHARSET=utf8mb4 COLLATE=utf8mb4_unicode_ci;

--
-- Volcado de datos para la tabla `cobros_taller_credito`
--

INSERT INTO `cobros_taller_credito` (`num_orden`, `id_cliente`, `id_estatus`, `created_at`, `updated_at`) VALUES
(402, 1, 2, '2024-04-20 18:12:47', '2024-04-20 18:13:42'),
(405, 231, 1, '2024-04-22 17:56:09', '2024-04-22 17:56:09'),
(406, 227, 1, '2024-04-22 19:13:41', '2024-04-22 19:13:41'),
(409, 233, 1, '2024-04-23 01:02:58', '2024-04-23 01:02:58'),
(413, 3, 2, '2024-04-23 20:26:16', '2024-04-23 20:27:22'),
(415, 237, 2, '2024-04-24 00:58:33', '2024-04-24 18:28:41'),
(426, 247, 1, '2024-04-26 21:56:24', '2024-04-26 21:56:24'),
(431, 252, 2, '2024-04-30 01:17:31', '2024-04-30 18:46:52'),
(435, 256, 2, '2024-05-03 21:06:56', '2024-05-04 21:09:21'),
(437, 258, 2, '2024-05-04 02:39:12', '2024-05-17 17:49:42'),
(441, 262, 2, '2024-05-04 18:22:14', '2024-05-07 02:43:01'),
(445, 266, 2, '2024-05-06 20:00:42', '2024-05-09 19:40:47'),
(451, 272, 2, '2024-05-07 02:46:26', '2024-05-11 20:16:17'),
(452, 273, 2, '2024-05-08 01:06:48', '2024-05-14 01:19:00'),
(454, 102, 2, '2024-05-11 18:45:04', '2024-05-17 21:19:53'),
(456, 274, 2, '2024-05-14 00:19:21', '2024-05-14 00:19:48'),
(463, 120, 2, '2024-05-15 00:15:18', '2024-05-17 00:48:15'),
(473, 287, 2, '2024-05-18 17:36:09', '2024-05-31 20:35:34'),
(483, 297, 2, '2024-05-22 02:34:30', '2024-05-23 02:29:16'),
(486, 299, 2, '2024-05-22 19:23:46', '2024-05-24 01:11:26'),
(502, 312, 2, '2024-05-29 01:21:29', '2024-05-31 00:38:27'),
(503, 285, 2, '2024-05-29 17:31:59', '2024-05-31 20:34:10'),
(504, 253, 2, '2024-05-29 17:34:15', '2024-05-31 01:42:02'),
(507, 314, 2, '2024-05-31 20:39:04', '2024-06-03 21:26:17'),
(508, 315, 1, '2024-06-02 00:22:25', '2024-06-02 00:22:25'),
(513, 320, 2, '2024-06-03 18:38:02', '2024-06-04 19:52:14'),
(516, 323, 2, '2024-06-03 19:05:14', '2024-06-18 17:43:12'),
(524, 331, 2, '2024-06-06 00:36:50', '2024-06-06 03:21:09'),
(525, 332, 1, '2024-06-06 00:50:58', '2024-06-06 00:50:58'),
(531, 336, 2, '2024-06-09 00:29:07', '2024-06-09 01:11:10'),
(534, 338, 2, '2024-06-10 20:55:57', '2024-06-15 20:34:42'),
(540, 342, 2, '2024-06-11 20:14:02', '2024-06-20 21:03:08'),
(544, 346, 2, '2024-06-17 19:57:59', '2024-06-18 17:47:27'),
(573, 218, 2, '2024-07-02 17:07:10', '2024-07-02 19:22:40'),
(575, 69, 2, '2024-07-02 17:31:33', '2024-07-03 19:09:25'),
(593, 381, 2, '2024-07-08 19:24:44', '2024-07-15 18:31:40'),
(594, 364, 2, '2024-07-08 19:27:53', '2024-07-18 00:42:40'),
(604, 381, 2, '2024-07-15 17:50:43', '2024-07-18 00:33:25'),
(612, 392, 2, '2024-07-16 19:27:31', '2024-07-21 02:16:53'),
(641, 416, 2, '2024-08-01 01:00:22', '2024-08-03 02:43:39'),
(645, 420, 2, '2024-08-01 17:17:40', '2024-08-02 00:09:12'),
(660, 76, 2, '2024-08-05 20:14:20', '2024-08-06 20:43:59'),
(661, 272, 2, '2024-08-05 20:15:12', '2024-08-06 17:23:27'),
(685, 106, 2, '2024-08-14 18:01:21', '2024-08-14 21:35:30'),
(692, 451, 2, '2024-08-17 01:06:37', '2024-08-17 18:42:16'),
(693, 293, 2, '2024-08-17 19:02:18', '2024-08-23 01:24:23'),
(707, 460, 2, '2024-08-23 00:31:41', '2024-08-23 01:23:23'),
(710, 461, 2, '2024-08-23 17:01:44', '2024-08-28 19:46:51'),
(714, 465, 2, '2024-08-24 18:04:07', '2024-09-08 00:35:38'),
(717, 467, 2, '2024-08-26 17:08:41', '2024-08-28 19:48:01'),
(719, 469, 2, '2024-08-26 18:29:20', '2024-08-29 01:09:38'),
(728, 478, 2, '2024-08-28 19:24:47', '2024-08-29 03:25:02'),
(730, 45, 1, '2024-09-07 00:18:51', '2024-09-07 00:18:51'),
(743, 489, 2, '2024-09-11 00:14:27', '2024-09-11 01:54:13'),
(750, 495, 2, '2024-09-18 18:19:18', '2024-09-21 17:31:51'),
(751, 496, 2, '2024-09-18 19:42:23', '2024-10-09 03:04:08'),
(769, 511, 2, '2024-09-30 18:33:07', '2024-10-02 16:35:38'),
(790, 106, 2, '2024-10-14 16:59:31', '2024-10-14 20:03:14'),
(808, 542, 2, '2024-10-29 00:20:31', '2024-10-31 16:24:13'),
(819, 512, 2, '2024-11-05 19:57:25', '2024-11-06 02:32:12'),
(821, 151, 2, '2024-11-08 01:00:41', '2024-11-12 16:46:09');

-- --------------------------------------------------------

--
-- Estructura de tabla para la tabla `cobros_taller_credito_detalles`
--

CREATE TABLE `cobros_taller_credito_detalles` (
  `num_orden` bigint(20) UNSIGNED NOT NULL,
  `id_abono` bigint(20) UNSIGNED NOT NULL DEFAULT 0,
  `abono` decimal(10,2) NOT NULL,
  `created_at` timestamp NULL DEFAULT NULL,
  `updated_at` timestamp NULL DEFAULT NULL,
  `id_usuario_cobro` bigint(20) UNSIGNED DEFAULT NULL
) ENGINE=InnoDB DEFAULT CHARSET=utf8mb4 COLLATE=utf8mb4_unicode_ci;

--
-- Volcado de datos para la tabla `cobros_taller_credito_detalles`
--

INSERT INTO `cobros_taller_credito_detalles` (`num_orden`, `id_abono`, `abono`, `created_at`, `updated_at`, `id_usuario_cobro`) VALUES
(402, 1, 0.00, '2024-04-20 18:12:47', '2024-04-20 18:12:47', NULL),
(402, 2, 100.00, '2024-04-20 18:13:23', '2024-04-20 18:13:23', NULL),
(402, 3, 50.00, '2024-04-20 18:13:42', '2024-04-20 18:13:42', NULL),
(405, 1, 800.00, '2024-04-22 17:56:09', '2024-04-22 17:56:09', NULL),
(406, 1, 500.00, '2024-04-22 19:13:41', '2024-04-22 19:13:41', NULL),
(409, 1, 500.00, '2024-04-23 01:02:58', '2024-04-23 01:02:58', NULL),
(413, 0, 150.00, '2024-04-23 20:26:16', '2024-04-23 20:26:16', NULL),
(413, 1, 150.00, '2024-04-23 20:27:15', '2024-04-23 20:27:15', 14),
(413, 2, 450.00, '2024-04-23 20:27:22', '2024-04-23 20:27:22', 14),
(415, 0, 600.00, '2024-04-24 00:58:33', '2024-04-24 00:58:33', NULL),
(415, 1, 0.00, '2024-04-24 18:28:41', '2024-04-24 18:28:41', NULL),
(426, 0, 0.00, '2024-04-26 21:56:24', '2024-04-26 21:56:24', 14),
(431, 0, 100.00, '2024-04-30 01:17:31', '2024-04-30 01:17:31', NULL),
(431, 1, 150.00, '2024-04-30 18:46:52', '2024-04-30 18:46:52', NULL),
(435, 0, 500.00, '2024-05-03 21:06:56', '2024-05-03 21:06:56', NULL),
(435, 1, 400.00, '2024-05-04 21:09:21', '2024-05-04 21:09:21', NULL),
(437, 0, 500.00, '2024-05-04 02:39:12', '2024-05-04 02:39:12', NULL),
(437, 1, 500.00, '2024-05-17 17:49:42', '2024-05-17 17:49:42', NULL),
(441, 0, 400.00, '2024-05-04 18:22:14', '2024-05-04 18:22:14', NULL),
(441, 1, 500.00, '2024-05-07 02:43:01', '2024-05-07 02:43:01', NULL),
(445, 0, 500.00, '2024-05-06 20:00:42', '2024-05-06 20:00:42', NULL),
(445, 1, 600.00, '2024-05-09 19:40:47', '2024-05-09 19:40:47', NULL),
(451, 0, 500.00, '2024-05-07 02:46:26', '2024-05-07 02:46:26', NULL),
(451, 1, 400.00, '2024-05-11 20:16:17', '2024-05-11 20:16:17', NULL),
(452, 0, 1000.00, '2024-05-08 01:06:49', '2024-05-08 01:06:49', NULL),
(452, 1, 100.00, '2024-05-14 01:19:00', '2024-05-14 01:19:00', NULL),
(454, 0, 1000.00, '2024-05-11 18:45:04', '2024-05-11 18:45:04', NULL),
(454, 1, 0.00, '2024-05-17 21:19:53', '2024-05-17 21:19:53', NULL),
(456, 0, 350.00, '2024-05-14 00:19:21', '2024-05-14 00:19:21', NULL),
(456, 1, 0.00, '2024-05-14 00:19:48', '2024-05-14 00:19:48', NULL),
(463, 0, 500.00, '2024-05-15 00:15:18', '2024-05-15 00:15:18', NULL),
(463, 1, 500.00, '2024-05-17 00:48:15', '2024-05-17 00:48:15', NULL),
(473, 0, 500.00, '2024-05-18 17:36:09', '2024-05-18 17:36:09', NULL),
(473, 1, 400.00, '2024-05-31 20:35:34', '2024-05-31 20:35:34', NULL),
(483, 0, 200.00, '2024-05-22 02:34:30', '2024-05-22 02:34:30', NULL),
(483, 1, 0.00, '2024-05-23 02:29:16', '2024-05-23 02:29:16', NULL),
(486, 0, 500.00, '2024-05-22 19:23:46', '2024-05-22 19:23:46', NULL),
(486, 1, 500.00, '2024-05-24 01:11:26', '2024-05-24 01:11:26', NULL),
(502, 0, 400.00, '2024-05-29 01:21:29', '2024-05-29 01:21:29', 14),
(502, 1, 500.00, '2024-05-31 00:38:27', '2024-05-31 00:38:27', NULL),
(503, 0, 800.00, '2024-05-29 17:31:59', '2024-05-29 17:31:59', 14),
(503, 1, -800.00, '2024-05-31 20:34:10', '2024-05-31 20:34:10', NULL),
(504, 0, 400.00, '2024-05-29 17:34:15', '2024-05-29 17:34:15', 14),
(504, 1, 900.00, '2024-05-31 01:42:02', '2024-05-31 01:42:02', NULL),
(507, 0, 200.00, '2024-05-31 20:39:04', '2024-05-31 20:39:04', 14),
(507, 1, 700.00, '2024-06-03 21:26:17', '2024-06-03 21:26:17', NULL),
(508, 0, 0.00, '2024-06-02 00:22:25', '2024-06-02 00:22:25', 14),
(508, 1, 200.00, '2024-06-02 00:22:37', '2024-06-02 00:22:37', 14),
(513, 0, 800.00, '2024-06-03 18:38:02', '2024-06-03 18:38:02', 14),
(513, 1, 600.00, '2024-06-04 19:52:14', '2024-06-04 19:52:14', NULL),
(516, 0, 1000.00, '2024-06-03 19:05:14', '2024-06-03 19:05:14', 14),
(516, 1, 1500.00, '2024-06-18 17:43:12', '2024-06-18 17:43:12', NULL),
(524, 0, 900.00, '2024-06-06 00:36:50', '2024-06-06 00:36:50', 14),
(524, 1, 0.00, '2024-06-06 03:21:09', '2024-06-06 03:21:09', NULL),
(525, 0, 200.00, '2024-06-06 00:50:58', '2024-06-06 00:50:58', 14),
(525, 1, 100.00, '2024-06-09 01:11:40', '2024-06-09 01:11:40', 14),
(531, 0, 600.00, '2024-06-09 00:29:07', '2024-06-09 00:29:07', 14),
(531, 1, 300.00, '2024-06-09 01:11:10', '2024-06-09 01:11:10', NULL),
(534, 0, 250.00, '2024-06-10 20:55:57', '2024-06-10 20:55:57', 14),
(534, 1, -50.00, '2024-06-15 20:34:42', '2024-06-15 20:34:42', NULL),
(540, 0, 400.00, '2024-06-11 20:14:02', '2024-06-11 20:14:02', 14),
(540, 1, 400.00, '2024-06-20 21:03:08', '2024-06-20 21:03:08', NULL),
(544, 0, 400.00, '2024-06-17 19:57:59', '2024-06-17 19:57:59', 14),
(544, 1, 500.00, '2024-06-18 17:47:27', '2024-06-18 17:47:27', NULL),
(573, 0, 500.00, '2024-07-02 17:07:10', '2024-07-02 17:07:10', 14),
(573, 1, 900.00, '2024-07-02 19:22:40', '2024-07-02 19:22:40', NULL),
(575, 0, 900.00, '2024-07-02 17:31:33', '2024-07-02 17:31:33', 14),
(575, 1, 0.00, '2024-07-03 19:09:25', '2024-07-03 19:09:25', NULL),
(593, 0, 600.00, '2024-07-08 19:24:44', '2024-07-08 19:24:44', 14),
(593, 1, 500.00, '2024-07-15 18:31:40', '2024-07-15 18:31:40', NULL),
(594, 0, 200.00, '2024-07-08 19:27:53', '2024-07-08 19:27:53', 14),
(594, 1, 50.00, '2024-07-18 00:42:40', '2024-07-18 00:42:40', NULL),
(604, 0, 300.00, '2024-07-15 17:50:43', '2024-07-15 17:50:43', 14),
(604, 1, 600.00, '2024-07-18 00:33:25', '2024-07-18 00:33:25', NULL),
(612, 0, 300.00, '2024-07-16 19:27:31', '2024-07-16 19:27:31', 14),
(612, 1, 300.00, '2024-07-21 02:16:53', '2024-07-21 02:16:53', NULL),
(641, 0, 800.00, '2024-08-01 01:00:22', '2024-08-01 01:00:22', 14),
(641, 1, 100.00, '2024-08-03 02:43:39', '2024-08-03 02:43:39', NULL),
(645, 0, 900.00, '2024-08-01 17:17:40', '2024-08-01 17:17:40', 14),
(645, 1, 0.00, '2024-08-02 00:09:12', '2024-08-02 00:09:12', NULL),
(660, 0, 900.00, '2024-08-05 20:14:20', '2024-08-05 20:14:20', 14),
(660, 1, 0.00, '2024-08-06 20:43:59', '2024-08-06 20:43:59', NULL),
(661, 0, 500.00, '2024-08-05 20:15:12', '2024-08-05 20:15:12', 14),
(661, 1, 400.00, '2024-08-06 17:23:27', '2024-08-06 17:23:27', NULL),
(685, 0, 1000.00, '2024-08-14 18:01:21', '2024-08-14 18:01:21', 14),
(685, 1, 300.00, '2024-08-14 21:35:30', '2024-08-14 21:35:30', NULL),
(692, 0, 500.00, '2024-08-17 01:06:37', '2024-08-17 01:06:37', 14),
(692, 1, 400.00, '2024-08-17 18:42:16', '2024-08-17 18:42:16', NULL),
(693, 0, 450.00, '2024-08-17 19:02:18', '2024-08-17 19:02:18', 14),
(693, 1, 450.00, '2024-08-23 01:24:23', '2024-08-23 01:24:23', NULL),
(707, 0, 500.00, '2024-08-23 00:31:41', '2024-08-23 00:31:41', 14),
(707, 1, 450.00, '2024-08-23 01:23:23', '2024-08-23 01:23:23', NULL),
(710, 0, 200.00, '2024-08-23 17:01:44', '2024-08-23 17:01:44', 14),
(710, 1, 300.00, '2024-08-28 19:46:51', '2024-08-28 19:46:51', NULL),
(714, 0, 400.00, '2024-08-24 18:04:07', '2024-08-24 18:04:07', 14),
(714, 1, 250.00, '2024-09-06 01:05:09', '2024-09-06 01:05:09', 14),
(714, 2, 250.00, '2024-09-08 00:35:38', '2024-09-08 00:35:38', 14),
(717, 0, 900.00, '2024-08-26 17:08:41', '2024-08-26 17:08:41', 14),
(717, 1, 0.00, '2024-08-28 19:48:01', '2024-08-28 19:48:01', NULL),
(719, 0, 500.00, '2024-08-26 18:29:20', '2024-08-26 18:29:20', 14),
(719, 1, 400.00, '2024-08-29 01:09:38', '2024-08-29 01:09:38', NULL),
(728, 0, 500.00, '2024-08-28 19:24:47', '2024-08-28 19:24:47', 14),
(728, 1, 500.00, '2024-08-29 03:25:02', '2024-08-29 03:25:02', NULL),
(730, 0, 0.00, '2024-09-07 00:18:51', '2024-09-07 00:18:51', 14),
(743, 0, 900.00, '2024-09-11 00:14:27', '2024-09-11 00:14:27', 14),
(743, 1, 0.00, '2024-09-11 01:54:13', '2024-09-11 01:54:13', NULL),
(750, 0, 500.00, '2024-09-18 18:19:18', '2024-09-18 18:19:18', 14),
(750, 1, 400.00, '2024-09-21 17:31:51', '2024-09-21 17:31:51', NULL),
(751, 0, 300.00, '2024-09-18 19:42:23', '2024-09-18 19:42:23', 14),
(751, 1, 300.00, '2024-10-09 03:04:08', '2024-10-09 03:04:08', NULL),
(769, 0, 550.00, '2024-09-30 18:33:07', '2024-09-30 18:33:07', 14),
(769, 1, 350.00, '2024-10-02 16:35:38', '2024-10-02 16:35:38', NULL),
(790, 0, 1200.00, '2024-10-14 16:59:31', '2024-10-14 16:59:31', 14),
(790, 1, 0.00, '2024-10-14 20:03:14', '2024-10-14 20:03:14', NULL),
(808, 0, 500.00, '2024-10-29 00:20:31', '2024-10-29 00:20:31', 14),
(808, 1, 400.00, '2024-10-31 16:24:13', '2024-10-31 16:24:13', NULL),
(819, 0, 900.00, '2024-11-05 19:57:25', '2024-11-05 19:57:25', 14),
(819, 1, 0.00, '2024-11-06 02:32:12', '2024-11-06 02:32:12', NULL),
(821, 0, 200.00, '2024-11-08 01:00:41', '2024-11-08 01:00:41', 14),
(821, 1, 150.00, '2024-11-12 16:46:09', '2024-11-12 16:46:09', NULL);

-- --------------------------------------------------------

--
-- Estructura de tabla para la tabla `departamentos_productos`
--

CREATE TABLE `departamentos_productos` (
  `id` bigint(20) UNSIGNED NOT NULL,
  `nombre` varchar(30) NOT NULL,
  `disponible` tinyint(1) NOT NULL
) ENGINE=InnoDB DEFAULT CHARSET=utf8mb4 COLLATE=utf8mb4_unicode_ci;

--
-- Volcado de datos para la tabla `departamentos_productos`
--

INSERT INTO `departamentos_productos` (`id`, `nombre`, `disponible`) VALUES
(1, 'SIN DEPARTAMENTO', 1),
(2, 'ACCESORIOS P/CELULAR', 1),
(3, 'BILLETERAS', 1),
(4, 'BOCINAS', 1),
(5, 'CARTERAS', 1),
(6, 'CIGARROS-ESENCIAS', 1),
(7, 'COMPUTACIÓN', 1),
(8, 'DULCES', 1),
(9, 'JUEGOS', 1),
(10, 'LINTERNAS', 1),
(11, 'LLAVEROS', 1),
(12, 'PAPELERÍA', 1),
(13, 'RELOJES', 1),
(14, 'REGALOS', 1),
(15, 'NAVAJAS', 1),
(16, 'RECARGAS', 1);

-- --------------------------------------------------------

--
-- Estructura de tabla para la tabla `equipos`
--

CREATE TABLE `equipos` (
  `id` bigint(20) UNSIGNED NOT NULL,
  `id_tipo` bigint(20) UNSIGNED DEFAULT NULL,
  `id_marca` bigint(20) UNSIGNED NOT NULL,
  `id_modelo` bigint(20) UNSIGNED NOT NULL,
  `id_cliente` bigint(20) UNSIGNED NOT NULL,
  `disponible` tinyint(1) NOT NULL DEFAULT 1,
  `created_at` timestamp NULL DEFAULT NULL,
  `updated_at` timestamp NULL DEFAULT NULL
) ENGINE=InnoDB DEFAULT CHARSET=utf8mb4 COLLATE=utf8mb4_unicode_ci;

--
-- Volcado de datos para la tabla `equipos`
--

INSERT INTO `equipos` (`id`, `id_tipo`, `id_marca`, `id_modelo`, `id_cliente`, `disponible`, `created_at`, `updated_at`) VALUES
(1, 1, 1, 1, 1, 1, '2023-09-28 18:46:41', '2023-09-28 18:46:41'),
(6, 1, 8, 34, 1, 1, '2023-10-11 10:56:55', '2023-10-22 04:27:01'),
(7, 2, 9, 45, 1, 1, '2023-10-11 10:58:39', '2023-10-11 10:58:39'),
(8, 1, 10, 8, 1, 1, '2023-10-11 23:54:42', '2023-10-11 23:54:42'),
(9, 1, 12, 39, 1, 1, '2023-10-11 23:55:15', '2023-10-11 23:55:15'),
(10, 1, 13, 40, 1, 1, '2023-10-12 01:26:41', '2023-10-12 01:26:41'),
(11, 1, 1, 4, 1, 1, '2023-10-12 01:44:02', '2023-10-12 01:44:02'),
(12, 1, 11, 2, 1, 1, '2023-10-14 06:59:33', '2023-10-14 06:59:33'),
(13, 1, 7, 5, 1, 1, '2023-10-14 07:03:01', '2023-10-14 07:03:01'),
(14, 1, 17, 47, 1, 1, '2023-10-14 07:59:20', '2023-10-14 07:59:20'),
(15, 3, 18, 49, 2, 1, '2023-10-18 04:59:21', '2023-10-18 04:59:21'),
(16, 4, 19, 50, 2, 1, '2023-10-18 05:01:31', '2023-10-18 05:01:31'),
(17, 5, 20, 51, 1, 1, '2023-10-18 05:03:52', '2023-10-18 05:03:52'),
(18, 6, 21, 52, 1, 1, '2023-10-19 00:11:42', '2023-10-19 00:11:42'),
(19, 7, 22, 53, 1, 1, '2023-10-19 04:48:24', '2023-10-19 04:48:24'),
(20, 1, 11, 2, 1, 1, '2023-10-19 10:42:46', '2023-10-19 10:42:46'),
(21, 1, 16, 43, 3, 1, '2023-10-19 10:51:42', '2023-10-19 10:51:42'),
(22, 1, 12, 39, 3, 1, '2023-10-19 10:53:06', '2023-10-19 10:53:06'),
(23, 1, 8, 3, 1, 1, '2023-10-19 11:01:12', '2023-10-19 11:01:12'),
(25, 1, 17, 47, 3, 1, '2023-10-19 11:09:45', '2023-10-19 11:09:45'),
(26, 1, 10, 8, 4, 1, '2023-10-19 11:11:09', '2023-10-19 11:11:09'),
(32, 1, 15, 42, 3, 1, '2023-10-20 00:47:03', '2023-10-20 00:47:03'),
(39, 1, 5, 38, 3, 1, '2023-10-20 01:51:53', '2023-10-20 01:51:53'),
(43, 1, 7, 5, 4, 1, '2023-10-20 01:59:23', '2023-10-20 01:59:23'),
(44, 5, 20, 51, 4, 1, '2023-10-20 02:01:13', '2023-10-20 02:01:13'),
(45, 1, 16, 44, 1, 1, '2023-10-20 02:05:40', '2023-10-20 02:05:40'),
(46, 1, 11, 15, 4, 1, '2023-10-20 02:07:30', '2023-10-20 02:07:30'),
(47, 1, 16, 43, 4, 1, '2023-10-20 02:07:53', '2023-10-20 02:07:53'),
(48, 4, 19, 50, 1, 1, '2023-10-20 02:09:42', '2023-10-20 02:09:42'),
(52, 1, 13, 40, 2, 1, '2023-10-20 04:31:22', '2023-10-20 04:31:22'),
(53, 1, 11, 26, 4, 1, '2023-10-20 04:36:29', '2023-10-20 04:36:29'),
(55, 1, 16, 43, 2, 1, '2023-10-20 04:45:44', '2023-10-20 04:45:44'),
(56, 2, 9, 45, 3, 1, '2023-10-21 01:23:08', '2023-11-04 03:51:49'),
(57, 1, 7, 5, 5, 1, '2023-10-23 21:01:04', '2023-10-23 21:01:04'),
(58, 1, 4, 54, 3, 1, '2023-10-24 01:28:00', '2023-10-24 01:28:00'),
(59, 1, 12, 39, 6, 1, '2023-10-24 01:33:28', '2023-10-24 01:33:28'),
(60, 1, 5, 11, 6, 1, '2023-10-24 03:02:50', '2023-10-24 03:02:50'),
(61, 1, 10, 8, 3, 1, '2023-10-24 03:07:39', '2023-10-24 03:07:39'),
(62, 1, 4, 54, 6, 1, '2024-01-04 01:57:41', '2024-01-04 01:57:41'),
(63, 1, 5, 38, 6, 1, '2024-01-04 03:57:30', '2024-01-04 03:57:30'),
(64, 1, 11, 2, 6, 1, '2024-01-04 04:20:33', '2024-01-04 04:20:33'),
(65, 1, 8, 3, 6, 1, '2024-01-17 02:36:08', '2024-01-17 02:36:08'),
(66, 1, 1, 1, 6, 1, '2024-01-17 02:39:32', '2024-01-17 02:39:32'),
(67, 2, 9, 45, 6, 1, '2024-01-17 02:44:15', '2024-01-17 02:44:15'),
(68, 1, 8, 22, 6, 1, '2024-01-17 02:49:01', '2024-01-17 02:49:01'),
(69, 1, 16, 43, 6, 1, '2024-01-17 03:13:24', '2024-01-17 03:13:24'),
(70, 1, 6, 36, 6, 1, '2024-01-23 07:50:53', '2024-01-23 07:50:53'),
(71, 1, 10, 19, 6, 1, '2024-01-23 23:33:29', '2024-01-23 23:33:29'),
(72, 1, 14, 41, 6, 1, '2024-01-26 01:38:50', '2024-01-26 01:38:50'),
(73, 1, 8, 14, 6, 1, '2024-01-26 02:09:14', '2024-01-26 02:09:14'),
(74, 1, 7, 37, 6, 1, '2024-01-26 02:19:32', '2024-01-26 02:19:32'),
(75, 1, 13, 40, 6, 1, '2024-01-26 02:29:41', '2024-01-26 02:29:41'),
(77, 1, 15, 42, 6, 0, '2024-01-26 03:58:02', '2024-06-26 19:43:17'),
(78, 1, 8, 3, 6, 1, '2024-01-26 07:39:11', '2024-01-30 03:03:29'),
(79, 1, 16, 44, 6, 1, '2024-01-26 07:40:26', '2024-01-26 07:40:26'),
(80, 1, 1, 4, 6, 1, '2024-01-26 07:40:46', '2024-01-26 07:40:46'),
(81, 1, 2, 24, 6, 1, '2024-01-27 21:09:23', '2024-01-27 21:09:23'),
(82, 1, 17, 47, 8, 1, '2024-01-28 01:08:46', '2024-01-28 01:08:46'),
(88, 1, 16, 43, 14, 1, '2024-01-28 01:37:31', '2024-01-28 01:37:31'),
(89, 1, 7, 55, 15, 1, '2024-01-29 18:04:59', '2024-01-29 18:04:59'),
(90, 1, 2, 56, 16, 1, '2024-01-30 01:27:46', '2024-01-30 01:27:46'),
(91, 1, 2, 57, 17, 1, '2024-01-30 19:31:13', '2024-01-30 19:31:13'),
(92, 1, 17, 58, 18, 1, '2024-01-30 19:32:37', '2024-01-30 19:32:37'),
(95, 1, 1, 59, 21, 1, '2024-01-31 19:31:34', '2024-01-31 19:31:34'),
(96, 1, 2, 60, 22, 1, '2024-01-31 19:35:29', '2024-01-31 19:35:29'),
(97, 1, 8, 61, 23, 1, '2024-01-31 19:37:32', '2024-01-31 19:37:32'),
(98, 1, 8, 62, 24, 1, '2024-01-31 19:44:50', '2024-01-31 19:44:50'),
(99, 1, 2, 63, 25, 1, '2024-02-01 01:27:22', '2024-02-01 01:27:22'),
(100, 1, 4, 64, 25, 1, '2024-02-01 01:29:35', '2024-02-01 01:29:35'),
(108, 1, 1, 65, 33, 1, '2024-02-01 17:39:16', '2024-02-01 17:39:16'),
(109, 3, 18, 66, 34, 1, '2024-02-01 18:32:07', '2024-02-01 18:32:07'),
(110, 1, 2, 67, 35, 1, '2024-02-02 01:03:17', '2024-02-02 01:03:17'),
(111, 1, 2, 63, 36, 1, '2024-02-02 18:31:48', '2024-02-02 18:31:48'),
(112, 1, 2, 68, 37, 1, '2024-02-03 19:28:53', '2024-02-03 19:28:53'),
(113, 1, 8, 61, 38, 1, '2024-02-03 21:04:51', '2024-02-03 21:04:51'),
(114, 1, 8, 3, 39, 1, '2024-02-03 21:06:04', '2024-02-03 21:06:04'),
(115, 1, 23, 70, 40, 1, '2024-02-05 18:37:59', '2024-02-05 18:37:59'),
(116, 1, 1, 71, 41, 1, '2024-02-06 00:14:49', '2024-02-06 00:14:49'),
(117, 1, 8, 72, 42, 1, '2024-02-06 00:16:31', '2024-02-06 00:16:31'),
(118, 1, 2, 73, 43, 1, '2024-02-06 00:48:46', '2024-02-06 00:48:46'),
(119, 1, 17, 74, 44, 1, '2024-02-06 00:55:48', '2024-02-06 00:55:48'),
(120, 3, 24, 76, 45, 1, '2024-02-06 16:29:37', '2024-02-06 16:29:37'),
(121, 2, 25, 77, 46, 1, '2024-02-10 20:13:57', '2024-02-10 20:13:57'),
(123, 3, 26, 78, 48, 1, '2024-02-18 18:31:58', '2024-02-18 18:31:58'),
(124, 1, 17, 74, 49, 1, '2024-02-18 18:35:43', '2024-02-18 18:35:43'),
(125, 3, 27, 80, 50, 1, '2024-02-18 20:07:02', '2024-02-18 20:07:02'),
(126, 1, 17, 81, 51, 1, '2024-02-18 20:13:54', '2024-02-18 20:13:54'),
(127, 1, 2, 82, 52, 1, '2024-02-18 20:49:40', '2024-02-18 20:49:40'),
(128, 1, 2, 57, 53, 1, '2024-02-18 21:03:47', '2024-02-18 21:03:47'),
(129, 3, 24, 75, 54, 1, '2024-02-18 21:05:38', '2024-02-18 21:05:38'),
(130, 1, 2, 83, 55, 1, '2024-02-19 17:42:50', '2024-02-19 17:42:50'),
(131, 1, 2, 84, 56, 1, '2024-02-19 17:50:33', '2024-02-19 17:50:33'),
(132, 1, 1, 85, 57, 1, '2024-02-19 18:01:03', '2024-02-19 18:01:03'),
(133, 1, 8, 86, 58, 1, '2024-02-19 18:06:31', '2024-02-19 18:06:31'),
(134, 1, 1, 87, 59, 1, '2024-02-19 18:45:08', '2024-02-19 18:45:08'),
(135, 1, 2, 83, 60, 1, '2024-02-21 00:43:31', '2024-02-21 00:43:31'),
(136, 1, 2, 82, 61, 1, '2024-02-21 01:07:23', '2024-02-21 01:07:23'),
(137, 1, 1, 88, 62, 1, '2024-02-21 01:38:12', '2024-02-21 01:38:12'),
(138, 1, 8, 89, 63, 1, '2024-02-21 19:12:30', '2024-02-21 19:12:30'),
(139, 1, 1, 90, 64, 1, '2024-02-21 21:29:45', '2024-02-21 21:29:45'),
(140, 1, 1, 91, 64, 1, '2024-02-21 21:32:39', '2024-02-21 21:32:39'),
(141, 1, 8, 92, 74, 1, '2024-02-22 02:12:45', '2024-02-22 02:12:45'),
(142, 1, 2, 73, 66, 1, '2024-02-22 03:00:42', '2024-02-22 03:00:42'),
(143, 1, 1, 93, 67, 1, '2024-02-22 18:34:37', '2024-02-22 18:34:37'),
(144, 1, 7, 55, 67, 1, '2024-02-22 18:35:16', '2024-02-22 18:35:16'),
(145, 3, 18, 66, 68, 1, '2024-02-22 18:38:46', '2024-02-22 18:38:46'),
(146, 1, 7, 94, 69, 1, '2024-02-23 17:35:44', '2024-02-23 17:35:44'),
(147, 1, 28, 95, 69, 1, '2024-02-23 17:38:27', '2024-02-23 17:38:27'),
(150, 1, 2, 96, 72, 1, '2024-02-23 17:59:33', '2024-02-23 17:59:33'),
(151, 1, 1, 97, 73, 1, '2024-02-23 21:17:52', '2024-02-23 21:17:52'),
(152, 1, 7, 98, 75, 1, '2024-02-24 01:28:09', '2024-02-24 01:28:09'),
(153, 1, 2, 99, 76, 1, '2024-02-24 20:51:14', '2024-02-24 20:51:14'),
(162, 1, 8, 100, 77, 1, '2024-02-25 02:33:36', '2024-02-25 02:33:36'),
(163, 1, 2, 60, 78, 1, '2024-02-25 02:43:53', '2024-02-25 02:43:53'),
(165, 4, 29, 101, 79, 1, '2024-02-26 16:30:26', '2024-02-26 16:30:26'),
(166, 1, 2, 102, 80, 1, '2024-02-26 19:41:16', '2024-02-26 19:41:16'),
(167, 3, 30, 103, 81, 1, '2024-02-26 19:43:54', '2024-02-26 19:43:54'),
(168, 1, 2, 63, 82, 1, '2024-02-27 01:38:57', '2024-02-27 01:38:57'),
(169, 1, 8, 86, 83, 1, '2024-02-27 02:03:29', '2024-02-27 02:03:29'),
(170, 1, 4, 104, 84, 1, '2024-02-27 20:05:28', '2024-02-27 20:05:28'),
(171, 1, 2, 105, 85, 1, '2024-02-28 02:10:31', '2024-02-28 02:10:31'),
(173, 1, 1, 90, 76, 1, '2024-02-29 03:31:12', '2024-02-29 03:31:12'),
(174, 1, 1, 88, 86, 1, '2024-02-29 19:40:53', '2024-02-29 19:40:53'),
(175, 1, 31, 107, 87, 1, '2024-02-29 19:42:20', '2024-02-29 19:42:20'),
(176, 1, 2, 108, 64, 1, '2024-02-29 19:46:02', '2024-02-29 19:46:02'),
(177, 1, 17, 79, 49, 1, '2024-03-01 00:25:14', '2024-03-01 00:25:14'),
(178, 1, 13, 109, 88, 1, '2024-03-01 17:11:15', '2024-03-01 17:11:15'),
(180, 1, 8, 110, 90, 1, '2024-03-02 17:59:40', '2024-03-02 17:59:40'),
(183, 1, 2, 111, 93, 1, '2024-03-02 18:08:02', '2024-03-02 18:08:02'),
(186, 1, 4, 112, 96, 1, '2024-03-02 18:38:50', '2024-03-02 18:38:50'),
(187, 3, 18, 66, 97, 1, '2024-03-02 18:57:23', '2024-03-02 18:57:23'),
(188, 1, 2, 113, 98, 1, '2024-03-02 20:59:13', '2024-03-02 20:59:13'),
(189, 1, 1, 91, 98, 1, '2024-03-02 21:00:12', '2024-03-02 21:00:12'),
(190, 1, 2, 114, 99, 1, '2024-03-03 00:20:14', '2024-03-03 00:20:14'),
(191, 1, 2, 68, 100, 1, '2024-03-03 01:35:18', '2024-03-03 01:35:18'),
(192, 1, 1, 115, 101, 1, '2024-03-04 18:24:20', '2024-03-04 18:24:20'),
(193, 1, 31, 116, 102, 1, '2024-03-04 18:33:09', '2024-03-04 18:33:09'),
(197, 1, 8, 61, 106, 1, '2024-03-04 18:54:48', '2024-03-04 18:54:48'),
(198, 1, 7, 117, 107, 1, '2024-03-04 18:55:31', '2024-03-04 18:55:31'),
(199, 3, 18, 118, 108, 1, '2024-03-04 18:58:26', '2024-03-04 18:58:26'),
(200, 1, 2, 119, 109, 1, '2024-03-04 20:05:36', '2024-03-04 20:05:36'),
(201, 1, 17, 120, 110, 1, '2024-03-05 01:09:49', '2024-03-05 01:09:49'),
(202, 1, 28, 95, 110, 1, '2024-03-05 01:10:42', '2024-03-05 01:10:42'),
(203, 1, 8, 121, 111, 1, '2024-03-05 02:09:26', '2024-03-05 02:09:26'),
(204, 1, 2, 56, 112, 1, '2024-03-05 17:52:02', '2024-03-05 17:52:02'),
(205, 1, 1, 122, 113, 1, '2024-03-05 18:18:10', '2024-03-05 18:18:10'),
(206, 1, 2, 123, 114, 1, '2024-03-05 18:41:32', '2024-03-05 18:41:32'),
(207, 2, 32, 124, 115, 1, '2024-03-05 19:23:25', '2024-03-05 19:23:25'),
(208, 1, 2, 125, 116, 1, '2024-03-05 20:17:59', '2024-03-05 20:17:59'),
(209, 1, 8, 126, 117, 1, '2024-03-06 02:35:25', '2024-03-06 02:35:25'),
(210, 1, 2, 127, 118, 1, '2024-03-06 02:52:49', '2024-03-06 02:52:49'),
(211, 1, 1, 128, 119, 1, '2024-03-06 18:59:57', '2024-03-06 18:59:57'),
(212, 1, 2, 125, 120, 1, '2024-03-07 02:24:31', '2024-03-07 02:24:31'),
(216, 1, 2, 129, 124, 1, '2024-03-07 18:20:53', '2024-03-07 18:20:53'),
(217, 1, 4, 130, 125, 1, '2024-03-07 20:18:34', '2024-03-07 20:18:34'),
(218, 1, 2, 123, 126, 1, '2024-03-08 20:50:23', '2024-03-08 20:50:23'),
(219, 1, 1, 131, 127, 1, '2024-03-08 20:56:42', '2024-03-08 20:56:42'),
(220, 1, 2, 132, 128, 1, '2024-03-11 18:33:41', '2024-03-11 18:33:41'),
(221, 1, 2, 133, 129, 1, '2024-03-11 18:41:27', '2024-03-11 18:41:27'),
(222, 1, 2, 83, 130, 1, '2024-03-11 20:27:12', '2024-03-11 20:27:12'),
(223, 1, 1, 134, 131, 1, '2024-03-11 21:15:09', '2024-03-11 21:15:09'),
(224, 1, 2, 108, 130, 1, '2024-03-11 23:53:28', '2024-03-11 23:53:28'),
(225, 1, 1, 135, 131, 1, '2024-03-11 23:56:16', '2024-03-11 23:56:16'),
(226, 1, 17, 79, 132, 1, '2024-03-12 03:14:19', '2024-03-12 03:14:19'),
(227, 1, 33, 136, 133, 1, '2024-03-12 18:13:26', '2024-03-12 18:13:26'),
(228, 1, 1, 137, 134, 1, '2024-03-12 19:12:20', '2024-03-12 19:12:20'),
(229, 1, 2, 33, 135, 1, '2024-03-12 20:06:42', '2024-03-12 20:06:42'),
(230, 1, 11, 139, 136, 1, '2024-03-13 01:29:07', '2024-03-13 01:29:07'),
(231, 1, 17, 140, 137, 1, '2024-03-13 03:46:52', '2024-03-13 03:46:52'),
(232, 1, 7, 55, 138, 1, '2024-03-13 04:06:28', '2024-03-13 04:06:28'),
(233, 1, 4, 112, 139, 1, '2024-03-13 19:44:11', '2024-03-13 19:44:11'),
(234, 1, 2, 83, 140, 1, '2024-03-14 01:50:17', '2024-03-14 01:50:17'),
(235, 1, 31, 141, 141, 1, '2024-03-14 01:51:01', '2024-03-14 01:51:01'),
(236, 1, 4, 142, 142, 1, '2024-03-14 17:05:41', '2024-03-14 17:05:41'),
(237, 1, 7, 143, 143, 1, '2024-03-14 20:19:26', '2024-03-14 20:19:26'),
(238, 1, 2, 113, 144, 1, '2024-03-15 01:05:26', '2024-03-15 01:05:26'),
(239, 1, 2, 144, 69, 1, '2024-03-15 18:00:00', '2024-03-15 18:00:00'),
(240, 1, 2, 123, 145, 1, '2024-03-18 18:27:00', '2024-03-18 18:27:00'),
(241, 1, 2, 129, 48, 1, '2024-03-18 18:34:55', '2024-03-18 18:34:55'),
(242, 1, 4, 145, 146, 1, '2024-03-18 20:51:41', '2024-03-18 20:51:41'),
(243, 1, 8, 146, 147, 1, '2024-03-18 21:02:04', '2024-03-18 21:02:04'),
(244, 1, 4, 145, 148, 1, '2024-03-19 16:26:23', '2024-03-19 16:26:23'),
(245, 1, 2, 119, 149, 1, '2024-03-19 16:27:34', '2024-03-19 16:27:34'),
(246, 1, 28, 95, 150, 1, '2024-03-19 16:29:19', '2024-03-19 16:29:19'),
(247, 1, 2, 84, 151, 1, '2024-03-20 01:45:56', '2024-03-20 01:45:56'),
(250, 1, 1, 71, 154, 1, '2024-03-20 01:50:24', '2024-03-20 01:50:24'),
(251, 1, 1, 88, 155, 1, '2024-03-21 18:52:52', '2024-03-21 18:52:52'),
(252, 1, 8, 61, 156, 1, '2024-03-21 20:25:37', '2024-03-21 20:25:37'),
(253, 1, 8, 147, 157, 1, '2024-03-21 21:13:29', '2024-03-21 21:13:29'),
(254, 1, 7, 238, 158, 1, '2024-03-21 21:16:13', '2024-06-26 19:42:19'),
(255, 1, 2, 57, 159, 1, '2024-03-22 03:45:20', '2024-03-22 03:45:20'),
(257, 1, 2, 152, 161, 1, '2024-03-23 17:44:36', '2024-03-23 17:44:36'),
(258, 4, 36, 151, 162, 1, '2024-03-23 18:10:06', '2024-03-23 18:10:06'),
(259, 1, 17, 153, 163, 1, '2024-03-24 01:52:06', '2024-03-24 01:52:06'),
(260, 1, 2, 154, 164, 1, '2024-03-25 16:39:37', '2024-03-25 16:39:37'),
(261, 3, 37, 155, 165, 1, '2024-03-25 16:41:07', '2024-03-25 16:41:07'),
(262, 1, 1, 156, 80, 1, '2024-03-25 17:57:51', '2024-03-25 17:57:51'),
(263, 1, 2, 57, 166, 1, '2024-03-25 18:16:50', '2024-03-25 18:16:50'),
(264, 1, 31, 106, 167, 1, '2024-03-25 18:50:54', '2024-03-25 18:50:54'),
(265, 1, 2, 57, 168, 1, '2024-03-25 20:10:49', '2024-03-25 20:10:49'),
(266, 1, 2, 119, 169, 1, '2024-03-27 21:00:27', '2024-03-27 21:00:27'),
(267, 1, 31, 159, 170, 1, '2024-03-28 16:44:58', '2024-03-28 21:03:42'),
(268, 1, 2, 108, 171, 1, '2024-03-28 18:00:03', '2024-03-28 18:00:03'),
(269, 1, 17, 158, 167, 1, '2024-03-28 18:02:06', '2024-03-28 18:02:06'),
(270, 1, 8, 62, 172, 1, '2024-03-28 21:06:49', '2024-03-28 21:06:49'),
(271, 3, 38, 160, 173, 1, '2024-04-01 18:24:02', '2024-04-01 18:24:02'),
(272, 1, 8, 3, 174, 1, '2024-04-01 19:45:50', '2024-04-01 19:45:50'),
(273, 1, 31, 141, 175, 1, '2024-04-02 01:13:41', '2024-04-02 01:13:41'),
(274, 1, 8, 86, 176, 1, '2024-04-02 02:42:51', '2024-04-02 02:42:51'),
(275, 1, 1, 161, 177, 1, '2024-04-02 17:20:03', '2024-04-02 17:20:03'),
(276, 2, 39, 162, 178, 1, '2024-04-02 17:21:55', '2024-04-02 17:21:55'),
(279, 1, 2, 73, 181, 1, '2024-04-02 17:47:17', '2024-04-02 17:47:17'),
(280, 3, 18, 118, 54, 1, '2024-04-02 17:47:58', '2024-04-02 17:47:58'),
(281, 1, 8, 62, 182, 1, '2024-04-02 18:14:07', '2024-06-26 19:20:37'),
(282, 1, 2, 33, 183, 1, '2024-04-02 20:08:06', '2024-04-02 20:08:06'),
(283, 1, 2, 164, 184, 1, '2024-04-03 01:43:00', '2024-04-03 01:43:00'),
(284, 1, 1, 165, 185, 1, '2024-04-03 03:12:09', '2024-04-03 03:12:09'),
(285, 1, 2, 119, 186, 1, '2024-04-03 03:53:38', '2024-04-03 03:53:38'),
(286, 1, 2, 73, 187, 1, '2024-04-03 03:54:53', '2024-04-09 02:17:55'),
(287, 1, 2, 119, 188, 1, '2024-04-03 20:34:17', '2024-04-03 20:34:17'),
(288, 1, 17, 166, 189, 1, '2024-04-04 00:17:03', '2024-04-04 00:17:03'),
(289, 1, 8, 61, 190, 1, '2024-04-04 03:00:05', '2024-04-04 03:00:05'),
(290, 1, 1, 167, 191, 1, '2024-04-04 03:02:22', '2024-04-04 03:02:22'),
(291, 1, 8, 61, 192, 1, '2024-04-05 01:23:37', '2024-04-05 01:23:37'),
(292, 1, 2, 123, 193, 1, '2024-04-05 01:49:45', '2024-04-05 01:49:45'),
(293, 1, 8, 72, 194, 1, '2024-04-05 03:38:17', '2024-04-05 03:38:17'),
(294, 1, 40, 169, 195, 1, '2024-04-05 03:40:19', '2024-04-05 03:40:19'),
(296, 1, 1, 170, 197, 1, '2024-04-05 03:42:29', '2024-04-05 03:42:29'),
(297, 1, 40, 169, 198, 1, '2024-04-08 19:22:53', '2024-04-08 19:22:53'),
(298, 1, 8, 110, 194, 1, '2024-04-08 21:13:31', '2024-04-09 02:19:18'),
(299, 1, 41, 171, 199, 1, '2024-04-09 01:33:42', '2024-04-09 01:33:42'),
(300, 1, 1, 93, 200, 1, '2024-04-09 02:26:15', '2024-04-09 02:26:15'),
(301, 1, 17, 172, 201, 1, '2024-04-10 17:06:35', '2024-04-10 17:06:35'),
(302, 1, 17, 120, 202, 1, '2024-04-11 20:14:15', '2024-04-11 20:14:15'),
(303, 1, 17, 173, 203, 1, '2024-04-12 00:49:01', '2024-04-12 00:49:01'),
(304, 1, 7, 238, 204, 1, '2024-04-12 00:51:37', '2024-06-26 19:41:55'),
(305, 1, 1, 137, 205, 1, '2024-04-13 17:49:39', '2024-04-13 17:49:39'),
(306, 1, 2, 164, 206, 1, '2024-04-13 17:50:12', '2024-04-13 17:50:12'),
(307, 1, 7, 5, 207, 1, '2024-04-13 17:51:26', '2024-06-26 19:41:08'),
(308, 1, 2, 144, 208, 1, '2024-04-13 18:01:52', '2024-04-13 18:01:52'),
(309, 1, 2, 63, 209, 1, '2024-04-13 19:08:40', '2024-04-13 19:08:40'),
(310, 1, 7, 237, 210, 1, '2024-04-15 17:19:44', '2024-06-26 19:40:58'),
(311, 1, 2, 176, 211, 1, '2024-04-15 17:20:58', '2024-04-15 17:20:58'),
(312, 1, 17, 58, 212, 1, '2024-04-15 17:27:33', '2024-04-15 17:27:33'),
(313, 1, 8, 177, 213, 1, '2024-04-15 17:28:46', '2024-04-15 17:28:46'),
(316, 1, 1, 137, 216, 1, '2024-04-15 20:31:58', '2024-04-15 20:31:58'),
(317, 3, 26, 78, 217, 1, '2024-04-16 00:12:49', '2024-04-16 00:12:49'),
(318, 1, 1, 178, 218, 1, '2024-04-16 18:00:45', '2024-04-16 18:00:45'),
(319, 1, 2, 60, 219, 1, '2024-04-16 18:01:42', '2024-04-16 18:01:42'),
(320, 1, 42, 179, 220, 1, '2024-04-16 20:23:31', '2024-04-16 20:23:31'),
(321, 3, 18, 118, 221, 1, '2024-04-17 00:09:54', '2024-04-17 00:09:54'),
(322, 3, 18, 118, 222, 1, '2024-04-17 00:16:31', '2024-04-17 00:16:31'),
(323, 1, 31, 180, 223, 1, '2024-04-17 02:33:33', '2024-04-17 02:33:33'),
(324, 1, 2, 181, 224, 1, '2024-04-17 19:05:28', '2024-04-17 19:05:28'),
(325, 1, 1, 128, 225, 1, '2024-04-17 19:09:07', '2024-04-17 19:09:07'),
(326, 1, 8, 3, 226, 1, '2024-04-18 02:22:10', '2024-04-18 02:22:10'),
(327, 1, 7, 204, 49, 1, '2024-04-18 02:37:07', '2024-06-26 19:39:24'),
(328, 1, 17, 58, 227, 1, '2024-04-18 20:44:32', '2024-04-18 20:44:32'),
(329, 1, 8, 110, 228, 1, '2024-04-19 00:58:13', '2024-04-19 00:58:13'),
(330, 1, 35, 183, 229, 1, '2024-04-19 16:43:27', '2024-04-19 16:43:27'),
(331, 1, 7, 117, 53, 1, '2024-04-21 00:40:15', '2024-06-26 19:38:35'),
(332, 1, 17, 184, 230, 1, '2024-04-22 17:32:18', '2024-04-22 17:32:18'),
(333, 1, 2, 108, 231, 1, '2024-04-22 17:56:09', '2024-04-22 17:56:09'),
(334, 1, 1, 185, 227, 1, '2024-04-22 19:13:41', '2024-04-22 19:13:41'),
(335, 1, 4, 186, 54, 1, '2024-04-22 19:15:29', '2024-04-22 19:15:29'),
(336, 1, 7, 236, 232, 1, '2024-04-23 00:31:30', '2024-06-26 19:38:23'),
(337, 1, 17, 188, 233, 1, '2024-04-23 01:02:58', '2024-04-23 01:02:58'),
(338, 1, 11, 189, 234, 1, '2024-04-23 02:43:43', '2024-04-23 02:43:43'),
(339, 1, 43, 190, 235, 1, '2024-04-23 17:07:17', '2024-04-23 17:07:17'),
(340, 1, 8, 191, 236, 1, '2024-04-24 00:21:52', '2024-04-24 00:21:52'),
(341, 1, 1, 192, 237, 1, '2024-04-24 00:58:33', '2024-04-24 00:58:33'),
(342, 1, 2, 83, 80, 1, '2024-04-24 19:26:47', '2024-04-24 19:26:47'),
(343, 9, 44, 193, 238, 1, '2024-04-24 20:57:33', '2024-04-24 20:57:33'),
(348, 1, 7, 235, 243, 1, '2024-04-25 02:22:10', '2024-06-26 19:38:05'),
(349, 1, 7, 55, 244, 1, '2024-04-25 02:22:50', '2024-06-26 19:34:26'),
(350, 1, 13, 40, 245, 1, '2024-04-25 16:52:55', '2024-04-25 16:52:55'),
(351, 1, 1, 131, 246, 1, '2024-04-25 19:39:32', '2024-04-25 19:39:32'),
(352, 1, 45, 195, 247, 1, '2024-04-26 00:22:02', '2024-04-26 00:22:02'),
(353, 1, 8, 3, 248, 1, '2024-04-26 17:30:49', '2024-04-26 17:30:49'),
(354, 1, 8, 72, 249, 1, '2024-04-30 01:15:06', '2024-04-30 01:15:06'),
(357, 1, 28, 95, 252, 1, '2024-04-30 01:17:31', '2024-04-30 01:17:31'),
(358, 1, 4, 196, 253, 1, '2024-04-30 17:00:54', '2024-04-30 17:00:54'),
(359, 1, 8, 61, 254, 1, '2024-05-01 20:20:00', '2024-05-01 20:20:00'),
(360, 1, 31, 197, 255, 1, '2024-05-03 18:01:00', '2024-05-03 18:01:00'),
(361, 1, 17, 198, 256, 1, '2024-05-03 21:06:56', '2024-05-03 21:06:56'),
(363, 1, 2, 164, 258, 1, '2024-05-04 02:39:12', '2024-05-04 02:39:12'),
(366, 1, 17, 81, 261, 1, '2024-05-04 02:41:02', '2024-05-04 02:41:02'),
(367, 1, 2, 123, 262, 1, '2024-05-04 18:22:14', '2024-05-04 18:22:14'),
(368, 3, 24, 199, 263, 1, '2024-05-04 18:23:01', '2024-05-04 18:23:01'),
(369, 2, 46, 201, 264, 1, '2024-05-04 20:05:48', '2024-05-04 20:05:48'),
(370, 1, 17, 202, 265, 1, '2024-05-05 01:25:51', '2024-05-05 01:25:51'),
(371, 1, 4, 64, 266, 1, '2024-05-06 20:00:42', '2024-05-06 20:00:42'),
(372, 1, 7, 55, 267, 1, '2024-05-06 20:08:23', '2024-06-26 19:33:59'),
(373, 1, 35, 174, 267, 0, '2024-05-06 20:09:06', '2024-06-26 19:32:36'),
(376, 1, 35, 174, 270, 0, '2024-05-07 00:44:52', '2024-06-26 19:32:11'),
(377, 1, 35, 182, 271, 0, '2024-05-07 02:41:58', '2024-06-26 19:33:36'),
(378, 1, 7, 203, 272, 1, '2024-05-07 02:46:26', '2024-05-07 02:46:26'),
(379, 1, 7, 204, 271, 1, '2024-05-07 02:47:24', '2024-05-07 02:47:24'),
(380, 1, 7, 5, 270, 1, '2024-05-07 02:56:50', '2024-05-07 02:56:50'),
(381, 1, 7, 5, 267, 1, '2024-05-07 02:57:46', '2024-05-07 02:57:46'),
(382, 1, 2, 205, 273, 1, '2024-05-08 01:06:48', '2024-05-08 01:06:48'),
(383, 1, 8, 61, 120, 1, '2024-05-13 18:21:02', '2024-05-13 18:21:02'),
(384, 1, 8, 61, 274, 1, '2024-05-14 00:19:21', '2024-05-14 00:19:21'),
(385, 1, 1, 206, 275, 1, '2024-05-14 00:25:01', '2024-05-14 00:25:01'),
(386, 1, 1, 161, 276, 1, '2024-05-14 00:25:41', '2024-05-14 00:25:41'),
(387, 1, 2, 125, 277, 1, '2024-05-14 00:26:32', '2024-05-14 00:26:32'),
(388, 1, 45, 195, 278, 1, '2024-05-14 00:38:26', '2024-05-14 00:38:26'),
(389, 1, 2, 207, 64, 1, '2024-05-14 19:49:48', '2024-05-14 19:49:48'),
(390, 1, 1, 185, 64, 1, '2024-05-14 23:33:38', '2024-05-14 23:33:38'),
(391, 1, 2, 125, 279, 1, '2024-05-15 00:49:59', '2024-05-15 00:49:59'),
(392, 1, 2, 73, 280, 1, '2024-05-15 17:00:10', '2024-05-15 17:00:10'),
(393, 1, 1, 170, 281, 1, '2024-05-15 17:43:03', '2024-05-15 17:43:03'),
(394, 1, 45, 195, 76, 1, '2024-05-15 18:39:37', '2024-05-15 18:39:37'),
(395, 9, 47, 208, 282, 1, '2024-05-15 19:20:29', '2024-05-15 19:20:29'),
(396, 1, 41, 171, 283, 1, '2024-05-16 16:24:47', '2024-06-26 19:31:18'),
(397, 1, 2, 84, 284, 1, '2024-05-16 16:51:54', '2024-05-16 16:51:54'),
(398, 6, 49, 210, 285, 1, '2024-05-16 18:58:45', '2024-05-16 18:58:45'),
(399, 1, 4, 186, 286, 1, '2024-05-17 00:27:25', '2024-05-17 00:27:25'),
(400, 1, 7, 55, 279, 1, '2024-05-17 17:52:41', '2024-06-26 19:31:08'),
(401, 1, 2, 125, 287, 1, '2024-05-18 17:36:08', '2024-05-18 17:36:08'),
(404, 1, 8, 3, 290, 1, '2024-05-18 17:38:46', '2024-05-18 17:38:46'),
(405, 1, 4, 130, 291, 1, '2024-05-20 18:42:31', '2024-05-20 18:42:31'),
(406, 1, 2, 63, 292, 1, '2024-05-20 18:43:13', '2024-05-20 18:43:13'),
(407, 1, 2, 60, 293, 1, '2024-05-21 01:37:18', '2024-05-21 01:37:18'),
(409, 1, 2, 211, 295, 1, '2024-05-21 03:32:24', '2024-05-21 03:32:24'),
(410, 1, 8, 146, 296, 1, '2024-05-21 16:36:56', '2024-05-21 16:36:56'),
(411, 1, 31, 107, 297, 1, '2024-05-22 02:34:30', '2024-05-22 02:34:30'),
(412, 1, 8, 212, 298, 1, '2024-05-22 17:55:33', '2024-05-22 17:55:33'),
(413, 1, 17, 213, 298, 1, '2024-05-22 17:56:58', '2024-05-22 17:56:58'),
(414, 1, 8, 177, 299, 1, '2024-05-22 19:23:46', '2024-05-22 19:23:46'),
(415, 1, 4, 196, 300, 1, '2024-05-23 16:42:46', '2024-05-23 16:42:46'),
(416, 1, 7, 5, 301, 1, '2024-05-23 18:18:46', '2024-06-26 19:30:44'),
(417, 1, 1, 115, 302, 1, '2024-05-24 17:15:20', '2024-05-24 17:15:20'),
(418, 1, 1, 134, 303, 1, '2024-05-26 02:30:16', '2024-05-26 02:30:16'),
(419, 1, 45, 195, 304, 1, '2024-05-26 02:32:13', '2024-05-26 02:32:13'),
(421, 1, 1, 90, 306, 1, '2024-05-26 02:34:17', '2024-05-26 02:34:17'),
(422, 1, 7, 55, 307, 1, '2024-05-27 16:26:24', '2024-06-26 19:30:28'),
(423, 1, 17, 79, 308, 1, '2024-05-27 20:03:52', '2024-05-27 20:03:52'),
(424, 1, 1, 137, 309, 1, '2024-05-28 01:39:37', '2024-05-28 01:39:37'),
(425, 1, 8, 61, 310, 1, '2024-05-29 00:31:33', '2024-05-29 00:31:33'),
(426, 6, 49, 210, 311, 1, '2024-05-29 01:20:22', '2024-05-29 01:20:22'),
(427, 1, 17, 81, 312, 1, '2024-05-29 01:21:29', '2024-05-29 01:21:29'),
(428, 1, 2, 207, 285, 1, '2024-05-29 17:31:59', '2024-05-29 17:31:59'),
(429, 1, 17, 58, 253, 1, '2024-05-29 17:34:15', '2024-05-29 17:34:15'),
(430, 1, 8, 61, 313, 1, '2024-05-31 01:35:53', '2024-05-31 01:35:53'),
(431, 1, 17, 74, 308, 1, '2024-05-31 19:37:21', '2024-05-31 19:37:21'),
(432, 1, 2, 108, 314, 1, '2024-05-31 20:39:04', '2024-05-31 20:39:04'),
(433, 1, 1, 90, 315, 1, '2024-06-01 00:09:00', '2024-06-01 00:09:00'),
(434, 1, 2, 216, 316, 1, '2024-06-01 00:18:11', '2024-06-01 00:18:11'),
(435, 1, 7, 117, 317, 1, '2024-06-01 02:29:17', '2024-06-26 19:30:07'),
(436, 1, 2, 127, 318, 1, '2024-06-01 18:50:55', '2024-06-01 18:50:55'),
(437, 2, 39, 162, 319, 1, '2024-06-03 17:26:28', '2024-06-03 17:26:28'),
(438, 1, 1, 170, 320, 1, '2024-06-03 18:38:02', '2024-06-03 18:38:02'),
(439, 1, 2, 60, 321, 1, '2024-06-03 18:39:41', '2024-06-03 18:39:41'),
(440, 1, 2, 108, 322, 1, '2024-06-03 18:48:57', '2024-06-03 18:48:57'),
(441, 1, 50, 217, 323, 1, '2024-06-03 19:05:14', '2024-06-03 19:05:14'),
(442, 1, 1, 219, 324, 1, '2024-06-04 01:31:45', '2024-06-04 01:31:45'),
(444, 1, 1, 220, 326, 1, '2024-06-04 03:07:56', '2024-06-04 03:07:56'),
(448, 1, 8, 61, 330, 1, '2024-06-04 17:16:16', '2024-06-04 17:16:16'),
(449, 1, 2, 83, 331, 1, '2024-06-06 00:36:50', '2024-06-06 00:36:50'),
(450, 1, 2, 207, 332, 1, '2024-06-06 00:50:58', '2024-06-06 00:50:58'),
(452, 1, 1, 65, 326, 1, '2024-06-06 03:19:30', '2024-06-06 03:19:30'),
(453, 3, 18, 66, 333, 1, '2024-06-06 03:28:05', '2024-06-06 03:28:05'),
(454, 1, 1, 221, 334, 1, '2024-06-06 20:33:53', '2024-06-06 20:33:53'),
(455, 1, 2, 222, 335, 1, '2024-06-09 00:28:19', '2024-06-09 00:28:19'),
(456, 1, 1, 90, 336, 1, '2024-06-09 00:29:07', '2024-06-09 00:29:07'),
(457, 1, 2, 223, 337, 1, '2024-06-09 02:05:51', '2024-06-09 02:05:51'),
(458, 1, 8, 224, 126, 1, '2024-06-10 18:04:44', '2024-06-10 18:04:44'),
(459, 1, 2, 96, 338, 1, '2024-06-10 20:55:57', '2024-06-10 20:55:57'),
(460, 1, 1, 156, 339, 1, '2024-06-11 02:40:34', '2024-06-11 02:40:34'),
(462, 1, 13, 225, 339, 1, '2024-06-11 02:41:38', '2024-06-11 02:41:38'),
(463, 1, 1, 226, 340, 1, '2024-06-11 16:33:47', '2024-06-11 16:33:47'),
(464, 4, 36, 150, 341, 1, '2024-06-11 16:48:37', '2024-06-11 16:48:37'),
(465, 1, 2, 63, 342, 1, '2024-06-11 20:14:02', '2024-06-11 20:14:02'),
(466, 1, 2, 67, 343, 1, '2024-06-11 20:17:51', '2024-06-11 20:17:51'),
(467, 1, 35, 227, 344, 1, '2024-06-12 02:11:37', '2024-06-12 02:11:37'),
(468, 9, 51, 228, 345, 1, '2024-06-15 19:01:41', '2024-06-15 19:01:41'),
(469, 1, 2, 119, 346, 1, '2024-06-17 19:57:59', '2024-06-17 19:57:59'),
(470, 1, 7, 229, 347, 0, '2024-06-18 01:05:57', '2024-06-26 19:26:46'),
(471, 1, 2, 230, 348, 1, '2024-06-18 01:31:34', '2024-06-18 01:31:34'),
(472, 9, 52, 231, 349, 1, '2024-06-18 17:52:59', '2024-06-18 17:52:59'),
(473, 1, 7, 229, 347, 1, '2024-06-18 23:21:42', '2024-06-18 23:21:42'),
(474, 1, 8, 177, 350, 1, '2024-06-19 00:59:35', '2024-06-19 00:59:35'),
(475, 1, 31, 106, 351, 1, '2024-06-21 19:13:49', '2024-06-21 19:13:49'),
(478, 1, 2, 108, 354, 1, '2024-06-24 20:30:39', '2024-06-24 20:30:39'),
(479, 1, 2, 232, 355, 1, '2024-06-25 02:53:56', '2024-06-25 02:53:56'),
(480, 1, 1, 233, 303, 1, '2024-06-25 21:15:10', '2024-06-25 21:15:10'),
(481, 3, 18, 118, 356, 1, '2024-06-26 18:19:01', '2024-06-26 18:19:01'),
(482, 1, 2, 234, 356, 1, '2024-06-26 18:20:47', '2024-06-26 18:20:47'),
(483, 1, 17, 46, 357, 1, '2024-06-26 18:22:31', '2024-06-26 18:22:31'),
(484, 1, 28, 95, 358, 1, '2024-06-26 19:49:45', '2024-06-26 19:49:45'),
(487, 3, 37, 155, 202, 1, '2024-06-27 17:57:02', '2024-06-27 17:57:02'),
(488, 1, 2, 123, 96, 1, '2024-06-28 00:17:38', '2024-06-28 00:17:38'),
(490, 1, 2, 84, 360, 1, '2024-06-29 02:56:17', '2024-06-29 02:56:17'),
(491, 1, 4, 54, 361, 1, '2024-06-29 03:01:13', '2024-06-29 03:01:13'),
(492, 1, 2, 181, 362, 1, '2024-06-30 00:18:20', '2024-06-30 00:18:20'),
(493, 1, 2, 123, 266, 1, '2024-07-01 18:11:50', '2024-07-01 18:11:50'),
(494, 1, 2, 84, 363, 1, '2024-07-01 18:12:41', '2024-07-01 18:12:41'),
(495, 1, 1, 239, 364, 1, '2024-07-01 18:20:08', '2024-07-01 18:20:08'),
(496, 1, 1, 185, 365, 1, '2024-07-01 18:21:36', '2024-07-01 18:21:36'),
(497, 1, 2, 108, 366, 1, '2024-07-01 18:24:08', '2024-07-01 18:24:08'),
(498, 1, 2, 119, 266, 1, '2024-07-02 02:30:09', '2024-07-02 02:30:09'),
(499, 1, 8, 224, 367, 1, '2024-07-02 17:06:41', '2024-07-02 17:06:41'),
(500, 1, 8, 61, 218, 1, '2024-07-02 17:07:10', '2024-07-02 17:07:10'),
(501, 1, 8, 61, 368, 1, '2024-07-02 17:07:43', '2024-07-02 17:07:43'),
(502, 1, 2, 33, 69, 1, '2024-07-02 17:31:33', '2024-07-02 17:31:33'),
(503, 1, 2, 84, 369, 1, '2024-07-02 18:54:38', '2024-07-02 18:54:38'),
(504, 1, 1, 88, 369, 1, '2024-07-02 18:55:07', '2024-07-02 18:55:07'),
(505, 1, 2, 57, 370, 1, '2024-07-04 17:07:59', '2024-07-04 17:07:59'),
(506, 1, 2, 63, 371, 1, '2024-07-05 00:45:22', '2024-07-05 00:45:22'),
(507, 1, 2, 57, 372, 1, '2024-07-05 00:54:57', '2024-07-05 00:54:57'),
(510, 1, 2, 68, 49, 1, '2024-07-05 01:03:26', '2024-07-05 01:03:26'),
(511, 1, 1, 90, 373, 1, '2024-07-05 01:32:30', '2024-07-05 01:32:30'),
(512, 1, 8, 92, 374, 1, '2024-07-05 18:26:44', '2024-07-05 18:26:44'),
(513, 1, 1, 240, 375, 1, '2024-07-05 20:36:31', '2024-07-05 20:36:31'),
(514, 9, 53, 241, 376, 1, '2024-07-06 18:51:09', '2024-07-06 18:51:09'),
(515, 1, 8, 147, 377, 1, '2024-07-07 03:02:20', '2024-07-07 03:02:20'),
(516, 1, 1, 242, 378, 1, '2024-07-07 03:03:21', '2024-07-07 03:03:21'),
(517, 1, 2, 222, 379, 1, '2024-07-07 03:04:04', '2024-07-07 03:04:04'),
(518, 1, 31, 243, 132, 1, '2024-07-08 17:03:16', '2024-07-08 17:03:16'),
(519, 1, 31, 244, 380, 1, '2024-07-08 19:08:25', '2024-07-08 19:08:25'),
(520, 1, 31, 245, 381, 1, '2024-07-08 19:24:43', '2024-07-08 19:24:43'),
(521, 1, 16, 43, 382, 1, '2024-07-09 16:27:53', '2024-07-09 16:27:53'),
(522, 2, 54, 246, 382, 1, '2024-07-09 16:31:06', '2024-07-09 16:31:06'),
(523, 1, 31, 106, 49, 1, '2024-07-10 00:21:35', '2024-07-10 00:21:35'),
(524, 1, 2, 57, 383, 1, '2024-07-10 17:27:25', '2024-07-10 17:27:25'),
(525, 1, 42, 179, 382, 1, '2024-07-11 02:41:31', '2024-07-11 02:41:31'),
(526, 1, 8, 86, 384, 1, '2024-07-11 19:51:18', '2024-07-11 19:51:18'),
(527, 1, 2, 57, 385, 1, '2024-07-12 00:45:52', '2024-07-12 00:45:52'),
(528, 1, 1, 90, 386, 1, '2024-07-13 00:33:00', '2024-07-13 00:33:00'),
(529, 1, 2, 247, 381, 1, '2024-07-15 17:50:43', '2024-07-15 17:50:43'),
(533, 1, 2, 33, 390, 1, '2024-07-16 00:08:37', '2024-07-16 00:08:37'),
(534, 1, 2, 108, 391, 1, '2024-07-16 02:32:56', '2024-07-16 02:32:56'),
(535, 1, 1, 233, 383, 1, '2024-07-16 17:51:04', '2024-07-16 17:51:04'),
(536, 1, 1, 248, 392, 1, '2024-07-16 19:27:31', '2024-07-16 19:27:31'),
(537, 1, 2, 216, 202, 1, '2024-07-17 01:44:13', '2024-07-17 01:44:13'),
(538, 1, 1, 85, 393, 1, '2024-07-17 16:55:02', '2024-07-17 16:55:02'),
(539, 1, 1, 185, 224, 1, '2024-07-17 16:57:40', '2024-07-17 16:57:40'),
(540, 1, 17, 173, 394, 1, '2024-07-17 17:36:25', '2024-07-17 17:36:25'),
(541, 1, 2, 249, 395, 1, '2024-07-18 01:16:42', '2024-07-18 01:16:42'),
(543, 1, 31, 106, 397, 1, '2024-07-19 03:07:44', '2024-07-19 03:07:44'),
(544, 1, 2, 250, 398, 1, '2024-07-19 19:48:12', '2024-07-19 19:48:12'),
(545, 1, 2, 73, 399, 1, '2024-07-19 19:49:11', '2024-07-19 19:49:11'),
(546, 3, 18, 118, 40, 1, '2024-07-19 19:49:51', '2024-07-19 19:49:51'),
(547, 1, 17, 173, 400, 1, '2024-07-20 00:14:27', '2024-07-20 00:14:27'),
(548, 1, 1, 251, 401, 1, '2024-07-22 18:16:31', '2024-07-22 18:16:31'),
(549, 1, 2, 232, 402, 1, '2024-07-22 19:37:40', '2024-07-22 19:37:40'),
(550, 1, 1, 88, 403, 1, '2024-07-22 20:28:18', '2024-07-22 20:28:18'),
(551, 3, 18, 118, 404, 1, '2024-07-23 17:28:33', '2024-07-23 17:28:33'),
(552, 2, 39, 162, 405, 1, '2024-07-23 18:17:03', '2024-07-23 18:17:03'),
(553, 1, 2, 67, 406, 1, '2024-07-24 17:43:52', '2024-07-24 17:43:52'),
(554, 1, 8, 126, 407, 1, '2024-07-26 21:25:47', '2024-07-26 21:25:47'),
(555, 1, 31, 252, 408, 1, '2024-07-27 00:18:53', '2024-07-27 00:18:53'),
(558, 1, 2, 207, 411, 1, '2024-07-27 00:24:11', '2024-07-27 00:24:11'),
(559, 1, 1, 90, 412, 1, '2024-07-31 01:27:07', '2024-07-31 01:27:07'),
(560, 1, 4, 253, 413, 1, '2024-07-31 02:02:05', '2024-07-31 02:02:05'),
(561, 9, 44, 193, 414, 1, '2024-07-31 17:32:26', '2024-07-31 17:32:26'),
(562, 1, 2, 60, 415, 1, '2024-07-31 18:30:17', '2024-07-31 18:30:17'),
(563, 1, 7, 55, 416, 1, '2024-08-01 01:00:22', '2024-08-01 01:00:22'),
(566, 1, 4, 254, 419, 1, '2024-08-01 01:38:36', '2024-08-01 01:38:36'),
(567, 1, 2, 222, 420, 1, '2024-08-01 17:17:40', '2024-08-01 17:17:40'),
(568, 1, 17, 74, 421, 1, '2024-08-01 19:16:48', '2024-08-01 19:16:48'),
(569, 1, 1, 255, 420, 1, '2024-08-02 00:10:59', '2024-08-02 00:10:59'),
(572, 3, 30, 103, 424, 1, '2024-08-02 01:07:45', '2024-08-02 01:07:45'),
(573, 1, 2, 56, 425, 1, '2024-08-02 18:45:46', '2024-08-02 18:45:46'),
(576, 1, 2, 83, 428, 1, '2024-08-03 18:54:16', '2024-08-03 18:54:16'),
(577, 1, 2, 123, 361, 1, '2024-08-03 18:56:14', '2024-08-03 18:56:14'),
(578, 1, 7, 256, 429, 1, '2024-08-03 22:24:23', '2024-08-03 22:24:23'),
(579, 9, 55, 257, 430, 1, '2024-08-05 18:04:34', '2024-08-05 18:04:34'),
(580, 1, 17, 258, 76, 1, '2024-08-05 20:14:20', '2024-08-05 20:14:20'),
(581, 1, 50, 259, 272, 1, '2024-08-05 20:15:12', '2024-08-05 20:15:12'),
(582, 1, 2, 60, 431, 1, '2024-08-06 01:37:34', '2024-08-06 01:37:34'),
(583, 2, 54, 246, 432, 1, '2024-08-07 00:06:42', '2024-08-07 00:06:42'),
(584, 1, 2, 108, 433, 1, '2024-08-07 17:21:08', '2024-08-07 17:21:08'),
(585, 1, 2, 108, 434, 1, '2024-08-07 19:04:55', '2024-08-07 19:04:55'),
(586, 1, 2, 216, 435, 1, '2024-08-07 20:59:27', '2024-08-07 20:59:27'),
(587, 1, 2, 127, 436, 1, '2024-08-08 02:35:59', '2024-08-08 02:35:59'),
(588, 1, 2, 260, 167, 1, '2024-08-08 18:13:59', '2024-08-08 18:13:59'),
(589, 1, 7, 117, 48, 1, '2024-08-08 18:14:31', '2024-08-08 18:14:31'),
(590, 1, 2, 108, 59, 1, '2024-08-08 18:15:06', '2024-08-08 18:15:06'),
(591, 1, 31, 243, 59, 1, '2024-08-08 18:16:17', '2024-08-08 18:16:17'),
(592, 2, 54, 246, 437, 1, '2024-08-08 19:30:42', '2024-08-08 19:30:42'),
(593, 1, 2, 222, 438, 1, '2024-08-09 01:06:46', '2024-08-09 01:06:46'),
(594, 3, 30, 103, 54, 1, '2024-08-09 01:10:12', '2024-08-09 01:10:12'),
(595, 1, 8, 110, 59, 1, '2024-08-09 18:10:03', '2024-08-09 18:10:03'),
(596, 1, 2, 67, 439, 1, '2024-08-10 00:56:51', '2024-08-10 00:56:51'),
(597, 1, 56, 261, 440, 1, '2024-08-10 18:29:46', '2024-08-10 18:29:46'),
(598, 10, 57, 262, 441, 1, '2024-08-12 17:45:08', '2024-08-12 17:45:08'),
(599, 1, 8, 263, 442, 1, '2024-08-12 21:26:34', '2024-08-12 21:26:34'),
(600, 1, 1, 161, 443, 1, '2024-08-13 19:37:03', '2024-08-13 19:37:03'),
(601, 1, 17, 79, 444, 1, '2024-08-13 19:43:00', '2024-08-13 19:43:00'),
(602, 1, 11, 264, 445, 1, '2024-08-13 21:02:28', '2024-08-13 21:02:28'),
(603, 1, 2, 265, 446, 1, '2024-08-14 17:01:10', '2024-08-14 17:01:10'),
(604, 1, 2, 267, 447, 1, '2024-08-15 19:13:56', '2024-08-15 19:13:56'),
(605, 1, 4, 268, 33, 1, '2024-08-15 19:16:54', '2024-08-15 19:16:54'),
(606, 1, 2, 129, 448, 1, '2024-08-16 00:27:13', '2024-08-16 00:27:13'),
(607, 3, 30, 103, 449, 1, '2024-08-16 01:11:06', '2024-08-16 01:11:06'),
(608, 1, 2, 119, 450, 1, '2024-08-16 18:16:49', '2024-08-16 18:16:49'),
(609, 1, 2, 207, 451, 1, '2024-08-17 01:06:37', '2024-08-17 01:06:37'),
(610, 3, 18, 118, 452, 1, '2024-08-17 19:34:22', '2024-08-17 19:34:22'),
(611, 1, 4, 64, 285, 1, '2024-08-17 21:22:57', '2024-08-17 21:22:57'),
(612, 1, 2, 108, 453, 1, '2024-08-18 01:01:03', '2024-08-18 01:01:03'),
(613, 1, 2, 57, 454, 1, '2024-08-19 17:35:49', '2024-08-19 17:35:49'),
(614, 1, 17, 74, 455, 1, '2024-08-19 19:12:43', '2024-08-19 19:12:43'),
(615, 1, 8, 177, 456, 1, '2024-08-19 20:36:14', '2024-08-19 20:36:14'),
(616, 4, 36, 269, 457, 1, '2024-08-20 00:21:29', '2024-08-20 00:21:29'),
(617, 1, 11, 270, 343, 1, '2024-08-20 02:48:24', '2024-08-20 02:48:24'),
(618, 3, 26, 78, 458, 1, '2024-08-20 20:25:42', '2024-08-20 20:25:42'),
(619, 3, 30, 103, 341, 1, '2024-08-21 00:03:24', '2024-08-21 00:03:24'),
(620, 1, 4, 64, 459, 1, '2024-08-21 19:29:17', '2024-08-21 19:29:17'),
(621, 1, 45, 195, 283, 1, '2024-08-22 00:42:25', '2024-08-22 00:42:25'),
(622, 1, 4, 196, 460, 1, '2024-08-23 00:31:41', '2024-08-23 00:31:41'),
(623, 1, 7, 271, 167, 1, '2024-08-23 00:44:23', '2024-08-23 00:44:23'),
(624, 1, 13, 272, 460, 1, '2024-08-23 01:22:24', '2024-08-23 01:22:24'),
(625, 1, 41, 171, 461, 1, '2024-08-23 17:01:44', '2024-08-23 17:01:44'),
(626, 1, 8, 61, 462, 1, '2024-08-23 20:01:34', '2024-08-23 20:01:34'),
(627, 3, 26, 78, 463, 1, '2024-08-23 20:22:33', '2024-08-23 20:22:33'),
(628, 4, 58, 273, 464, 1, '2024-08-24 00:35:51', '2024-08-24 00:35:51'),
(629, 4, 59, 274, 464, 1, '2024-08-24 00:39:20', '2024-08-24 00:39:20'),
(630, 1, 31, 245, 465, 1, '2024-08-24 18:04:07', '2024-08-24 18:04:07'),
(631, 1, 31, 275, 235, 1, '2024-08-25 02:11:30', '2024-08-25 02:11:30'),
(632, 1, 2, 33, 466, 1, '2024-08-25 02:18:25', '2024-08-25 02:18:25'),
(633, 1, 2, 276, 467, 1, '2024-08-26 17:08:41', '2024-08-26 17:08:41'),
(634, 1, 17, 184, 468, 1, '2024-08-26 17:10:58', '2024-08-26 17:10:58'),
(635, 1, 1, 277, 469, 1, '2024-08-26 18:29:20', '2024-08-26 18:29:20'),
(636, 1, 43, 190, 470, 1, '2024-08-27 21:14:50', '2024-08-27 21:14:50'),
(637, 1, 2, 222, 471, 1, '2024-08-28 00:15:47', '2024-08-28 00:15:47'),
(638, 1, 2, 73, 472, 1, '2024-08-28 00:17:22', '2024-08-28 00:17:22'),
(639, 6, 60, 278, 473, 1, '2024-08-28 16:44:10', '2024-08-28 16:44:10'),
(640, 1, 1, 137, 474, 1, '2024-08-28 16:45:03', '2024-08-28 16:45:03'),
(641, 1, 31, 279, 475, 1, '2024-08-28 17:28:14', '2024-08-28 17:28:14'),
(642, 1, 2, 57, 476, 1, '2024-08-28 17:29:41', '2024-08-28 17:29:41'),
(643, 3, 18, 118, 477, 1, '2024-08-28 17:59:07', '2024-08-28 17:59:07'),
(644, 3, 18, 66, 478, 1, '2024-08-28 19:24:47', '2024-08-28 19:24:47'),
(645, 1, 1, 280, 479, 1, '2024-08-29 00:57:47', '2024-08-29 00:57:47'),
(646, 1, 2, 222, 480, 1, '2024-08-30 00:29:32', '2024-08-30 00:29:32'),
(647, 1, 4, 254, 481, 1, '2024-08-30 17:33:19', '2024-08-30 17:33:19'),
(648, 3, 30, 103, 482, 1, '2024-08-30 18:00:34', '2024-08-30 18:00:34'),
(649, 1, 2, 119, 483, 1, '2024-08-31 20:03:42', '2024-08-31 20:03:42'),
(650, 1, 2, 123, 484, 1, '2024-09-01 00:53:20', '2024-09-01 00:53:20'),
(651, 1, 2, 127, 485, 1, '2024-09-03 02:05:06', '2024-09-03 02:05:06'),
(652, 1, 1, 281, 486, 1, '2024-09-05 00:19:23', '2024-09-05 00:19:23'),
(653, 1, 2, 108, 487, 1, '2024-09-05 16:36:08', '2024-09-05 16:36:08'),
(654, 1, 2, 83, 468, 1, '2024-09-09 17:23:41', '2024-09-09 17:23:41'),
(655, 1, 2, 234, 443, 1, '2024-09-09 17:25:11', '2024-09-09 17:25:11'),
(656, 1, 1, 251, 443, 1, '2024-09-09 17:26:03', '2024-09-09 17:26:03'),
(657, 1, 8, 177, 488, 1, '2024-09-09 20:24:00', '2024-09-09 20:24:00'),
(658, 1, 4, 186, 489, 1, '2024-09-11 00:14:27', '2024-09-11 00:14:27'),
(659, 1, 11, 282, 490, 1, '2024-09-11 00:16:02', '2024-09-11 00:16:02'),
(660, 1, 8, 62, 491, 1, '2024-09-11 01:07:56', '2024-09-11 01:07:56'),
(661, 1, 2, 33, 151, 1, '2024-09-12 03:07:21', '2024-09-12 03:07:21'),
(662, 4, 36, 151, 492, 1, '2024-09-14 17:20:10', '2024-09-14 17:20:10'),
(663, 4, 36, 283, 493, 1, '2024-09-14 20:57:55', '2024-09-14 20:57:55'),
(664, 1, 2, 127, 494, 1, '2024-09-17 17:52:49', '2024-09-17 17:52:49'),
(665, 1, 31, 141, 495, 1, '2024-09-18 18:19:18', '2024-09-18 18:19:18'),
(666, 3, 18, 118, 496, 1, '2024-09-18 19:42:23', '2024-09-18 19:42:23'),
(667, 3, 61, 284, 497, 1, '2024-09-18 21:02:54', '2024-09-18 21:02:54'),
(668, 1, 8, 61, 498, 1, '2024-09-20 01:41:53', '2024-09-20 01:41:53'),
(669, 1, 2, 60, 499, 1, '2024-09-20 01:43:58', '2024-09-20 01:43:58'),
(670, 3, 18, 118, 500, 1, '2024-09-20 16:27:13', '2024-09-20 16:27:13'),
(671, 3, 62, 285, 501, 1, '2024-09-21 00:19:44', '2024-09-21 00:19:44'),
(672, 1, 2, 108, 502, 1, '2024-09-21 19:20:42', '2024-09-21 19:20:42'),
(673, 1, 2, 84, 503, 1, '2024-09-22 01:39:03', '2024-09-22 01:39:03'),
(674, 1, 1, 59, 131, 1, '2024-09-23 18:03:25', '2024-09-23 18:03:25'),
(675, 1, 2, 222, 504, 1, '2024-09-23 19:38:00', '2024-09-23 19:38:00'),
(676, 1, 2, 33, 505, 1, '2024-09-24 02:44:27', '2024-09-24 02:44:27'),
(677, 3, 30, 103, 506, 1, '2024-09-24 18:18:25', '2024-09-24 18:18:25'),
(678, 3, 18, 118, 507, 1, '2024-09-25 17:24:52', '2024-09-25 17:24:52'),
(679, 6, 63, 286, 507, 1, '2024-09-25 17:31:43', '2024-09-25 17:31:43'),
(680, 2, 64, 287, 508, 1, '2024-09-25 17:32:27', '2024-09-25 17:32:27'),
(681, 1, 4, 253, 377, 1, '2024-09-27 17:59:57', '2024-09-27 17:59:57'),
(682, 1, 1, 288, 509, 1, '2024-09-28 00:40:03', '2024-09-28 00:40:03'),
(683, 1, 1, 289, 510, 1, '2024-09-30 16:32:14', '2024-09-30 16:32:14'),
(684, 1, 2, 164, 511, 1, '2024-09-30 18:33:07', '2024-09-30 18:33:07'),
(685, 1, 2, 144, 411, 1, '2024-09-30 18:42:52', '2024-09-30 18:42:52'),
(686, 1, 1, 290, 512, 1, '2024-09-30 19:16:16', '2024-09-30 19:16:16'),
(687, 6, 49, 210, 405, 1, '2024-10-01 18:21:51', '2024-10-01 18:21:51'),
(688, 1, 7, 256, 513, 1, '2024-10-01 18:22:36', '2024-10-01 18:22:36'),
(689, 1, 7, 98, 513, 1, '2024-10-02 00:43:33', '2024-10-02 00:43:33'),
(690, 3, 18, 118, 514, 1, '2024-10-02 17:37:34', '2024-10-02 17:37:34'),
(691, 1, 7, 237, 155, 1, '2024-10-02 17:40:56', '2024-10-02 17:40:56'),
(692, 1, 40, 291, 515, 1, '2024-10-03 00:55:18', '2024-10-03 00:55:18'),
(693, 1, 8, 62, 516, 1, '2024-10-03 18:54:11', '2024-10-03 18:54:11'),
(694, 1, 2, 57, 517, 1, '2024-10-04 20:21:00', '2024-10-04 20:21:00'),
(695, 1, 17, 173, 518, 1, '2024-10-05 21:59:08', '2024-10-05 21:59:08'),
(696, 1, 4, 254, 519, 1, '2024-10-07 18:48:54', '2024-10-07 18:48:54'),
(697, 1, 1, 137, 520, 1, '2024-10-07 21:27:36', '2024-10-07 21:27:36'),
(698, 3, 30, 103, 521, 1, '2024-10-09 01:09:31', '2024-10-09 01:09:31'),
(699, 1, 2, 108, 522, 1, '2024-10-09 18:05:25', '2024-10-09 18:05:25'),
(700, 1, 2, 67, 523, 1, '2024-10-11 01:04:36', '2024-10-11 01:04:36'),
(701, 1, 2, 207, 524, 1, '2024-10-11 01:07:51', '2024-10-11 01:07:51'),
(702, 10, 57, 262, 525, 1, '2024-10-11 19:04:48', '2024-10-11 19:04:48'),
(703, 1, 4, 130, 526, 1, '2024-10-12 20:43:52', '2024-10-12 20:43:52'),
(704, 1, 7, 204, 527, 1, '2024-10-14 16:26:24', '2024-10-14 16:26:24'),
(705, 1, 43, 190, 528, 1, '2024-10-15 17:01:34', '2024-10-15 17:01:34'),
(706, 1, 2, 57, 529, 1, '2024-10-16 02:31:29', '2024-10-16 02:31:29'),
(707, 1, 65, 292, 530, 1, '2024-10-16 18:06:45', '2024-10-16 18:06:45'),
(708, 1, 1, 88, 515, 1, '2024-10-17 02:39:22', '2024-10-17 02:39:22'),
(709, 1, 7, 55, 531, 1, '2024-10-18 18:08:43', '2024-10-18 18:08:43'),
(710, 1, 17, 153, 532, 1, '2024-10-18 18:09:51', '2024-10-18 18:09:51'),
(711, 1, 2, 57, 533, 1, '2024-10-18 18:51:02', '2024-10-18 18:51:02'),
(712, 1, 2, 119, 534, 1, '2024-10-19 17:43:30', '2024-10-19 17:43:30'),
(713, 1, 2, 123, 535, 1, '2024-10-21 17:55:42', '2024-10-21 17:55:42'),
(714, 1, 8, 61, 536, 1, '2024-10-21 17:56:20', '2024-10-21 17:56:20'),
(715, 1, 1, 90, 537, 1, '2024-10-22 00:10:02', '2024-10-22 00:10:02'),
(716, 1, 1, 131, 538, 1, '2024-10-24 00:46:23', '2024-10-24 00:46:23'),
(717, 1, 2, 293, 539, 1, '2024-10-25 21:01:19', '2024-10-25 21:01:19'),
(718, 1, 2, 222, 540, 1, '2024-10-26 19:09:14', '2024-10-26 19:09:14'),
(719, 1, 2, 119, 541, 1, '2024-10-26 19:10:07', '2024-10-26 19:10:07'),
(720, 1, 4, 294, 542, 1, '2024-10-29 00:20:31', '2024-10-29 00:20:31'),
(721, 3, 30, 103, 48, 1, '2024-10-29 02:42:39', '2024-10-29 02:42:39'),
(722, 4, 36, 295, 543, 1, '2024-10-30 00:56:51', '2024-10-30 00:56:51'),
(723, 1, 1, 296, 544, 1, '2024-10-31 00:34:22', '2024-10-31 00:34:22'),
(724, 1, 1, 137, 545, 1, '2024-10-31 18:20:18', '2024-10-31 18:20:18'),
(725, 1, 2, 57, 546, 1, '2024-10-31 18:21:31', '2024-10-31 18:21:31'),
(726, 1, 2, 57, 547, 1, '2024-10-31 18:24:23', '2024-10-31 18:24:23'),
(727, 3, 18, 118, 548, 1, '2024-10-31 18:25:14', '2024-10-31 18:25:14'),
(728, 4, 36, 297, 549, 1, '2024-10-31 21:00:16', '2024-10-31 21:00:16'),
(729, 3, 30, 103, 550, 1, '2024-11-02 17:16:32', '2024-11-02 17:16:32'),
(730, 1, 4, 145, 512, 1, '2024-11-05 19:57:25', '2024-11-05 19:57:25'),
(731, 1, 1, 298, 551, 1, '2024-11-07 17:09:55', '2024-11-07 17:09:55'),
(732, 1, 2, 207, 119, 1, '2024-11-08 19:43:15', '2024-11-08 19:43:15'),
(733, 1, 8, 191, 453, 1, '2024-11-09 18:20:58', '2024-11-09 18:20:58'),
(734, 1, 2, 99, 85, 1, '2024-11-09 19:22:37', '2024-11-09 19:22:37'),
(735, 2, 46, 201, 552, 1, '2024-11-09 19:25:24', '2024-11-09 19:25:24'),
(736, 1, 33, 136, 444, 1, '2024-11-11 16:36:37', '2024-11-11 16:36:37');

-- --------------------------------------------------------

--
-- Estructura de tabla para la tabla `equipos_taller`
--

CREATE TABLE `equipos_taller` (
  `num_orden` bigint(20) UNSIGNED NOT NULL,
  `id_equipo` bigint(20) UNSIGNED NOT NULL,
  `id_usuario_recibio` bigint(20) UNSIGNED NOT NULL,
  `id_estatus` bigint(20) UNSIGNED NOT NULL,
  `observaciones` varchar(50) NOT NULL,
  `fecha_entrada` timestamp NOT NULL DEFAULT current_timestamp(),
  `fecha_salida` date DEFAULT NULL,
  `id_cobro_estimado` bigint(20) UNSIGNED DEFAULT NULL,
  `fecha_actualizacion` timestamp NOT NULL DEFAULT current_timestamp() ON UPDATE current_timestamp()
) ENGINE=InnoDB DEFAULT CHARSET=utf8mb4 COLLATE=utf8mb4_unicode_ci;

--
-- Volcado de datos para la tabla `equipos_taller`
--

INSERT INTO `equipos_taller` (`num_orden`, `id_equipo`, `id_usuario_recibio`, `id_estatus`, `observaciones`, `fecha_entrada`, `fecha_salida`, `id_cobro_estimado`, `fecha_actualizacion`) VALUES
(122, 39, 1, 5, 'NINGUNA', '2024-01-24 19:25:58', '2024-01-26', 1, '2024-01-27 02:00:03'),
(123, 6, 1, 5, 'NINGUNA', '2024-01-24 19:27:31', '2024-02-07', 1, '2024-02-08 01:56:22'),
(124, 57, 1, 5, 'NINGUNA', '2024-01-25 03:42:17', '2024-02-07', 1, '2024-02-08 01:56:06'),
(125, 46, 1, 5, 'NINGUNA', '2024-01-25 03:44:17', '2024-02-07', 1, '2024-02-08 01:56:02'),
(126, 52, 1, 5, 'NINGUNA', '2024-01-25 03:46:28', '2024-01-31', 1, '2024-02-01 00:53:02'),
(127, 58, 1, 5, 'NINGUNA', '2024-01-25 03:48:04', '2024-02-07', 1, '2024-02-08 01:56:25'),
(128, 39, 1, 5, 'NINGUNA', '2024-01-25 03:51:50', '2024-01-31', 1, '2024-02-01 00:51:51'),
(129, 61, 1, 5, 'NINGUNA', '2024-01-25 15:31:06', '2024-02-07', 1, '2024-02-08 01:56:12'),
(130, 66, 1, 5, 'NINGUNA', '2024-01-25 15:32:53', '2024-01-27', 1, '2024-01-27 21:23:11'),
(131, 65, 1, 6, 'NINGUNA', '2024-01-25 15:42:19', '2024-02-07', 1, '2024-02-08 01:56:40'),
(132, 65, 1, 5, 'NINGUNA', '2024-01-25 15:42:30', '2024-02-07', 1, '2024-02-08 01:55:59'),
(133, 56, 1, 5, 'NINGUNA', '2024-01-25 16:50:18', '2024-02-07', 1, '2024-02-08 01:56:31'),
(134, 22, 1, 5, 'NINGUNA', '2024-01-25 17:04:16', '2024-02-07', 1, '2024-02-08 01:55:55'),
(135, 32, 1, 5, 'NINGUNA', '2024-01-25 18:28:20', '2024-02-07', 1, '2024-02-08 01:55:23'),
(136, 72, 1, 5, 'NINGUNA', '2024-01-25 18:38:50', '2024-02-07', 1, '2024-02-08 01:55:43'),
(137, 73, 1, 5, 'NINGUNA', '2024-01-25 19:09:14', '2024-02-07', 1, '2024-02-08 01:55:19'),
(138, 74, 1, 5, 'NINGUNA', '2024-01-25 19:19:32', '2024-02-07', 1, '2024-02-08 01:55:26'),
(139, 21, 1, 5, 'NINGUNA', '2024-01-25 19:21:29', '2024-02-07', 1, '2024-02-08 01:55:31'),
(140, 75, 1, 5, 'NINGUNA', '2024-01-25 19:29:42', '2024-02-07', 1, '2024-02-08 01:55:35'),
(142, 77, 1, 5, 'NINGUNA', '2024-01-25 20:58:03', '2024-02-07', 1, '2024-02-08 01:55:15'),
(145, 78, 1, 5, 'NINGUNA', '2024-01-26 00:39:11', '2024-02-07', 2, '2024-02-08 01:55:39'),
(146, 79, 1, 5, 'NINGUNA', '2024-01-26 00:40:26', '2024-02-07', 1, '2024-02-08 01:55:47'),
(147, 80, 1, 5, 'NINGUNA', '2024-01-26 00:40:46', '2024-02-07', 1, '2024-02-08 01:55:11'),
(148, 25, 1, 5, 'NINGUNA', '2024-01-26 00:47:17', '2024-02-07', 1, '2024-02-08 01:54:49'),
(149, 63, 1, 5, 'NINGUNA', '2024-01-26 21:12:01', '2024-02-07', 1, '2024-02-08 01:54:43'),
(150, 72, 1, 5, 'NINGUNA', '2024-01-26 21:15:54', '2024-02-07', 1, '2024-02-08 01:54:59'),
(151, 78, 1, 5, 'NINGUNA', '2024-01-26 21:24:15', '2024-02-07', 1, '2024-02-08 01:54:52'),
(152, 81, 1, 5, 'NINGUNA', '2024-01-27 21:09:23', '2024-02-07', 1, '2024-02-08 01:54:39'),
(153, 16, 1, 5, 'NINGUNA', '2024-01-27 21:10:25', '2024-02-07', 1, '2024-02-08 01:54:56'),
(154, 55, 1, 5, 'NINGUNA', '2024-01-27 21:11:15', '2024-02-07', 1, '2024-02-08 01:55:03'),
(155, 82, 14, 5, 'NINGUNA', '2024-01-28 01:08:46', '2024-01-27', 1, '2024-01-28 01:12:01'),
(161, 88, 14, 5, 'NINGUNA', '2024-01-28 01:37:31', '2024-01-27', 1, '2024-01-28 01:38:56'),
(162, 88, 14, 5, 'NINGUNA', '2024-01-28 01:52:46', '2024-02-07', 1, '2024-02-08 01:54:31'),
(163, 89, 14, 5, 'NINGUNA', '2024-01-29 18:04:59', '2024-01-31', 1, '2024-02-01 01:47:28'),
(164, 90, 14, 6, 'EN ESPERA DE REFACCIONES', '2024-01-30 01:27:46', '2024-01-31', 1, '2024-01-31 19:40:42'),
(165, 88, 14, 5, 'NINGUNA', '2024-01-30 03:04:51', '2024-02-07', 1, '2024-02-08 01:54:28'),
(166, 91, 14, 5, 'NINGUNA', '2024-01-30 19:31:13', '2024-01-31', 1, '2024-01-31 19:46:28'),
(167, 92, 14, 5, 'NINGUNA', '2024-01-30 19:32:37', '2024-01-31', 1, '2024-01-31 19:40:00'),
(170, 95, 14, 5, 'NINGUNA', '2024-01-31 19:31:34', '2024-02-07', 1, '2024-02-08 01:54:24'),
(171, 96, 14, 5, 'NINGUNA', '2024-01-31 19:35:29', '2024-02-07', 1, '2024-02-08 01:15:34'),
(172, 97, 14, 5, 'NINGUNA', '2024-01-31 19:37:32', '2024-02-03', 1, '2024-02-03 19:29:57'),
(173, 98, 14, 5, 'NINGUNA', '2024-01-31 19:44:50', '2024-02-07', 1, '2024-02-08 01:15:25'),
(174, 99, 14, 5, 'NINGUNA', '2024-02-01 01:27:22', '2024-02-10', 1, '2024-02-10 20:16:19'),
(175, 100, 14, 5, 'NINGUNA', '2024-02-01 01:29:35', '2024-02-02', 1, '2024-02-02 18:27:02'),
(183, 108, 14, 5, 'EN ESPERA DE REFACCION', '2024-02-01 17:39:16', '2024-02-10', 1, '2024-02-10 20:14:25'),
(184, 109, 14, 5, 'NINGUNA', '2024-02-01 18:32:07', '2024-02-07', 1, '2024-02-08 01:56:56'),
(185, 110, 14, 5, 'NINGUNA', '2024-02-02 01:03:17', '2024-02-07', 1, '2024-02-08 01:57:18'),
(186, 111, 14, 5, 'NINGUNA', '2024-02-02 18:31:48', '2024-02-18', 1, '2024-02-18 18:33:47'),
(187, 112, 14, 5, 'NINGUNA', '2024-02-03 19:28:53', '2024-02-07', 1, '2024-02-08 01:59:06'),
(188, 113, 14, 5, 'NINGUNA', '2024-02-03 21:04:51', '2024-02-07', 1, '2024-02-08 02:00:00'),
(189, 114, 14, 5, 'NINGUNA', '2024-02-03 21:06:04', '2024-02-03', 1, '2024-02-04 00:33:46'),
(190, 115, 14, 6, 'NINGUNA', '2024-02-05 18:37:59', '2024-02-21', 1, '2024-02-22 02:04:40'),
(191, 116, 14, 6, 'NINGUNA', '2024-02-06 00:14:49', '2024-02-19', 1, '2024-02-20 02:42:56'),
(192, 117, 14, 5, 'NINGUNA', '2024-02-06 00:16:31', '2024-02-18', 1, '2024-02-18 18:32:38'),
(193, 118, 14, 5, 'NINGUNA', '2024-02-06 00:48:46', '2024-02-07', 1, '2024-02-07 21:15:03'),
(194, 119, 14, 5, 'NINGUNA', '2024-02-06 00:55:48', '2024-02-18', 1, '2024-02-18 18:33:00'),
(195, 120, 14, 5, 'NINGUNA', '2024-02-06 16:29:37', '2024-02-07', 1, '2024-02-07 19:35:10'),
(196, 121, 14, 4, 'NINGUNA', '2024-02-10 20:13:57', NULL, 1, '2024-02-18 18:33:27'),
(198, 123, 14, 5, 'NINGUNA', '2024-02-18 18:31:58', '2024-02-18', 1, '2024-02-18 18:37:58'),
(199, 124, 14, 5, 'NINGUNA', '2024-02-18 18:35:43', '2024-02-18', 1, '2024-02-18 20:46:00'),
(200, 125, 14, 5, 'NINGUNA', '2024-02-18 20:07:02', '2024-02-27', 1, '2024-02-27 20:41:02'),
(201, 126, 14, 5, 'NINGUNA', '2024-02-18 20:13:54', '2024-02-19', 1, '2024-02-19 18:04:59'),
(202, 127, 14, 5, 'NINGUNA', '2024-02-18 20:49:40', '2024-02-27', 2, '2024-02-27 19:34:40'),
(203, 128, 14, 5, 'NINGUNA', '2024-02-18 21:03:47', '2024-02-19', 1, '2024-02-19 17:43:49'),
(204, 129, 14, 5, 'NINGUNA', '2024-02-18 21:05:38', '2024-02-20', 1, '2024-02-21 02:42:43'),
(205, 130, 14, 5, 'NINGUNA', '2024-02-19 17:42:50', '2024-02-19', 1, '2024-02-20 02:41:22'),
(206, 131, 14, 5, 'NINGUNA', '2024-02-19 17:50:33', '2024-02-19', 1, '2024-02-20 01:27:10'),
(207, 132, 14, 4, 'NINGUNA', '2024-02-19 18:01:03', NULL, 1, '2024-02-20 02:52:53'),
(208, 133, 14, 5, 'NINGUNA', '2024-02-19 18:06:31', '2024-02-19', 1, '2024-02-20 02:53:10'),
(209, 134, 14, 5, 'NINGUNA', '2024-02-19 18:45:08', '2024-02-26', 1, '2024-02-26 17:19:49'),
(210, 135, 14, 5, 'NINGUNA', '2024-02-21 00:43:31', '2024-02-27', 1, '2024-02-27 20:41:30'),
(211, 136, 14, 5, 'NINGUNA', '2024-02-21 01:07:23', '2024-02-21', 1, '2024-02-22 03:01:10'),
(212, 137, 14, 5, 'NINGUNA', '2024-02-21 01:38:12', '2024-02-23', 1, '2024-02-23 18:16:59'),
(213, 138, 14, 5, 'BATERIA HINCHADA Y PANTALLA DAÑADA', '2024-02-21 19:12:30', '2024-02-21', 2, '2024-02-22 00:46:37'),
(214, 139, 14, 5, 'NINGUNA', '2024-02-21 21:29:45', '2024-02-27', 1, '2024-02-28 01:12:47'),
(215, 140, 14, 4, 'NINGUNA', '2024-02-21 21:32:39', NULL, 1, '2024-03-16 20:09:29'),
(216, 141, 14, 5, 'NINGUNA', '2024-02-22 02:12:45', '2024-02-22', 1, '2024-02-22 18:11:52'),
(217, 142, 14, 5, 'NINGUNA', '2024-02-22 03:00:42', '2024-02-23', 1, '2024-02-23 20:36:48'),
(218, 143, 14, 5, 'NINGUNA', '2024-02-22 18:34:37', '2024-02-27', 1, '2024-02-28 01:14:20'),
(219, 144, 14, 5, 'NINGUNA', '2024-02-22 18:35:16', '2024-02-27', 1, '2024-02-28 01:14:10'),
(220, 145, 14, 6, 'NINGUNA', '2024-02-22 18:38:46', '2024-03-06', 1, '2024-03-06 20:56:26'),
(221, 146, 14, 5, 'NINGUNA', '2024-02-23 17:35:44', '2024-02-28', 1, '2024-02-29 02:14:03'),
(222, 147, 14, 5, 'NINGUNA', '2024-02-23 17:38:27', '2024-02-28', 1, '2024-02-29 02:14:15'),
(225, 150, 14, 5, 'CENTRO DE CARGA DAÑADO', '2024-02-23 17:59:33', '2024-02-24', 1, '2024-02-24 19:31:55'),
(226, 151, 14, 5, 'NINGUNA', '2024-02-23 21:17:52', '2024-02-23', 1, '2024-02-24 00:37:43'),
(227, 152, 14, 5, 'NINGUNA', '2024-02-24 01:28:09', '2024-03-22', 1, '2024-03-23 01:37:59'),
(228, 153, 14, 5, 'NINGUNA', '2024-02-24 20:51:14', '2024-02-26', 1, '2024-02-27 03:00:49'),
(229, 162, 14, 5, 'NINGUNA', '2024-02-25 02:33:36', '2024-02-28', 1, '2024-02-29 02:14:25'),
(230, 163, 14, 5, 'NINGUNA', '2024-02-25 02:43:53', '2024-02-26', 1, '2024-02-27 02:59:30'),
(231, 165, 14, 5, 'NINGUNA', '2024-02-26 16:30:26', '2024-03-23', 1, '2024-03-23 18:08:58'),
(232, 166, 14, 5, 'NINGUNA', '2024-02-26 19:41:16', '2024-03-06', 1, '2024-03-06 18:51:12'),
(233, 167, 14, 5, 'NINGUNA', '2024-02-26 19:43:54', '2024-02-27', 2, '2024-02-27 21:29:41'),
(234, 168, 14, 5, 'NINGUNA', '2024-02-27 01:38:57', '2024-02-27', 1, '2024-02-28 01:11:37'),
(235, 169, 14, 5, 'NINGUNA', '2024-02-27 02:03:29', '2024-02-26', 1, '2024-02-27 02:59:21'),
(236, 170, 14, 5, 'NINGUNA', '2024-02-27 20:05:28', '2024-03-14', 1, '2024-03-14 20:20:11'),
(237, 171, 14, 5, 'NINGUNA', '2024-02-28 02:10:31', '2024-02-28', 1, '2024-02-29 02:46:32'),
(238, 173, 14, 5, 'NINGUNA', '2024-02-29 03:31:12', '2024-03-07', 1, '2024-03-07 17:52:37'),
(239, 174, 14, 5, 'NINGUNA', '2024-02-29 19:40:53', '2024-03-04', 1, '2024-03-04 18:25:43'),
(240, 175, 14, 5, 'NINGUNA', '2024-02-29 19:42:20', '2024-03-06', 1, '2024-03-06 18:50:44'),
(241, 176, 14, 5, 'NINGUNA', '2024-02-29 19:46:02', '2024-03-04', 1, '2024-03-05 01:07:23'),
(242, 177, 14, 5, 'NINGUNA', '2024-03-01 00:25:14', '2024-03-06', 1, '2024-03-06 18:49:39'),
(243, 178, 14, 5, 'NINGUNA', '2024-03-01 17:11:15', '2024-03-02', 1, '2024-03-02 18:00:08'),
(245, 180, 14, 5, 'NINGUNA', '2024-03-02 17:59:40', '2024-03-08', 1, '2024-03-08 19:56:41'),
(248, 183, 14, 5, 'NINGUNA', '2024-03-02 18:08:02', '2024-03-02', 1, '2024-03-02 20:50:54'),
(251, 186, 14, 5, 'NINGUNA', '2024-03-02 18:38:50', '2024-03-06', 1, '2024-03-06 18:50:06'),
(252, 187, 14, 5, 'NINGUNA', '2024-03-02 18:57:23', '2024-03-06', 1, '2024-03-07 01:29:13'),
(253, 188, 14, 5, 'NINGUNA', '2024-03-02 20:59:13', '2024-03-11', 1, '2024-03-12 01:12:33'),
(254, 189, 14, 5, 'NINGUNA', '2024-03-02 21:00:12', '2024-03-08', 1, '2024-03-08 19:59:13'),
(255, 190, 14, 5, 'NINGUNA', '2024-03-03 00:20:14', '2024-03-06', 1, '2024-03-06 18:02:30'),
(256, 191, 14, 5, 'NINGUNA', '2024-03-03 01:35:18', '2024-03-06', 1, '2024-03-06 18:06:30'),
(257, 192, 14, 5, 'NINGUNA', '2024-03-04 18:24:20', '2024-03-06', 1, '2024-03-07 01:28:18'),
(258, 193, 14, 1, 'NINGUNA', '2024-03-04 18:33:09', NULL, 1, '2024-03-04 18:33:09'),
(262, 197, 14, 5, 'NINGUNA', '2024-03-04 18:54:48', '2024-03-06', 1, '2024-03-06 17:58:10'),
(263, 198, 14, 5, 'NINGUNA', '2024-03-04 18:55:31', '2024-03-05', 1, '2024-03-05 16:54:35'),
(264, 199, 14, 5, 'NINGUNA', '2024-03-04 18:58:26', '2024-03-04', 1, '2024-03-04 20:39:49'),
(265, 200, 14, 5, 'NINGUNA', '2024-03-04 20:05:36', '2024-03-06', 1, '2024-03-06 17:57:45'),
(266, 201, 14, 5, 'NINGUNA', '2024-03-05 01:09:49', '2024-03-07', 1, '2024-03-07 17:52:22'),
(267, 202, 14, 5, 'NINGUNA', '2024-03-05 01:10:42', '2024-03-07', 1, '2024-03-07 17:52:13'),
(268, 203, 14, 5, 'NINGUNA', '2024-03-05 02:09:26', '2024-03-12', 1, '2024-03-13 04:07:21'),
(269, 204, 14, 5, 'NINGUNA', '2024-03-05 17:52:02', '2024-03-14', 1, '2024-03-14 20:26:52'),
(270, 205, 14, 5, 'NINGUNA', '2024-03-05 18:18:10', '2024-03-05', 1, '2024-03-06 00:04:07'),
(271, 206, 14, 5, 'NINGUNA', '2024-03-05 18:41:32', '2024-03-05', 1, '2024-03-06 00:32:05'),
(272, 207, 14, 5, 'NINGUNA', '2024-03-05 19:23:25', '2024-03-07', 1, '2024-03-08 02:04:43'),
(273, 208, 14, 5, 'NINGUNA', '2024-03-05 20:17:59', '2024-03-06', 1, '2024-03-06 18:49:03'),
(274, 209, 14, 5, 'NINGUNA', '2024-03-06 02:35:25', '2024-03-06', 1, '2024-03-06 17:56:37'),
(275, 210, 14, 5, 'NINGUNA', '2024-03-06 02:52:49', '2024-03-12', 1, '2024-03-13 04:08:04'),
(276, 211, 14, 5, 'NINGUNA', '2024-03-06 18:59:57', '2024-03-12', 1, '2024-03-12 18:10:49'),
(277, 212, 14, 5, 'NINGUNA', '2024-03-07 02:24:31', '2024-03-19', 1, '2024-03-20 01:45:13'),
(281, 216, 14, 5, 'NINGUNA', '2024-03-07 18:20:53', '2024-03-08', 1, '2024-03-08 20:44:21'),
(282, 217, 14, 5, 'NINGUNA', '2024-03-07 20:18:34', '2024-03-11', 2, '2024-03-11 21:02:34'),
(283, 218, 14, 5, 'NINGUNA', '2024-03-08 20:50:23', '2024-03-22', 1, '2024-03-22 19:19:16'),
(284, 219, 14, 5, 'NINGUNA', '2024-03-08 20:56:42', '2024-03-18', 1, '2024-03-18 18:27:18'),
(285, 198, 14, 5, 'NINGUNA', '2024-03-09 18:17:24', '2024-03-12', 1, '2024-03-12 18:39:14'),
(286, 220, 14, 5, 'NINGUNA', '2024-03-11 18:33:41', '2024-03-11', 1, '2024-03-12 00:50:20'),
(287, 221, 14, 5, 'NINGUNA', '2024-03-11 18:41:27', '2024-03-12', 2, '2024-03-12 18:39:47'),
(288, 222, 14, 5, 'NINGUNA', '2024-03-11 20:27:12', '2024-03-13', 1, '2024-03-13 17:09:37'),
(289, 223, 14, 5, 'NINGUNA', '2024-03-11 21:15:09', '2024-03-16', 1, '2024-03-16 18:55:33'),
(290, 224, 14, 5, 'NINGUNA', '2024-03-11 23:53:28', '2024-03-13', 1, '2024-03-13 18:09:43'),
(291, 225, 14, 5, 'NINGUNA', '2024-03-11 23:56:16', '2024-03-16', 1, '2024-03-16 18:56:36'),
(292, 226, 14, 5, 'NINGUNA', '2024-03-12 03:14:19', '2024-03-12', 1, '2024-03-13 04:07:39'),
(293, 227, 14, 6, 'NINGUNA', '2024-03-12 18:13:26', '2024-03-12', 1, '2024-03-13 04:05:14'),
(294, 228, 14, 6, 'NINGUNA', '2024-03-12 19:12:20', '2024-03-12', 1, '2024-03-13 02:16:15'),
(295, 229, 14, 5, 'NINGUNA', '2024-03-12 20:06:42', '2024-03-14', 1, '2024-03-14 20:22:33'),
(296, 230, 14, 6, 'NINGUNA', '2024-03-13 01:29:07', '2024-03-16', 1, '2024-03-16 18:56:11'),
(297, 231, 14, 5, 'NINGUNA', '2024-03-13 03:46:52', '2024-03-14', 1, '2024-03-15 03:00:54'),
(298, 232, 14, 5, 'NINGUNA', '2024-03-13 04:06:28', '2024-03-19', 1, '2024-03-19 17:26:52'),
(299, 233, 14, 5, 'NINGUNA', '2024-03-13 19:44:11', '2024-03-22', 1, '2024-03-22 17:39:18'),
(300, 234, 14, 5, 'NINGUNA', '2024-03-14 01:50:17', '2024-03-13', 1, '2024-03-14 02:11:00'),
(301, 235, 14, 5, 'NINGUNA', '2024-03-14 01:51:01', '2024-03-16', 1, '2024-03-16 18:56:57'),
(302, 236, 14, 5, 'NINGUNA', '2024-03-14 17:05:41', '2024-03-19', 1, '2024-03-19 23:47:01'),
(303, 237, 14, 5, 'NINGUNA', '2024-03-14 20:19:26', '2024-03-16', 1, '2024-03-16 18:57:23'),
(304, 238, 14, 5, 'NINGUNA', '2024-03-15 01:05:26', '2024-03-15', 1, '2024-03-16 00:11:00'),
(305, 239, 14, 5, 'NINGUNA', '2024-03-15 18:00:00', '2024-03-21', 1, '2024-03-21 18:11:59'),
(306, 240, 14, 5, 'NINGUNA', '2024-03-18 18:27:00', '2024-03-22', 1, '2024-03-22 18:02:28'),
(307, 241, 14, 5, 'NINGUNA', '2024-03-18 18:34:55', '2024-03-19', 1, '2024-03-20 02:18:17'),
(308, 242, 14, 5, 'NINGUNA', '2024-03-18 20:51:41', '2024-03-19', 1, '2024-03-19 18:47:28'),
(309, 243, 14, 5, 'NINGUNA', '2024-03-18 21:02:04', '2024-03-20', 1, '2024-03-20 18:13:22'),
(310, 244, 14, 5, 'NINGUNA', '2024-03-19 16:26:23', '2024-03-21', 1, '2024-03-21 23:50:26'),
(311, 245, 14, 5, 'NINGUNA', '2024-03-19 16:27:34', '2024-03-22', 1, '2024-03-23 02:08:48'),
(312, 246, 14, 5, 'NINGUNA', '2024-03-19 16:29:19', '2024-03-22', 1, '2024-03-22 22:04:39'),
(313, 247, 14, 5, 'NINGUNA', '2024-03-20 01:45:56', '2024-03-21', 1, '2024-03-21 23:50:15'),
(316, 250, 14, 5, 'NINGUNA', '2024-03-20 01:50:24', '2024-03-28', 1, '2024-03-28 18:56:20'),
(317, 251, 14, 5, 'NINGUNA', '2024-03-21 18:52:52', '2024-03-26', 1, '2024-03-26 17:37:41'),
(318, 252, 14, 5, 'NINGUNA', '2024-03-21 20:25:37', '2024-03-22', 1, '2024-03-22 22:04:25'),
(319, 253, 14, 5, 'NINGUNA', '2024-03-21 21:13:29', '2024-03-25', 1, '2024-03-25 21:52:21'),
(320, 254, 14, 5, 'NINGUNA', '2024-03-21 21:16:13', '2024-03-22', 1, '2024-03-22 22:03:56'),
(321, 255, 14, 5, 'NINGUNA', '2024-03-22 03:45:20', '2024-03-22', 1, '2024-03-23 02:39:21'),
(323, 257, 14, 5, 'NINGUNA', '2024-03-23 17:44:36', '2024-04-11', 1, '2024-04-11 18:29:52'),
(324, 258, 14, 5, 'NINGUNA', '2024-03-23 18:10:06', '2024-03-25', 1, '2024-03-25 21:52:10'),
(325, 259, 14, 5, 'NINGUNA', '2024-03-24 01:52:06', '2024-03-25', 1, '2024-03-26 01:55:29'),
(326, 260, 14, 5, 'NINGUNA', '2024-03-25 16:39:37', '2024-04-04', 1, '2024-04-05 02:40:54'),
(327, 261, 14, 5, 'NINGUNA', '2024-03-25 16:41:07', '2024-03-27', 1, '2024-03-27 19:58:13'),
(328, 262, 14, 5, 'NINGUNA', '2024-03-25 17:57:51', '2024-04-01', 1, '2024-04-01 16:55:30'),
(329, 263, 14, 5, 'NINGUNA', '2024-03-25 18:16:50', '2024-03-28', 1, '2024-03-28 18:58:22'),
(330, 264, 14, 1, 'NINGUNA', '2024-03-25 18:50:54', NULL, 1, '2024-03-25 18:50:54'),
(331, 265, 14, 5, 'NINGUNA', '2024-03-25 20:10:49', '2024-03-28', 1, '2024-03-28 18:55:44'),
(332, 266, 14, 5, 'NINGUNA', '2024-03-27 21:00:27', '2024-03-28', 1, '2024-03-29 01:41:37'),
(333, 267, 14, 5, 'ENTRA EN MODO SEGURO', '2024-03-28 16:44:58', '2024-03-28', 3, '2024-03-28 21:04:02'),
(334, 268, 14, 5, 'NINGUNA', '2024-03-28 18:00:03', '2024-03-28', 1, '2024-03-29 01:41:49'),
(335, 269, 14, 3, 'NINGUNA', '2024-03-28 18:02:06', NULL, 1, '2024-04-04 02:05:32'),
(336, 270, 14, 5, 'NINGUNA', '2024-03-28 21:06:49', '2024-04-01', 1, '2024-04-02 02:43:16'),
(337, 271, 14, 5, 'NINGUNA', '2024-04-01 18:24:02', '2024-04-01', 1, '2024-04-02 02:49:17'),
(338, 272, 14, 5, 'NINGUNA', '2024-04-01 19:45:50', '2024-04-05', 1, '2024-04-06 00:13:56'),
(339, 273, 14, 5, 'NINGUNA', '2024-04-02 01:13:41', '2024-04-13', 1, '2024-04-13 17:48:48'),
(340, 274, 14, 5, 'NINGUNA', '2024-04-02 02:42:51', '2024-04-03', 1, '2024-04-04 02:13:31'),
(341, 275, 14, 5, 'NINGUNA', '2024-04-02 17:20:03', '2024-04-03', 1, '2024-04-04 03:09:09'),
(342, 276, 14, 5, 'NINGUNA', '2024-04-02 17:21:55', '2024-04-02', 1, '2024-04-02 18:13:14'),
(345, 279, 14, 5, 'NINGUNA', '2024-04-02 17:47:17', '2024-04-06', 1, '2024-04-06 19:39:15'),
(346, 280, 14, 5, 'NINGUNA', '2024-04-02 17:47:58', '2024-04-10', 1, '2024-04-10 17:07:26'),
(347, 281, 14, 6, 'NINGUNA', '2024-04-02 18:14:07', '2024-04-03', 1, '2024-04-04 03:07:57'),
(348, 282, 14, 5, 'NINGUNA', '2024-04-02 20:08:06', '2024-04-02', 1, '2024-04-02 20:17:15'),
(349, 283, 14, 5, 'NINGUNA', '2024-04-03 01:43:00', '2024-04-04', 1, '2024-04-04 16:47:15'),
(350, 284, 14, 5, 'NINGUNA', '2024-04-03 03:12:09', '2024-04-03', 1, '2024-04-04 02:04:16'),
(351, 285, 14, 5, 'NINGUNA', '2024-04-03 03:53:38', '2024-04-25', 1, '2024-04-25 18:16:57'),
(352, 286, 14, 5, 'NINGUNA', '2024-04-03 03:54:53', '2024-04-08', 1, '2024-04-09 02:18:01'),
(353, 287, 14, 5, 'NINGUNA', '2024-04-03 20:34:17', '2024-04-03', 1, '2024-04-04 02:04:30'),
(354, 288, 14, 5, 'NINGUNA', '2024-04-04 00:17:03', '2024-04-06', 1, '2024-04-06 19:39:04'),
(355, 289, 14, 5, 'NINGUNA', '2024-04-04 03:00:05', '2024-04-08', 1, '2024-04-08 16:37:11'),
(356, 290, 14, 5, 'NINGUNA', '2024-04-04 03:02:22', '2024-04-03', 1, '2024-04-04 03:03:36'),
(357, 291, 14, 5, 'NINGUNA', '2024-04-05 01:23:37', '2024-04-10', 1, '2024-04-11 02:12:12'),
(358, 244, 14, 5, 'NINGUNA', '2024-04-05 01:25:36', '2024-04-06', 1, '2024-04-07 00:41:16'),
(359, 292, 14, 5, 'NINGUNA', '2024-04-05 01:49:45', '2024-05-03', 1, '2024-05-03 19:34:53'),
(360, 293, 14, 5, 'NINGUNA', '2024-04-05 03:38:17', '2024-04-06', 1, '2024-04-07 00:41:39'),
(361, 294, 14, 5, 'NINGUNA', '2024-04-05 03:40:19', '2024-04-08', 1, '2024-04-09 02:18:12'),
(363, 296, 14, 5, 'NINGUNA', '2024-04-05 03:42:29', '2024-04-06', 1, '2024-04-06 19:38:28'),
(364, 166, 14, 5, 'NINGUNA', '2024-04-05 17:39:12', '2024-04-22', 1, '2024-04-23 00:18:11'),
(365, 260, 14, 6, 'NINGUNA', '2024-04-06 01:01:46', '2024-04-15', 1, '2024-04-16 03:12:48'),
(366, 297, 14, 6, 'NINGUNA', '2024-04-08 19:22:53', '2024-04-10', 1, '2024-04-11 02:12:36'),
(367, 293, 14, 5, 'NINGUNA', '2024-04-08 19:23:30', '2024-04-08', 1, '2024-04-09 02:18:57'),
(368, 298, 14, 5, 'NINGUNA', '2024-04-08 21:13:31', '2024-04-09', 1, '2024-04-09 16:28:08'),
(369, 299, 14, 5, 'NINGUNA', '2024-04-09 01:33:42', '2024-04-09', 1, '2024-04-09 18:44:34'),
(370, 300, 14, 5, 'NINGUNA', '2024-04-09 02:26:15', '2024-04-15', 1, '2024-04-15 18:54:03'),
(371, 301, 14, 5, 'NINGUNA', '2024-04-10 17:06:35', '2024-04-12', 1, '2024-04-12 18:31:27'),
(372, 302, 14, 5, 'NINGUNA', '2024-04-11 20:14:15', '2024-04-12', 1, '2024-04-13 00:46:35'),
(373, 303, 14, 5, 'NINGUNA', '2024-04-12 00:49:01', '2024-04-16', 1, '2024-04-17 02:23:15'),
(374, 304, 14, 5, 'NINGUNA', '2024-04-12 00:51:37', '2024-04-12', 1, '2024-04-13 00:25:16'),
(375, 305, 14, 5, 'NINGUNA', '2024-04-13 17:49:39', '2024-04-13', 1, '2024-04-13 18:16:06'),
(376, 306, 14, 5, 'NINGUNA', '2024-04-13 17:50:12', '2024-04-13', 1, '2024-04-13 23:33:21'),
(377, 307, 14, 5, 'NINGUNA', '2024-04-13 17:51:26', '2024-04-13', 1, '2024-04-13 20:14:07'),
(378, 308, 14, 5, 'NINGUNA', '2024-04-13 18:01:52', '2024-04-25', 1, '2024-04-25 18:18:11'),
(379, 309, 14, 5, 'NINGUNA', '2024-04-13 19:08:40', '2024-04-26', 1, '2024-04-26 22:04:45'),
(380, 310, 14, 5, 'NINGUNA', '2024-04-15 17:19:44', '2024-04-15', 1, '2024-04-15 20:45:33'),
(381, 311, 14, 5, 'NINGUNA', '2024-04-15 17:20:58', '2024-04-15', 1, '2024-04-16 01:52:17'),
(382, 312, 14, 5, 'NINGUNA', '2024-04-15 17:27:33', '2024-04-16', 1, '2024-04-17 02:23:30'),
(383, 313, 14, 5, 'NINGUNA', '2024-04-15 17:28:46', '2024-04-16', 1, '2024-04-17 00:06:53'),
(386, 316, 14, 5, 'NINGUNA', '2024-04-15 20:31:58', '2024-04-15', 1, '2024-04-16 01:36:59'),
(387, 317, 14, 5, 'NINGUNA', '2024-04-16 00:12:49', '2024-04-18', 1, '2024-04-18 16:27:11'),
(388, 318, 14, 5, 'NINGUNA', '2024-04-16 18:00:45', '2024-04-18', 1, '2024-04-18 16:26:45'),
(389, 319, 14, 5, 'NINGUNA', '2024-04-16 18:01:42', '2024-04-17', 1, '2024-04-17 18:42:36'),
(390, 320, 14, 5, 'NINGUNA', '2024-04-16 20:23:31', '2024-04-19', 1, '2024-04-20 01:36:06'),
(391, 321, 14, 5, 'NINGUNA', '2024-04-17 00:09:54', '2024-04-18', 1, '2024-04-19 01:19:17'),
(392, 322, 14, 3, 'NINGUNA', '2024-04-17 00:16:31', NULL, 1, '2024-04-30 01:55:24'),
(393, 323, 14, 5, 'NINGUNA', '2024-04-17 02:33:33', '2024-04-20', 1, '2024-04-21 02:29:17'),
(394, 324, 14, 5, 'NINGUNA', '2024-04-17 19:05:28', '2024-04-19', 1, '2024-04-19 17:16:30'),
(395, 325, 14, 5, 'NINGUNA', '2024-04-17 19:09:07', '2024-04-18', 1, '2024-04-18 18:11:28'),
(396, 326, 14, 5, 'NINGUNA', '2024-04-18 02:22:10', '2024-04-18', 1, '2024-04-18 18:33:24'),
(397, 327, 14, 5, 'NINGUNA', '2024-04-18 02:37:07', '2024-04-20', 1, '2024-04-21 00:42:48'),
(398, 328, 14, 5, 'NINGUNA', '2024-04-18 20:44:32', '2024-04-22', 1, '2024-04-22 19:19:54'),
(399, 329, 14, 5, 'NINGUNA', '2024-04-19 00:58:13', '2024-04-20', 1, '2024-04-21 01:05:21'),
(400, 330, 14, 5, 'NINGUNA', '2024-04-19 16:43:27', '2024-04-20', 1, '2024-04-21 02:32:04'),
(401, 324, 14, 5, 'NINGUNA', '2024-04-19 17:16:50', '2024-04-20', 1, '2024-04-21 00:43:09'),
(402, 7, 14, 5, 'NINGUNA', '2024-04-20 18:12:19', '2024-04-20', 1, '2024-04-20 18:12:47'),
(403, 331, 14, 5, 'NINGUNA', '2024-04-21 00:40:15', '2024-04-24', 1, '2024-04-25 03:08:22'),
(404, 332, 14, 5, 'NINGUNA', '2024-04-22 17:32:18', '2024-04-29', 1, '2024-04-29 16:19:53'),
(405, 333, 14, 5, 'NINGUNA', '2024-04-22 17:56:09', '2024-04-24', 1, '2024-04-25 03:07:57'),
(406, 334, 14, 5, 'NINGUNA', '2024-04-22 19:13:41', '2024-04-23', 1, '2024-04-23 20:29:03'),
(407, 335, 14, 5, 'NINGUNA', '2024-04-22 19:15:29', '2024-04-22', 1, '2024-04-23 00:18:54'),
(408, 336, 14, 5, 'NINGUNA', '2024-04-23 00:31:30', '2024-04-23', 1, '2024-04-24 00:23:44'),
(409, 337, 14, 5, 'NINGUNA', '2024-04-23 01:02:58', '2024-04-25', 1, '2024-04-25 18:49:29'),
(410, 338, 14, 5, 'NINGUNA', '2024-04-23 02:43:43', '2024-04-29', 1, '2024-04-30 01:55:44'),
(411, 339, 14, 5, 'NINGUNA', '2024-04-23 17:07:17', '2024-04-24', 1, '2024-04-24 20:55:00'),
(412, 206, 14, 5, 'NINGUNA', '2024-04-23 18:45:15', '2024-04-23', 1, '2024-04-24 00:18:26'),
(413, 39, 14, 5, 'NINGUNA', '2024-04-23 20:26:16', '2024-04-23', 1, '2024-04-23 20:26:42'),
(414, 340, 14, 5, 'NINGUNA', '2024-04-24 00:21:52', '2024-04-24', 1, '2024-04-25 03:09:02'),
(415, 341, 14, 5, 'NINGUNA', '2024-04-24 00:58:33', '2024-04-24', 1, '2024-04-24 18:28:41'),
(416, 342, 14, 5, 'NINGUNA', '2024-04-24 19:26:47', '2024-05-20', 1, '2024-05-20 20:27:25'),
(417, 343, 14, 2, 'NINGUNA', '2024-04-24 20:57:33', NULL, 1, '2024-04-25 03:09:10'),
(422, 348, 14, 5, 'NINGUNA', '2024-04-25 02:22:10', '2024-04-26', 1, '2024-04-26 19:32:52'),
(423, 349, 14, 5, 'NINGUNA', '2024-04-25 02:22:50', '2024-04-25', 1, '2024-04-26 01:47:57'),
(424, 350, 14, 5, 'NINGUNA', '2024-04-25 16:52:55', '2024-04-25', 1, '2024-04-26 01:48:38'),
(425, 351, 14, 5, 'NINGUNA', '2024-04-25 19:39:32', '2024-05-08', 1, '2024-05-08 17:32:11'),
(426, 352, 14, 5, 'NINGUNA', '2024-04-26 00:22:02', '2024-04-26', 1, '2024-04-26 21:56:24'),
(427, 353, 14, 5, 'NINGUNA', '2024-04-26 17:30:49', '2024-04-29', 1, '2024-04-30 01:56:17'),
(428, 354, 14, 5, 'NINGUNA', '2024-04-30 01:15:06', '2024-05-04', 1, '2024-05-05 01:26:27'),
(431, 357, 14, 5, 'NINGUNA', '2024-04-30 01:17:31', '2024-04-30', 1, '2024-04-30 18:46:52'),
(432, 358, 14, 5, 'NINGUNA', '2024-04-30 17:00:54', '2024-05-01', 1, '2024-05-01 17:38:47'),
(433, 359, 14, 5, 'NINGUNA', '2024-05-01 20:20:00', '2024-05-02', 1, '2024-05-02 20:07:51'),
(434, 360, 14, 5, 'NINGUNA', '2024-05-03 18:01:00', '2024-05-04', 1, '2024-05-04 19:39:39'),
(435, 361, 14, 5, 'NINGUNA', '2024-05-03 21:06:56', '2024-05-04', 1, '2024-05-04 21:09:21'),
(437, 363, 14, 5, 'NINGUNA', '2024-05-04 02:39:12', '2024-05-17', 1, '2024-05-17 17:49:42'),
(440, 366, 14, 5, 'NINGUNA', '2024-05-04 02:41:02', '2024-05-07', 1, '2024-05-08 02:51:47'),
(441, 367, 14, 5, 'NINGUNA', '2024-05-04 18:22:14', '2024-05-06', 1, '2024-05-07 02:43:01'),
(442, 368, 14, 5, 'NINGUNA', '2024-05-04 18:23:01', '2024-05-04', 1, '2024-05-04 19:31:08'),
(443, 369, 14, 5, 'NINGUNA', '2024-05-04 20:05:48', '2024-05-04', 1, '2024-05-04 21:08:48'),
(444, 370, 14, 5, 'NINGUNA', '2024-05-05 01:25:51', '2024-05-08', 1, '2024-05-08 18:21:05'),
(445, 371, 14, 5, 'NINGUNA', '2024-05-06 20:00:42', '2024-05-09', 1, '2024-05-09 19:40:47'),
(446, 381, 14, 5, 'NINGUNA', '2024-05-06 20:08:23', '2024-05-07', 1, '2024-05-07 19:44:09'),
(449, 380, 14, 5, 'NINGUNA', '2024-05-07 00:44:52', '2024-05-07', 1, '2024-05-08 00:35:26'),
(450, 379, 14, 5, 'NINGUNA', '2024-05-07 02:41:58', '2024-05-07', 1, '2024-05-08 02:37:51'),
(451, 378, 14, 5, 'NINGUNA', '2024-05-07 02:46:26', '2024-05-11', 1, '2024-05-11 20:16:17'),
(452, 382, 14, 5, 'NINGUNA', '2024-05-08 01:06:48', '2024-05-13', 1, '2024-05-14 01:19:00'),
(454, 193, 14, 5, 'NINGUNA', '2024-05-11 18:45:03', '2024-05-17', 1, '2024-05-17 21:19:53'),
(455, 383, 14, 6, 'NINGUNA', '2024-05-13 18:21:02', '2024-05-15', 1, '2024-05-15 20:03:11'),
(456, 384, 14, 5, 'NINGUNA', '2024-05-14 00:19:21', '2024-05-13', 1, '2024-05-14 00:19:48'),
(457, 385, 14, 5, 'NINGUNA', '2024-05-14 00:25:01', '2024-05-16', 1, '2024-05-16 21:02:49'),
(458, 386, 14, 5, 'NINGUNA', '2024-05-14 00:25:41', '2024-05-20', 1, '2024-05-20 20:27:17'),
(459, 387, 14, 5, 'NINGUNA', '2024-05-14 00:26:32', '2024-05-20', 1, '2024-05-21 01:16:59'),
(460, 388, 14, 5, 'NINGUNA', '2024-05-14 00:38:26', '2024-05-14', 1, '2024-05-14 20:29:03'),
(461, 389, 14, 3, 'NINGUNA', '2024-05-14 19:49:48', NULL, 1, '2024-06-11 01:08:41'),
(462, 390, 14, 5, 'NINGUNA', '2024-05-14 19:51:02', '2024-05-15', 1, '2024-05-15 20:02:10'),
(463, 212, 14, 5, 'NINGUNA', '2024-05-15 00:15:18', '2024-05-16', 1, '2024-05-17 00:48:15'),
(464, 400, 14, 5, 'NINGUNA', '2024-05-15 00:49:59', '2024-05-22', 1, '2024-05-23 02:28:29'),
(465, 392, 14, 5, 'NINGUNA', '2024-05-15 17:00:10', '2024-05-17', 1, '2024-05-17 16:49:06'),
(466, 393, 14, 5, 'NINGUNA', '2024-05-15 17:43:03', '2024-05-16', 1, '2024-05-17 01:04:24'),
(467, 394, 14, 5, 'NINGUNA', '2024-05-15 18:39:37', '2024-05-17', 1, '2024-05-17 16:48:58'),
(468, 395, 14, 5, 'NINGUNA', '2024-05-15 19:20:29', '2024-05-31', 1, '2024-05-31 20:35:02'),
(469, 396, 14, 2, 'NINGUNA', '2024-05-16 16:24:47', NULL, 1, '2024-05-21 03:30:13'),
(470, 397, 14, 5, 'NINGUNA', '2024-05-16 16:51:54', '2024-05-17', 1, '2024-05-18 00:19:26'),
(471, 398, 14, 5, 'NINGUNA', '2024-05-16 18:58:45', '2024-05-17', 1, '2024-05-18 00:20:17'),
(472, 399, 14, 5, 'NINGUNA', '2024-05-17 00:27:25', '2024-05-17', 1, '2024-05-18 03:20:53'),
(473, 401, 14, 5, 'NINGUNA', '2024-05-18 17:36:08', '2024-05-31', 1, '2024-05-31 20:35:34'),
(476, 404, 14, 5, 'NINGUNA', '2024-05-18 17:38:46', '2024-05-22', 1, '2024-05-23 02:28:52'),
(477, 405, 14, 5, 'NINGUNA', '2024-05-20 18:42:31', '2024-05-20', 1, '2024-05-21 01:11:31'),
(478, 406, 14, 5, 'NINGUNA', '2024-05-20 18:43:13', '2024-05-21', 1, '2024-05-22 02:31:51'),
(479, 407, 14, 5, 'NINGUNA', '2024-05-21 01:37:18', '2024-05-21', 1, '2024-05-21 19:18:03'),
(481, 409, 14, 5, 'NINGUNA', '2024-05-21 03:32:24', '2024-05-24', 1, '2024-05-24 16:47:33'),
(482, 410, 14, 5, 'NINGUNA', '2024-05-21 16:36:56', '2024-05-21', 1, '2024-05-22 02:31:44'),
(483, 411, 14, 5, 'NINGUNA', '2024-05-22 02:34:30', '2024-05-22', 1, '2024-05-23 02:29:16'),
(484, 412, 14, 5, 'NINGUNA', '2024-05-22 17:55:33', '2024-05-22', 1, '2024-05-23 02:28:12'),
(485, 413, 14, 3, 'NINGUNA', '2024-05-22 17:56:58', NULL, 1, '2024-06-06 03:21:47'),
(486, 414, 14, 5, 'NINGUNA', '2024-05-22 19:23:46', '2024-05-23', 1, '2024-05-24 01:11:26'),
(487, 415, 14, 5, 'NINGUNA', '2024-05-23 16:42:46', '2024-05-23', 1, '2024-05-24 01:11:42'),
(488, 416, 14, 3, 'NINGUNA', '2024-05-23 18:18:46', NULL, 1, '2024-06-20 21:00:38'),
(489, 417, 14, 5, 'NINGUNA', '2024-05-24 17:15:20', '2024-05-31', 1, '2024-05-31 20:34:24'),
(490, 188, 14, 5, 'NINGUNA', '2024-05-24 21:44:06', '2024-05-31', 1, '2024-05-31 20:34:34'),
(491, 198, 14, 5, 'NINGUNA', '2024-05-26 02:29:05', '2024-06-05', 1, '2024-06-05 20:14:45'),
(492, 418, 14, 5, 'NINGUNA', '2024-05-26 02:30:16', '2024-06-01', 1, '2024-06-01 17:12:34'),
(493, 419, 14, 6, 'NINGUNA', '2024-05-26 02:32:13', '2024-05-28', 1, '2024-05-29 02:55:56'),
(495, 421, 14, 5, 'NINGUNA', '2024-05-26 02:34:17', '2024-05-28', 1, '2024-05-29 02:56:06'),
(496, 422, 14, 5, 'NINGUNA', '2024-05-27 16:26:24', '2024-05-31', 1, '2024-05-31 20:33:46'),
(497, 423, 14, 6, 'NINGUNA', '2024-05-27 20:03:52', '2024-05-27', 1, '2024-05-27 23:57:07'),
(498, 424, 14, 2, 'NINGUNA', '2024-05-28 01:39:37', NULL, 1, '2024-06-09 00:32:26'),
(499, 400, 14, 5, 'NINGUNA', '2024-05-28 01:42:05', '2024-06-10', 1, '2024-06-10 17:28:58'),
(500, 425, 14, 5, 'NINGUNA', '2024-05-29 00:31:33', '2024-05-31', 1, '2024-06-01 02:37:33'),
(501, 426, 14, 5, 'NINGUNA', '2024-05-29 01:20:22', '2024-06-03', 1, '2024-06-04 01:01:07'),
(502, 427, 14, 5, 'NINGUNA', '2024-05-29 01:21:29', '2024-05-30', 1, '2024-05-31 00:38:27'),
(503, 428, 14, 5, 'NINGUNA', '2024-05-29 17:31:59', '2024-05-31', 1, '2024-05-31 20:34:10'),
(504, 429, 14, 5, 'NINGUNA', '2024-05-29 17:34:15', '2024-05-30', 1, '2024-05-31 01:42:02'),
(505, 430, 14, 5, 'NINGUNA', '2024-05-31 01:35:53', '2024-05-31', 1, '2024-05-31 20:33:22'),
(506, 431, 14, 5, 'NINGUNA', '2024-05-31 19:37:21', '2024-05-31', 1, '2024-06-01 02:35:54'),
(507, 432, 14, 5, 'NINGUNA', '2024-05-31 20:39:04', '2024-06-03', 1, '2024-06-03 21:26:17'),
(508, 433, 14, 5, 'NINGUNA', '2024-06-01 00:09:00', '2024-06-01', 1, '2024-06-02 00:22:25'),
(509, 434, 14, 5, 'NINGUNA', '2024-06-01 00:18:11', '2024-06-11', 1, '2024-06-12 01:36:59'),
(510, 435, 14, 5, 'NINGUNA', '2024-06-01 02:29:17', '2024-06-03', 1, '2024-06-04 03:14:55'),
(511, 436, 14, 5, 'NINGUNA', '2024-06-01 18:50:55', '2024-06-17', 1, '2024-06-17 17:34:16'),
(512, 437, 14, 5, 'NINGUNA', '2024-06-03 17:26:28', '2024-06-28', 1, '2024-06-29 03:04:20'),
(513, 438, 14, 5, 'NINGUNA', '2024-06-03 18:38:02', '2024-06-04', 1, '2024-06-04 19:52:14'),
(514, 439, 14, 5, 'NINGUNA', '2024-06-03 18:39:41', '2024-06-05', 1, '2024-06-05 18:12:25'),
(515, 440, 14, 5, 'NINGUNA', '2024-06-03 18:48:57', '2024-06-03', 1, '2024-06-03 21:17:12'),
(516, 441, 14, 5, 'NINGUNA', '2024-06-03 19:05:14', '2024-06-18', 1, '2024-06-18 17:43:12'),
(517, 442, 14, 5, 'NINGUNA', '2024-06-04 01:31:45', '2024-06-05', 1, '2024-06-06 03:21:22'),
(519, 444, 14, 5, 'NINGUNA', '2024-06-04 03:07:56', '2024-06-05', 1, '2024-06-06 03:19:43'),
(523, 448, 14, 5, 'NINGUNA', '2024-06-04 17:16:16', '2024-06-04', 1, '2024-06-05 01:13:16'),
(524, 449, 14, 5, 'NINGUNA', '2024-06-06 00:36:50', '2024-06-05', 1, '2024-06-06 03:21:09'),
(525, 450, 14, 5, 'NINGUNA', '2024-06-06 00:50:58', '2024-06-08', 1, '2024-06-09 01:11:32'),
(527, 452, 14, 5, 'NINGUNA', '2024-06-06 03:19:30', '2024-06-08', 1, '2024-06-09 02:00:47'),
(528, 453, 14, 5, 'NINGUNA', '2024-06-06 03:28:05', '2024-06-08', 1, '2024-06-09 00:24:26'),
(529, 454, 14, 5, 'NINGUNA', '2024-06-06 20:33:53', '2024-06-11', 1, '2024-06-12 01:36:42'),
(530, 455, 14, 5, 'NINGUNA', '2024-06-09 00:28:19', '2024-06-10', 1, '2024-06-10 16:50:56'),
(531, 456, 14, 5, 'NINGUNA', '2024-06-09 00:29:07', '2024-06-08', 1, '2024-06-09 01:11:10'),
(532, 457, 14, 6, 'NINGUNA', '2024-06-09 02:05:51', '2024-06-10', 1, '2024-06-11 02:38:53'),
(533, 458, 14, 5, 'NINGUNA', '2024-06-10 18:04:44', '2024-07-04', 1, '2024-07-04 19:20:04'),
(534, 459, 14, 5, 'NINGUNA', '2024-06-10 20:55:57', '2024-06-15', 1, '2024-06-15 20:34:42'),
(535, 460, 14, 3, 'NINGUNA', '2024-06-11 02:40:34', NULL, 1, '2024-06-12 01:37:56'),
(537, 462, 14, 5, 'NINGUNA', '2024-06-11 02:41:38', '2024-06-20', 1, '2024-06-21 01:49:13'),
(538, 463, 14, 5, 'NINGUNA', '2024-06-11 16:33:47', '2024-06-11', 1, '2024-06-12 01:39:25'),
(539, 464, 14, 5, 'NINGUNA', '2024-06-11 16:48:37', '2024-06-11', 1, '2024-06-12 01:00:22'),
(540, 465, 14, 5, 'NINGUNA', '2024-06-11 20:14:02', '2024-06-20', 1, '2024-06-20 21:03:08'),
(541, 466, 14, 5, 'NINGUNA', '2024-06-11 20:17:51', '2024-06-11', 1, '2024-06-12 01:39:46'),
(542, 467, 14, 5, 'NINGUNA', '2024-06-12 02:11:37', '2024-06-20', 1, '2024-06-20 21:00:22'),
(543, 468, 14, 5, 'NINGUNA', '2024-06-15 19:01:41', '2024-06-21', 1, '2024-06-21 19:08:33'),
(544, 469, 14, 5, 'NINGUNA', '2024-06-17 19:57:59', '2024-06-18', 1, '2024-06-18 17:47:27'),
(545, 473, 14, 5, 'NINGUNA', '2024-06-18 01:05:57', '2024-07-05', 1, '2024-07-05 19:31:45'),
(546, 471, 14, 5, 'NINGUNA', '2024-06-18 01:31:34', '2024-06-19', 1, '2024-06-19 19:16:56'),
(547, 472, 14, 5, 'NINGUNA', '2024-06-18 17:52:59', '2024-06-24', 1, '2024-06-24 19:12:21'),
(548, 474, 14, 5, 'NINGUNA', '2024-06-19 00:59:35', '2024-06-24', 1, '2024-06-25 02:54:47'),
(549, 475, 14, 5, 'NINGUNA', '2024-06-21 19:13:49', '2024-06-24', 1, '2024-06-25 02:54:35'),
(552, 478, 14, 5, 'NINGUNA', '2024-06-24 20:30:39', '2024-06-24', 1, '2024-06-25 02:54:21'),
(553, 479, 14, 5, 'NINGUNA', '2024-06-25 02:53:56', '2024-06-28', 1, '2024-06-29 02:20:05'),
(554, 480, 14, 3, 'NINGUNA', '2024-06-25 21:15:10', NULL, 1, '2024-06-29 03:02:29'),
(555, 481, 14, 5, 'NINGUNA', '2024-06-26 18:19:01', '2024-06-28', 1, '2024-06-29 02:18:09'),
(556, 482, 14, 5, 'NINGUNA', '2024-06-26 18:20:47', '2024-06-28', 1, '2024-06-29 02:18:48'),
(557, 483, 14, 5, 'NINGUNA', '2024-06-26 18:22:31', '2024-07-11', 1, '2024-07-11 19:43:06'),
(558, 484, 14, 5, 'NINGUNA', '2024-06-26 19:49:45', '2024-06-27', 1, '2024-06-27 21:06:27'),
(561, 487, 14, 5, 'NINGUNA', '2024-06-27 17:57:02', '2024-06-28', 1, '2024-06-29 02:18:23'),
(562, 488, 14, 5, 'NINGUNA', '2024-06-28 00:17:38', '2024-06-28', 1, '2024-06-29 02:18:33'),
(564, 490, 14, 6, 'NINGUNA', '2024-06-29 02:56:17', '2024-07-08', 1, '2024-07-08 23:38:43'),
(565, 491, 14, 5, 'NINGUNA', '2024-06-29 03:01:13', '2024-07-01', 1, '2024-07-02 02:27:48'),
(566, 492, 14, 5, 'NINGUNA', '2024-06-30 00:18:20', '2024-06-29', 1, '2024-06-30 02:32:45'),
(567, 498, 14, 5, 'NINGUNA', '2024-07-01 18:11:50', '2024-07-04', 1, '2024-07-04 16:45:17'),
(568, 494, 14, 5, 'NINGUNA', '2024-07-01 18:12:41', '2024-07-01', 1, '2024-07-02 02:27:13'),
(569, 495, 14, 5, 'NINGUNA', '2024-07-01 18:20:08', '2024-07-01', 1, '2024-07-02 00:34:16'),
(570, 496, 14, 5, 'NINGUNA', '2024-07-01 18:21:36', '2024-07-01', 1, '2024-07-02 02:27:27'),
(571, 497, 14, 5, 'NINGUNA', '2024-07-01 18:24:08', '2024-07-01', 1, '2024-07-02 02:27:35'),
(572, 499, 14, 6, 'NINGUNA', '2024-07-02 17:06:41', '2024-07-08', 1, '2024-07-08 23:38:17'),
(573, 500, 14, 5, 'NINGUNA', '2024-07-02 17:07:10', '2024-07-02', 1, '2024-07-02 19:22:40'),
(574, 501, 14, 5, 'NINGUNA', '2024-07-02 17:07:43', '2024-07-03', 1, '2024-07-03 19:09:48'),
(575, 502, 14, 5, 'NINGUNA', '2024-07-02 17:31:33', '2024-07-03', 1, '2024-07-03 19:09:25'),
(576, 503, 14, 5, 'NINGUNA', '2024-07-02 18:54:38', '2024-07-03', 1, '2024-07-03 19:10:10'),
(577, 504, 14, 5, 'NINGUNA', '2024-07-02 18:55:07', '2024-07-04', 1, '2024-07-04 17:24:31'),
(578, 505, 14, 6, 'NINGUNA', '2024-07-04 17:07:59', '2024-07-04', 1, '2024-07-05 01:32:45'),
(579, 506, 14, 5, 'NINGUNA', '2024-07-05 00:45:22', '2024-07-08', 1, '2024-07-08 23:37:50'),
(580, 507, 14, 5, 'NINGUNA', '2024-07-05 00:54:57', '2024-07-05', 1, '2024-07-06 02:41:28'),
(583, 510, 14, 5, 'NINGUNA', '2024-07-05 01:03:26', '2024-07-20', 1, '2024-07-21 02:17:07'),
(584, 511, 14, 5, 'NINGUNA', '2024-07-05 01:32:30', '2024-08-03', 1, '2024-08-03 19:56:24'),
(585, 512, 14, 6, 'NINGUNA', '2024-07-05 18:26:44', '2024-07-08', 1, '2024-07-08 23:37:02'),
(586, 513, 14, 5, 'NINGUNA', '2024-07-05 20:36:31', '2024-07-08', 1, '2024-07-08 23:39:01'),
(587, 514, 14, 5, 'NINGUNA', '2024-07-06 18:51:09', '2024-07-15', 1, '2024-07-15 17:13:25'),
(588, 515, 14, 5, 'NINGUNA', '2024-07-07 03:02:20', '2024-07-11', 1, '2024-07-11 19:41:55'),
(589, 516, 14, 5, 'NINGUNA', '2024-07-07 03:03:21', '2024-07-10', 1, '2024-07-11 02:39:41'),
(590, 517, 14, 5, 'NINGUNA', '2024-07-07 03:04:04', '2024-07-15', 1, '2024-07-15 21:53:18'),
(591, 518, 14, 5, 'NINGUNA', '2024-07-08 17:03:16', '2024-07-10', 1, '2024-07-11 02:39:53'),
(592, 519, 14, 5, 'NINGUNA', '2024-07-08 19:08:25', '2024-07-09', 1, '2024-07-09 19:32:49'),
(593, 520, 14, 5, 'NINGUNA', '2024-07-08 19:24:43', '2024-07-15', 1, '2024-07-15 18:31:40'),
(594, 495, 14, 5, 'NINGUNA', '2024-07-08 19:27:53', '2024-07-17', 1, '2024-07-18 00:42:40'),
(595, 525, 14, 5, 'NINGUNA', '2024-07-09 16:27:53', '2024-07-20', 1, '2024-07-21 02:17:14'),
(596, 522, 14, 6, 'NINGUNA', '2024-07-09 16:31:06', '2024-07-20', 1, '2024-07-21 02:17:27'),
(597, 327, 14, 6, 'NINGUNA', '2024-07-10 00:20:58', '2024-08-05', 1, '2024-08-06 00:16:52'),
(598, 523, 14, 6, 'NINGUNA', '2024-07-10 00:21:35', '2024-08-05', 1, '2024-08-06 00:17:04'),
(599, 524, 14, 5, 'NINGUNA', '2024-07-10 17:27:25', '2024-07-15', 1, '2024-07-15 17:14:40'),
(600, 385, 14, 5, 'NINGUNA', '2024-07-11 01:13:16', '2024-07-15', 1, '2024-07-15 17:14:14'),
(601, 526, 14, 5, 'NINGUNA', '2024-07-11 19:51:18', '2024-07-15', 1, '2024-07-15 21:53:39'),
(602, 527, 14, 5, 'NINGUNA', '2024-07-12 00:45:52', '2024-07-15', 1, '2024-07-15 21:54:07'),
(603, 528, 14, 5, 'NINGUNA', '2024-07-13 00:33:00', '2024-07-15', 1, '2024-07-15 17:14:29'),
(604, 529, 14, 5, 'NINGUNA', '2024-07-15 17:50:43', '2024-07-17', 1, '2024-07-18 00:33:25'),
(608, 533, 14, 6, 'NINGUNA', '2024-07-16 00:08:37', '2024-07-18', 1, '2024-07-19 01:24:13'),
(609, 534, 14, 5, 'NINGUNA', '2024-07-16 02:32:56', '2024-07-16', 1, '2024-07-17 03:24:30'),
(610, 524, 14, 5, 'NINGUNA', '2024-07-16 17:50:25', '2024-07-30', 1, '2024-07-31 01:28:37'),
(611, 535, 14, 5, 'NINGUNA', '2024-07-16 17:51:04', '2024-07-24', 1, '2024-07-24 16:42:42'),
(612, 536, 14, 5, 'NINGUNA', '2024-07-16 19:27:31', '2024-07-20', 1, '2024-07-21 02:16:53'),
(613, 128, 14, 5, 'NINGUNA', '2024-07-17 01:42:34', '2024-07-18', 1, '2024-07-18 20:54:24'),
(614, 537, 14, 5, 'NINGUNA', '2024-07-17 01:44:13', '2024-07-18', 1, '2024-07-18 20:43:01'),
(615, 538, 14, 5, 'NINGUNA', '2024-07-17 16:55:02', '2024-07-17', 1, '2024-07-18 01:29:12'),
(616, 539, 14, 5, 'NINGUNA', '2024-07-17 16:57:40', '2024-07-23', 1, '2024-07-24 02:24:20'),
(617, 540, 14, 5, 'NINGUNA', '2024-07-17 17:36:25', '2024-07-18', 1, '2024-07-18 20:43:29'),
(618, 392, 14, 5, 'NINGUNA', '2024-07-18 00:35:53', '2024-07-20', 1, '2024-07-21 02:15:49'),
(619, 541, 14, 5, 'NINGUNA', '2024-07-18 01:16:42', '2024-07-18', 1, '2024-07-19 01:16:01'),
(621, 543, 14, 5, 'NINGUNA', '2024-07-19 03:07:44', '2024-07-30', 1, '2024-07-31 01:28:49'),
(622, 544, 14, 5, 'NINGUNA', '2024-07-19 19:48:12', '2024-07-22', 1, '2024-07-23 02:39:00'),
(623, 545, 14, 5, 'NINGUNA', '2024-07-19 19:49:11', '2024-07-20', 1, '2024-07-21 02:16:11'),
(624, 546, 14, 5, 'NINGUNA', '2024-07-19 19:49:51', '2024-07-22', 1, '2024-07-23 02:39:11'),
(625, 547, 14, 5, 'NINGUNA', '2024-07-20 00:14:27', '2024-07-20', 1, '2024-07-21 02:15:36'),
(626, 548, 14, 6, 'NINGUNA', '2024-07-22 18:16:31', '2024-07-24', 1, '2024-07-25 00:06:28'),
(627, 549, 14, 5, 'NINGUNA', '2024-07-22 19:37:40', '2024-07-22', 1, '2024-07-23 02:57:30'),
(628, 550, 14, 5, 'NINGUNA', '2024-07-22 20:28:18', '2024-07-30', 1, '2024-07-31 01:29:14'),
(629, 551, 14, 5, 'NINGUNA', '2024-07-23 17:28:33', '2024-07-24', 1, '2024-07-24 16:42:57'),
(630, 552, 14, 5, 'NINGUNA', '2024-07-23 18:17:03', '2024-07-25', 1, '2024-07-26 00:20:54'),
(631, 553, 14, 5, 'NINGUNA', '2024-07-24 17:43:52', '2024-07-24', 1, '2024-07-25 00:26:46'),
(632, 554, 14, 5, 'NINGUNA', '2024-07-26 21:25:47', '2024-07-26', 1, '2024-07-27 00:22:03'),
(633, 555, 14, 5, 'NINGUNA', '2024-07-27 00:18:53', '2024-07-30', 1, '2024-07-31 01:28:59'),
(636, 558, 14, 5, 'NINGUNA', '2024-07-27 00:24:11', '2024-08-09', 1, '2024-08-09 18:34:56'),
(637, 559, 14, 5, 'NINGUNA', '2024-07-31 01:27:07', '2024-07-31', 1, '2024-07-31 19:04:36'),
(638, 560, 14, 5, 'NINGUNA', '2024-07-31 02:02:05', '2024-08-03', 1, '2024-08-03 18:55:30'),
(639, 561, 14, 5, 'NINGUNA', '2024-07-31 17:32:26', '2024-08-01', 1, '2024-08-02 01:52:43'),
(640, 562, 14, 2, 'NINGUNA', '2024-07-31 18:30:17', NULL, 1, '2024-08-14 19:21:28'),
(641, 563, 14, 5, 'NINGUNA', '2024-08-01 01:00:22', '2024-08-02', 1, '2024-08-03 02:43:39'),
(644, 566, 14, 5, 'NINGUNA', '2024-08-01 01:38:36', '2024-08-01', 1, '2024-08-02 01:52:53'),
(645, 567, 14, 5, 'NINGUNA', '2024-08-01 17:17:40', '2024-08-01', 1, '2024-08-02 00:09:12'),
(646, 568, 14, 5, 'NINGUNA', '2024-08-01 19:16:48', '2024-08-01', 1, '2024-08-01 20:50:26'),
(647, 543, 14, 3, 'NINGUNA', '2024-08-01 20:51:41', NULL, 1, '2024-08-03 01:56:39'),
(648, 569, 14, 5, 'NINGUNA', '2024-08-02 00:10:59', '2024-08-05', 1, '2024-08-06 00:16:33'),
(649, 382, 14, 5, 'NINGUNA', '2024-08-02 01:06:22', '2024-08-02', 1, '2024-08-03 01:56:22'),
(652, 572, 14, 5, 'NINGUNA', '2024-08-02 01:07:45', '2024-08-05', 1, '2024-08-06 02:17:04'),
(653, 573, 14, 6, 'NINGUNA', '2024-08-02 18:45:46', '2024-08-03', 1, '2024-08-03 18:54:43'),
(656, 576, 14, 5, 'NINGUNA', '2024-08-03 18:54:16', '2024-08-03', 1, '2024-08-03 21:02:41'),
(657, 577, 14, 5, 'NINGUNA', '2024-08-03 18:56:14', '2024-08-03', 1, '2024-08-03 20:52:56'),
(658, 578, 14, 5, 'NINGUNA', '2024-08-03 22:24:23', '2024-08-17', 1, '2024-08-17 18:19:38'),
(659, 579, 14, 5, 'NINGUNA', '2024-08-05 18:04:34', '2024-08-08', 1, '2024-08-08 21:41:45'),
(660, 580, 14, 5, 'NINGUNA', '2024-08-05 20:14:20', '2024-08-06', 1, '2024-08-06 20:43:59'),
(661, 581, 14, 5, 'NINGUNA', '2024-08-05 20:15:12', '2024-08-06', 1, '2024-08-06 17:23:27'),
(662, 582, 14, 6, 'NINGUNA', '2024-08-06 01:37:34', '2024-08-10', 1, '2024-08-10 17:34:00'),
(663, 583, 14, 3, 'NINGUNA', '2024-08-07 00:06:42', NULL, 1, '2024-08-07 01:16:07'),
(664, 432, 14, 5, 'NINGUNA', '2024-08-07 00:07:08', '2024-08-06', 1, '2024-08-07 01:15:51'),
(665, 584, 14, 5, 'NINGUNA', '2024-08-07 17:21:08', '2024-08-08', 1, '2024-08-08 19:33:08'),
(666, 585, 14, 5, 'NINGUNA', '2024-08-07 19:04:55', '2024-08-08', 1, '2024-08-08 19:34:19'),
(667, 586, 14, 5, 'NINGUNA', '2024-08-07 20:59:27', '2024-08-13', 1, '2024-08-13 19:39:37'),
(668, 587, 14, 5, 'NINGUNA', '2024-08-08 02:35:59', '2024-08-08', 1, '2024-08-08 19:34:40'),
(669, 588, 14, 5, 'NINGUNA', '2024-08-08 18:13:59', '2024-08-15', 1, '2024-08-15 17:20:28'),
(670, 589, 14, 5, 'NINGUNA', '2024-08-08 18:14:31', '2024-08-08', 1, '2024-08-09 00:38:44'),
(671, 590, 14, 5, 'NINGUNA', '2024-08-08 18:15:06', '2024-08-10', 1, '2024-08-10 17:33:29'),
(672, 591, 14, 5, 'NINGUNA', '2024-08-08 18:16:17', '2024-08-10', 1, '2024-08-10 17:33:35'),
(673, 592, 14, 5, 'NINGUNA', '2024-08-08 19:30:42', '2024-08-08', 1, '2024-08-08 19:42:48'),
(674, 593, 14, 6, 'NINGUNA', '2024-08-09 01:06:46', '2024-08-10', 1, '2024-08-10 17:34:48'),
(675, 594, 14, 5, 'NINGUNA', '2024-08-09 01:10:12', '2024-08-10', 1, '2024-08-10 17:33:03'),
(676, 595, 14, 6, 'NINGUNA', '2024-08-09 18:10:03', '2024-08-16', 1, '2024-08-16 17:58:56'),
(677, 596, 14, 6, 'NINGUNA', '2024-08-10 00:56:51', '2024-08-10', 1, '2024-08-10 17:32:42'),
(678, 597, 14, 5, 'NINGUNA', '2024-08-10 18:29:46', '2024-09-08', 1, '2024-09-08 18:12:32'),
(679, 598, 14, 5, 'NINGUNA', '2024-08-12 17:45:08', '2024-09-08', 1, '2024-09-08 18:23:03'),
(680, 599, 14, 6, 'NINGUNA', '2024-08-12 21:26:34', '2024-08-31', 1, '2024-08-31 19:35:35'),
(681, 600, 14, 5, 'NINGUNA', '2024-08-13 19:37:03', '2024-09-09', 1, '2024-09-09 17:19:56'),
(682, 601, 14, 5, 'NINGUNA', '2024-08-13 19:43:00', '2024-08-16', 1, '2024-08-16 17:54:00'),
(683, 602, 14, 5, 'NINGUNA', '2024-08-13 21:02:28', '2024-08-14', 1, '2024-08-14 21:35:43'),
(684, 603, 14, 5, 'NINGUNA', '2024-08-14 17:01:10', '2024-08-16', 1, '2024-08-16 21:01:12'),
(685, 197, 14, 5, 'NINGUNA', '2024-08-14 18:01:21', '2024-08-14', 1, '2024-08-14 21:35:30'),
(686, 442, 14, 5, 'NINGUNA', '2024-08-15 19:12:46', '2024-08-16', 1, '2024-08-16 17:55:38'),
(687, 604, 14, 5, 'NINGUNA', '2024-08-15 19:13:56', '2024-08-15', 1, '2024-08-16 00:47:42'),
(688, 605, 14, 5, 'NINGUNA', '2024-08-15 19:16:54', '2024-08-16', 1, '2024-08-17 00:22:49'),
(689, 606, 14, 5, 'NINGUNA', '2024-08-16 00:27:13', '2024-08-16', 1, '2024-08-16 17:55:55'),
(690, 607, 14, 5, 'NINGUNA', '2024-08-16 01:11:06', '2024-08-22', 1, '2024-08-23 01:24:31'),
(691, 608, 14, 5, 'NINGUNA', '2024-08-16 18:16:49', '2024-08-16', 1, '2024-08-17 01:28:54'),
(692, 609, 14, 5, 'NINGUNA', '2024-08-17 01:06:37', '2024-08-17', 1, '2024-08-17 18:42:16'),
(693, 407, 14, 5, 'NINGUNA', '2024-08-17 19:02:18', '2024-08-22', 1, '2024-08-23 01:24:23'),
(694, 610, 14, 5, 'NINGUNA', '2024-08-17 19:34:22', '2024-08-17', 1, '2024-08-17 20:16:41'),
(695, 611, 14, 5, 'NINGUNA', '2024-08-17 21:22:57', '2024-08-17', 1, '2024-08-18 01:07:49'),
(696, 612, 14, 5, 'NINGUNA', '2024-08-18 01:01:03', '2024-08-20', 1, '2024-08-20 21:26:57'),
(697, 613, 14, 5, 'NINGUNA', '2024-08-19 17:35:49', '2024-08-22', 1, '2024-08-23 01:24:11'),
(698, 614, 14, 5, 'NINGUNA', '2024-08-19 19:12:43', '2024-08-21', 1, '2024-08-21 21:35:30'),
(699, 371, 14, 5, 'NINGUNA', '2024-08-19 19:13:19', '2024-08-21', 1, '2024-08-21 21:35:49'),
(700, 615, 14, 4, 'NINGUNA', '2024-08-19 20:36:14', NULL, 1, '2024-08-19 20:36:19'),
(701, 616, 14, 6, 'NINGUNA', '2024-08-20 00:21:29', '2024-08-22', 1, '2024-08-23 01:23:57'),
(702, 617, 14, 5, 'NINGUNA', '2024-08-20 02:48:24', '2024-08-20', 1, '2024-08-20 21:27:34'),
(703, 618, 14, 5, 'NINGUNA', '2024-08-20 20:25:42', '2024-08-28', 1, '2024-08-29 03:13:20'),
(704, 619, 14, 5, 'NINGUNA', '2024-08-21 00:03:24', '2024-08-31', 1, '2024-08-31 19:35:52'),
(705, 620, 14, 5, 'NINGUNA', '2024-08-21 19:29:17', '2024-08-21', 1, '2024-08-22 03:00:22'),
(706, 621, 14, 5, 'NINGUNA', '2024-08-22 00:42:25', '2024-08-22', 1, '2024-08-23 01:23:31'),
(707, 622, 14, 5, 'NINGUNA', '2024-08-23 00:31:41', '2024-08-22', 1, '2024-08-23 01:23:23'),
(708, 623, 14, 5, 'NINGUNA', '2024-08-23 00:44:23', '2024-09-13', 1, '2024-09-14 01:11:19'),
(709, 624, 14, 5, 'NINGUNA', '2024-08-23 01:22:24', '2024-08-29', 1, '2024-08-30 00:30:54'),
(710, 625, 14, 5, 'NINGUNA', '2024-08-23 17:01:44', '2024-08-28', 1, '2024-08-28 19:46:51'),
(711, 626, 14, 6, 'NINGUNA', '2024-08-23 20:01:34', '2024-08-24', 1, '2024-08-25 02:19:36'),
(712, 627, 14, 5, 'NINGUNA', '2024-08-23 20:22:33', '2024-08-29', 1, '2024-08-30 00:32:15'),
(713, 629, 14, 6, 'NINGUNA', '2024-08-24 00:35:51', '2024-09-21', 1, '2024-09-22 00:12:21'),
(714, 630, 14, 5, 'NINGUNA', '2024-08-24 18:04:07', '2024-09-05', 1, '2024-09-06 01:04:57'),
(715, 631, 14, 5, 'NINGUNA', '2024-08-25 02:11:30', '2024-09-04', 1, '2024-09-04 22:02:09'),
(716, 632, 14, 3, 'NINGUNA', '2024-08-25 02:18:25', NULL, 1, '2024-08-25 02:19:08'),
(717, 633, 14, 5, 'NINGUNA', '2024-08-26 17:08:41', '2024-08-28', 1, '2024-08-28 19:48:01'),
(718, 634, 14, 5, 'NINGUNA', '2024-08-26 17:10:58', '2024-09-09', 1, '2024-09-09 17:34:04'),
(719, 635, 14, 5, 'NINGUNA', '2024-08-26 18:29:20', '2024-08-28', 1, '2024-08-29 01:09:38'),
(720, 636, 14, 6, 'NINGUNA', '2024-08-27 21:14:50', '2024-08-31', 1, '2024-08-31 17:26:42'),
(721, 637, 14, 6, 'NINGUNA', '2024-08-28 00:15:47', '2024-09-04', 1, '2024-09-04 21:50:52'),
(722, 638, 14, 5, 'NINGUNA', '2024-08-28 00:17:22', '2024-08-31', 1, '2024-08-31 19:33:11'),
(723, 639, 14, 5, 'NINGUNA', '2024-08-28 16:44:10', '2024-09-04', 1, '2024-09-04 21:52:10'),
(724, 640, 14, 5, 'NINGUNA', '2024-08-28 16:45:03', '2024-08-28', 1, '2024-08-29 03:25:12'),
(725, 641, 14, 5, 'NINGUNA', '2024-08-28 17:28:14', '2024-09-04', 1, '2024-09-04 21:52:02'),
(726, 642, 14, 5, 'NINGUNA', '2024-08-28 17:29:41', '2024-08-29', 1, '2024-08-30 00:30:10'),
(727, 643, 14, 6, 'NINGUNA', '2024-08-28 17:59:07', '2024-08-29', 1, '2024-08-30 00:29:59'),
(728, 644, 14, 5, 'NINGUNA', '2024-08-28 19:24:47', '2024-08-28', 1, '2024-08-29 03:25:02'),
(729, 645, 14, 6, 'NINGUNA', '2024-08-29 00:57:47', '2024-09-10', 1, '2024-09-11 01:53:29'),
(730, 120, 14, 5, 'NINGUNA', '2024-08-30 00:28:40', '2024-09-06', 1, '2024-09-07 00:18:51'),
(731, 646, 14, 5, 'NINGUNA', '2024-08-30 00:29:32', '2024-09-20', 1, '2024-09-20 18:10:17'),
(732, 647, 14, 5, 'NINGUNA', '2024-08-30 17:33:19', '2024-08-31', 1, '2024-08-31 19:34:03'),
(733, 648, 14, 6, 'NINGUNA', '2024-08-30 18:00:34', '2024-09-10', 1, '2024-09-11 02:28:19'),
(734, 649, 14, 5, 'NINGUNA', '2024-08-31 20:03:42', '2024-09-02', 1, '2024-09-02 20:47:22'),
(735, 650, 14, 6, 'NINGUNA', '2024-09-01 00:53:20', '2024-09-04', 1, '2024-09-04 21:52:27'),
(736, 651, 14, 5, 'NINGUNA', '2024-09-03 02:05:06', '2024-09-06', 1, '2024-09-07 02:11:04'),
(737, 652, 14, 5, 'NINGUNA', '2024-09-05 00:19:23', '2024-09-25', 1, '2024-09-25 21:25:42'),
(738, 653, 14, 5, 'NINGUNA', '2024-09-05 16:36:08', '2024-09-05', 1, '2024-09-06 01:04:39'),
(739, 654, 14, 5, 'NINGUNA', '2024-09-09 17:23:41', '2024-09-21', 1, '2024-09-21 17:31:18'),
(740, 655, 14, 6, 'NINGUNA', '2024-09-09 17:25:11', '2024-09-11', 1, '2024-09-12 03:07:50'),
(741, 656, 14, 6, 'NINGUNA', '2024-09-09 17:26:03', '2024-09-11', 1, '2024-09-12 03:08:08'),
(742, 657, 14, 5, 'NINGUNA', '2024-09-09 20:24:00', '2024-09-11', 1, '2024-09-11 17:37:42'),
(743, 658, 14, 5, 'NINGUNA', '2024-09-11 00:14:27', '2024-09-10', 1, '2024-09-11 01:54:13'),
(744, 659, 14, 5, 'NINGUNA', '2024-09-11 00:16:02', '2024-09-11', 1, '2024-09-11 17:38:29'),
(745, 660, 14, 5, 'NINGUNA', '2024-09-11 01:07:56', '2024-10-01', 1, '2024-10-01 18:24:43'),
(746, 661, 14, 5, 'NINGUNA', '2024-09-12 03:07:21', '2024-09-12', 1, '2024-09-12 16:38:47'),
(747, 662, 14, 5, 'NINGUNA', '2024-09-14 17:20:10', '2024-09-14', 1, '2024-09-14 20:41:43'),
(748, 663, 14, 5, 'NINGUNA', '2024-09-14 20:57:55', '2024-09-30', 1, '2024-10-01 00:13:36'),
(749, 664, 14, 5, 'NINGUNA', '2024-09-17 17:52:49', '2024-09-18', 1, '2024-09-19 00:49:20');
INSERT INTO `equipos_taller` (`num_orden`, `id_equipo`, `id_usuario_recibio`, `id_estatus`, `observaciones`, `fecha_entrada`, `fecha_salida`, `id_cobro_estimado`, `fecha_actualizacion`) VALUES
(750, 665, 14, 5, 'NINGUNA', '2024-09-18 18:19:18', '2024-09-21', 1, '2024-09-21 17:31:51'),
(751, 666, 14, 5, 'NINGUNA', '2024-09-18 19:42:23', '2024-10-08', 1, '2024-10-09 03:04:08'),
(752, 667, 14, 5, 'NINGUNA', '2024-09-18 21:02:54', '2024-09-19', 1, '2024-09-20 01:25:44'),
(753, 668, 14, 5, 'NINGUNA', '2024-09-20 01:41:53', '2024-09-19', 1, '2024-09-20 02:26:26'),
(754, 669, 14, 5, 'NINGUNA', '2024-09-20 01:43:58', '2024-09-22', 1, '2024-09-22 21:44:24'),
(755, 670, 14, 5, 'NINGUNA', '2024-09-20 16:27:13', '2024-09-27', 1, '2024-09-28 00:38:31'),
(756, 671, 14, 5, 'NINGUNA', '2024-09-21 00:19:44', '2024-09-22', 1, '2024-09-22 21:43:51'),
(757, 672, 14, 5, 'NINGUNA', '2024-09-21 19:20:42', '2024-09-22', 1, '2024-09-22 21:44:12'),
(758, 673, 14, 5, 'NINGUNA', '2024-09-22 01:39:03', '2024-09-22', 1, '2024-09-22 21:43:59'),
(759, 674, 14, 3, 'NINGUNA', '2024-09-23 18:03:25', NULL, 1, '2024-09-24 01:54:07'),
(760, 675, 14, 5, 'NINGUNA', '2024-09-23 19:38:00', '2024-09-30', 1, '2024-10-01 00:13:14'),
(761, 676, 14, 5, 'NINGUNA', '2024-09-24 02:44:27', '2024-09-24', 1, '2024-09-25 03:00:00'),
(762, 677, 14, 5, 'NINGUNA', '2024-09-24 18:18:25', '2024-09-24', 1, '2024-09-24 18:27:51'),
(763, 678, 14, 5, 'NINGUNA', '2024-09-25 17:24:52', '2024-09-27', 1, '2024-09-27 17:48:18'),
(764, 679, 14, 5, 'NINGUNA', '2024-09-25 17:31:43', '2024-09-27', 1, '2024-09-28 00:39:04'),
(765, 680, 14, 5, 'NINGUNA', '2024-09-25 17:32:27', '2024-09-25', 1, '2024-09-25 20:09:44'),
(766, 681, 14, 5, 'NINGUNA', '2024-09-27 17:59:57', '2024-09-27', 1, '2024-09-27 19:50:19'),
(767, 682, 14, 5, 'NINGUNA', '2024-09-28 00:40:03', '2024-09-29', 1, '2024-09-29 19:02:29'),
(768, 683, 14, 6, 'NINGUNA', '2024-09-30 16:32:14', '2024-10-05', 1, '2024-10-06 01:45:30'),
(769, 684, 14, 5, 'NINGUNA', '2024-09-30 18:33:07', '2024-10-02', 1, '2024-10-02 16:35:38'),
(770, 685, 14, 5, 'NINGUNA', '2024-09-30 18:42:52', '2024-10-01', 1, '2024-10-01 18:12:28'),
(771, 686, 14, 5, 'NINGUNA', '2024-09-30 19:16:16', '2024-10-01', 1, '2024-10-01 19:41:13'),
(772, 687, 14, 5, 'NINGUNA', '2024-10-01 18:21:51', '2024-10-03', 1, '2024-10-03 16:37:44'),
(773, 689, 14, 5, 'NINGUNA', '2024-10-01 18:22:36', '2024-10-02', 1, '2024-10-03 02:53:46'),
(774, 418, 14, 5, 'NINGUNA', '2024-10-02 02:37:04', '2024-10-26', 1, '2024-10-26 19:59:03'),
(775, 690, 14, 5, 'NINGUNA', '2024-10-02 17:37:34', '2024-10-05', 1, '2024-10-06 01:45:14'),
(776, 691, 14, 5, 'NINGUNA', '2024-10-02 17:40:56', '2024-10-05', 1, '2024-10-06 01:44:49'),
(777, 692, 14, 5, 'NINGUNA', '2024-10-03 00:55:18', '2024-10-05', 1, '2024-10-06 01:54:49'),
(778, 693, 14, 5, 'NINGUNA', '2024-10-03 18:54:11', '2024-10-03', 1, '2024-10-03 20:40:29'),
(779, 694, 14, 5, 'NINGUNA', '2024-10-04 20:21:00', '2024-10-05', 1, '2024-10-05 21:49:52'),
(780, 695, 14, 5, 'NINGUNA', '2024-10-05 21:59:08', '2024-10-05', 1, '2024-10-06 01:45:04'),
(781, 696, 14, 5, 'NINGUNA', '2024-10-07 18:48:54', '2024-10-09', 1, '2024-10-09 19:53:38'),
(782, 697, 14, 5, 'NINGUNA', '2024-10-07 21:27:36', '2024-10-08', 1, '2024-10-09 01:09:53'),
(783, 698, 14, 5, 'NINGUNA', '2024-10-09 01:09:31', '2024-10-08', 1, '2024-10-09 01:09:41'),
(784, 699, 14, 5, 'NINGUNA', '2024-10-09 18:05:25', '2024-10-09', 1, '2024-10-09 19:53:26'),
(785, 700, 14, 6, 'NINGUNA', '2024-10-11 01:04:36', '2024-11-02', 1, '2024-11-02 17:15:11'),
(786, 701, 14, 5, 'NINGUNA', '2024-10-11 01:07:51', '2024-10-16', 1, '2024-10-17 02:39:48'),
(787, 702, 14, 5, 'NINGUNA', '2024-10-11 19:04:48', '2024-10-11', 1, '2024-10-12 01:16:06'),
(788, 703, 14, 5, 'NINGUNA', '2024-10-12 20:43:52', '2024-10-12', 1, '2024-10-13 01:41:37'),
(789, 704, 14, 5, 'NINGUNA', '2024-10-14 16:26:24', '2024-10-14', 1, '2024-10-15 01:07:01'),
(790, 197, 14, 5, 'NINGUNA', '2024-10-14 16:59:31', '2024-10-14', 1, '2024-10-14 20:03:14'),
(791, 705, 14, 5, 'NINGUNA', '2024-10-15 17:01:34', '2024-10-16', 1, '2024-10-16 18:32:08'),
(792, 706, 14, 5, 'NINGUNA', '2024-10-16 02:31:29', '2024-10-16', 1, '2024-10-17 02:39:53'),
(793, 707, 14, 5, 'NINGUNA', '2024-10-16 18:06:45', '2024-10-16', 1, '2024-10-17 02:40:07'),
(794, 708, 14, 5, 'NINGUNA', '2024-10-17 02:39:22', '2024-10-21', 1, '2024-10-21 17:44:51'),
(795, 709, 14, 5, 'NINGUNA', '2024-10-18 18:08:43', '2024-10-18', 1, '2024-10-18 20:13:52'),
(796, 710, 14, 5, 'NINGUNA', '2024-10-18 18:09:51', '2024-10-21', 1, '2024-10-21 17:44:44'),
(797, 711, 14, 5, 'NINGUNA', '2024-10-18 18:51:02', '2024-10-18', 1, '2024-10-19 02:05:31'),
(798, 712, 14, 5, 'NINGUNA', '2024-10-19 17:43:30', '2024-10-21', 1, '2024-10-21 17:45:07'),
(799, 713, 14, 5, 'NINGUNA', '2024-10-21 17:55:42', '2024-10-26', 1, '2024-10-27 01:29:50'),
(800, 714, 14, 6, 'NINGUNA', '2024-10-21 17:56:20', '2024-10-24', 1, '2024-10-25 00:51:13'),
(801, 715, 14, 5, 'NINGUNA', '2024-10-22 00:10:02', '2024-10-26', 1, '2024-10-27 01:29:41'),
(802, 716, 14, 6, 'NINGUNA', '2024-10-24 00:46:23', '2024-11-02', 1, '2024-11-02 17:14:48'),
(803, 125, 14, 5, 'NINGUNA', '2024-10-24 20:13:04', '2024-10-26', 1, '2024-10-27 01:35:02'),
(804, 399, 14, 5, 'NINGUNA', '2024-10-25 17:21:16', '2024-10-26', 1, '2024-10-27 01:35:50'),
(805, 717, 14, 3, 'NINGUNA', '2024-10-25 21:01:19', NULL, 1, '2024-10-26 20:00:20'),
(806, 718, 14, 5, 'NINGUNA', '2024-10-26 19:09:14', '2024-11-01', 1, '2024-11-01 21:38:22'),
(807, 719, 14, 5, 'NINGUNA', '2024-10-26 19:10:07', '2024-10-28', 1, '2024-10-28 18:22:31'),
(808, 720, 14, 5, 'NINGUNA', '2024-10-29 00:20:31', '2024-10-31', 1, '2024-10-31 16:24:13'),
(809, 721, 14, 5, 'NINGUNA', '2024-10-29 02:42:39', '2024-10-31', 1, '2024-10-31 18:26:52'),
(810, 722, 14, 5, 'NINGUNA', '2024-10-30 00:56:51', '2024-11-01', 1, '2024-11-01 21:38:11'),
(811, 723, 14, 5, 'NINGUNA', '2024-10-31 00:34:22', '2024-11-09', 1, '2024-11-09 17:06:29'),
(812, 651, 14, 5, 'NINGUNA', '2024-10-31 18:18:47', '2024-11-01', 1, '2024-11-01 21:35:50'),
(813, 724, 14, 2, 'NINGUNA', '2024-10-31 18:20:18', NULL, 1, '2024-11-01 21:35:35'),
(814, 725, 14, 5, 'NINGUNA', '2024-10-31 18:21:31', '2024-10-31', 1, '2024-11-01 00:18:17'),
(815, 726, 14, 5, 'NINGUNA', '2024-10-31 18:24:23', '2024-10-31', 1, '2024-11-01 00:33:28'),
(816, 727, 14, 5, 'NINGUNA', '2024-10-31 18:25:14', '2024-11-05', 1, '2024-11-06 00:07:56'),
(817, 728, 14, 2, 'NINGUNA', '2024-10-31 21:00:16', NULL, 1, '2024-11-05 00:21:20'),
(818, 729, 14, 5, 'NINGUNA', '2024-11-02 17:16:32', '2024-11-05', 1, '2024-11-06 00:08:13'),
(819, 730, 14, 5, 'NINGUNA', '2024-11-05 19:57:25', '2024-11-05', 1, '2024-11-06 02:32:12'),
(820, 731, 14, 5, 'NINGUNA', '2024-11-07 17:09:55', '2024-11-12', 1, '2024-11-12 16:45:46'),
(821, 661, 14, 5, 'NINGUNA', '2024-11-08 01:00:41', '2024-11-12', 1, '2024-11-12 16:46:09'),
(822, 732, 14, 5, 'NINGUNA', '2024-11-08 19:43:15', '2024-11-12', 1, '2024-11-12 16:46:30'),
(823, 733, 14, 5, 'NINGUNA', '2024-11-09 18:20:58', '2024-11-12', 1, '2024-11-12 16:45:36'),
(824, 734, 14, 4, 'NINGUNA', '2024-11-09 19:22:37', NULL, 1, '2024-11-09 19:22:51'),
(825, 735, 14, 5, 'NINGUNA', '2024-11-09 19:25:24', '2024-11-09', 1, '2024-11-09 19:25:30'),
(826, 736, 14, 5, 'NINGUNA', '2024-11-11 16:36:37', '2024-11-12', 1, '2024-11-12 16:46:19');

-- --------------------------------------------------------

--
-- Estructura de tabla para la tabla `estatus_cobros_taller_credito`
--

CREATE TABLE `estatus_cobros_taller_credito` (
  `id` bigint(20) UNSIGNED NOT NULL,
  `descripcion` varchar(15) NOT NULL,
  `created_at` timestamp NULL DEFAULT NULL,
  `updated_at` timestamp NULL DEFAULT NULL
) ENGINE=InnoDB DEFAULT CHARSET=utf8mb4 COLLATE=utf8mb4_unicode_ci;

--
-- Volcado de datos para la tabla `estatus_cobros_taller_credito`
--

INSERT INTO `estatus_cobros_taller_credito` (`id`, `descripcion`, `created_at`, `updated_at`) VALUES
(1, 'SIN LIQUIDAR', NULL, NULL),
(2, 'LIQUIDADO', NULL, NULL);

-- --------------------------------------------------------

--
-- Estructura de tabla para la tabla `estatus_equipos_taller`
--

CREATE TABLE `estatus_equipos_taller` (
  `id` bigint(20) UNSIGNED NOT NULL,
  `descripcion` varchar(25) NOT NULL,
  `cve_descripcion` varchar(2) NOT NULL,
  `disponible` tinyint(1) NOT NULL,
  `created_at` timestamp NULL DEFAULT NULL,
  `updated_at` timestamp NULL DEFAULT NULL
) ENGINE=InnoDB DEFAULT CHARSET=utf8mb4 COLLATE=utf8mb4_unicode_ci;

--
-- Volcado de datos para la tabla `estatus_equipos_taller`
--

INSERT INTO `estatus_equipos_taller` (`id`, `descripcion`, `cve_descripcion`, `disponible`, `created_at`, `updated_at`) VALUES
(1, 'RECIBIDO', 'RC', 1, '2023-09-28 18:37:14', '2023-09-28 18:37:14'),
(2, 'EN REPARACIÓN', 'EN', 1, '2023-09-28 18:38:04', '2023-09-28 18:38:04'),
(3, 'REPARADO', 'RP', 1, '2023-09-28 18:38:56', '2023-09-28 18:38:56'),
(4, 'NO SE PUDO REPARAR', 'NR', 1, '2023-10-17 19:11:17', '2023-10-17 19:11:17'),
(5, 'ENTREGADO / REPARADO', 'ET', 1, '2023-09-28 18:39:43', '2023-09-28 18:39:43'),
(6, 'ENTREGADO / NO REPARADO', 'EN', 1, '2023-10-17 19:13:59', '2023-10-17 19:13:59');

-- --------------------------------------------------------

--
-- Estructura de tabla para la tabla `estatus_ventas_credito`
--

CREATE TABLE `estatus_ventas_credito` (
  `id` bigint(20) UNSIGNED NOT NULL,
  `descripcion` varchar(15) NOT NULL,
  `created_at` timestamp NULL DEFAULT NULL,
  `updated_at` timestamp NULL DEFAULT NULL
) ENGINE=InnoDB DEFAULT CHARSET=utf8mb4 COLLATE=utf8mb4_unicode_ci;

--
-- Volcado de datos para la tabla `estatus_ventas_credito`
--

INSERT INTO `estatus_ventas_credito` (`id`, `descripcion`, `created_at`, `updated_at`) VALUES
(1, 'SIN LIQUIDAR', NULL, NULL),
(2, 'LIQUIDADA', NULL, NULL);

-- --------------------------------------------------------

--
-- Estructura de tabla para la tabla `failed_jobs`
--

CREATE TABLE `failed_jobs` (
  `id` bigint(20) UNSIGNED NOT NULL,
  `uuid` varchar(255) NOT NULL,
  `connection` text NOT NULL,
  `queue` text NOT NULL,
  `payload` longtext NOT NULL,
  `exception` longtext NOT NULL,
  `failed_at` timestamp NOT NULL DEFAULT current_timestamp()
) ENGINE=InnoDB DEFAULT CHARSET=utf8mb4 COLLATE=utf8mb4_unicode_ci;

-- --------------------------------------------------------

--
-- Estructura de tabla para la tabla `fallas_equipos`
--

CREATE TABLE `fallas_equipos` (
  `id` bigint(20) UNSIGNED NOT NULL,
  `id_tipo_equipo` bigint(20) UNSIGNED DEFAULT NULL,
  `descripcion` varchar(30) NOT NULL,
  `cve_descripcion` varchar(6) NOT NULL,
  `costo` int(11) NOT NULL,
  `disponible` tinyint(1) NOT NULL,
  `created_at` timestamp NULL DEFAULT NULL,
  `updated_at` timestamp NULL DEFAULT NULL
) ENGINE=InnoDB DEFAULT CHARSET=utf8mb4 COLLATE=utf8mb4_unicode_ci;

--
-- Volcado de datos para la tabla `fallas_equipos`
--

INSERT INTO `fallas_equipos` (`id`, `id_tipo_equipo`, `descripcion`, `cve_descripcion`, `costo`, `disponible`, `created_at`, `updated_at`) VALUES
(1, 1, 'FALLA DE ENCENDIDO', 'FENC', 250, 1, '2023-09-28 18:45:20', '2023-09-28 18:45:20'),
(2, 1, 'REFACCION PORTA-SIM, LENTE', 'REFA', 350, 1, '2023-10-07 18:54:41', '2024-02-18 20:12:20'),
(3, 1, 'CAMBIO DE BATERIA', 'BAT', 500, 0, '2023-10-07 18:55:11', '2024-02-21 19:13:18'),
(4, 1, 'FORMATEO', 'FORMAT', 200, 0, '2023-10-07 19:22:06', '2024-02-27 01:39:22'),
(5, 1, 'MICROFONO', 'MIC', 500, 0, '2023-10-07 19:22:57', '2024-03-17 01:43:50'),
(6, 1, 'FLEXOR IPHONE', 'FLEX', 450, 0, '2023-10-07 19:23:23', '2024-03-28 21:08:33'),
(7, 2, 'FALLA PANTALLA', 'FPAN', 500, 1, '2023-10-08 07:05:06', '2023-10-08 07:05:06'),
(8, 2, 'FALLA DE CARGA', 'FCA', 150, 1, '2023-10-10 00:34:58', '2023-10-10 00:34:58'),
(9, 1, 'FALLA CAMARA', 'FCAM', 650, 0, '2023-10-10 00:45:13', '2024-02-18 19:16:53'),
(10, 1, 'RED, WIFI, BLUETOOTH', 'RED', 350, 1, '2023-10-10 02:51:25', '2024-05-07 02:57:07'),
(11, 1, 'FALLA MENOR', 'FMEN', 50, 0, '2023-10-11 07:36:01', '2024-02-18 19:16:54'),
(12, 1, 'FALLA DE SONIDO', 'FSON', 200, 0, '2023-10-14 07:57:02', '2024-02-18 19:16:56'),
(13, 1, 'FALLA ENC.', 'FENC.', 111, 0, '2023-10-18 02:10:01', '2024-02-18 19:27:57'),
(14, 7, 'FALSO CONTACTO', 'FCON', 125, 1, '2023-10-19 04:08:08', '2023-10-19 04:08:08'),
(15, 1, 'PANTALLA', '9A', 900, 1, '2024-01-29 18:03:59', '2024-01-29 18:03:59'),
(16, 1, 'FALLA DE CARGA', 'CARGA', 250, 1, '2024-01-31 19:28:52', '2024-01-31 19:28:52'),
(17, 1, 'BOTON (ENCENDIDO, VOLUMEN)', 'BOTON', 350, 1, '2024-01-31 19:43:46', '2024-03-28 21:02:56'),
(18, 1, 'LIBERACION', 'LIBERA', 300, 1, '2024-02-02 01:02:41', '2024-02-02 01:02:41'),
(19, 1, 'DESBLOQUEO DE CUENTA', 'CUENTA', 200, 1, '2024-02-06 00:48:12', '2024-02-06 00:48:12'),
(20, 3, 'INSTALACION DE OFFICE', 'OFFICE', 200, 1, '2024-02-06 16:29:32', '2024-05-04 18:20:11'),
(21, 3, 'INSTALACION DE SOFTWARE', 'PQT', 150, 1, '2024-02-18 18:30:49', '2024-05-04 18:20:22'),
(22, 3, 'FORMATEAR', 'FORMAT', 300, 1, '2024-02-18 20:06:41', '2024-02-18 20:06:41'),
(23, 3, 'FALLA DE ENCENDIDO', 'ENCEN', 500, 1, '2024-02-22 18:38:23', '2024-02-22 18:38:23'),
(24, 1, 'PEGADO EN LOGO', 'LOGO', 50, 1, '2024-02-23 20:38:44', '2024-02-23 20:38:44'),
(25, 4, 'LUCES LED ENCENDIDAS', 'LED', 400, 1, '2024-02-26 16:30:12', '2024-03-23 01:54:51'),
(26, 3, 'CAMBIO DE DISCO DURO', 'DD', 1200, 1, '2024-02-26 19:43:40', '2024-02-26 21:37:55'),
(27, 3, 'HUELLA', 'HUELLA', 250, 1, '2024-03-04 18:58:21', '2024-03-04 18:58:21'),
(28, 2, 'DESBLOQUEO DE CUENTA', 'CUENTA', 250, 1, '2024-03-05 19:23:20', '2024-03-05 19:23:20'),
(29, 1, 'CUENTA GOOGLE', 'GOOGLE', 250, 1, '2024-03-11 23:54:30', '2024-03-11 23:54:30'),
(30, 1, 'ICLOUD', 'ICLOUD', 250, 1, '2024-04-02 18:14:03', '2024-04-02 18:14:03'),
(31, 3, 'PANTALLA', 'PANT', 400, 1, '2024-04-16 00:12:39', '2024-04-16 00:12:39'),
(32, 3, 'FALLA DE CARGA', 'CARGA', 300, 1, '2024-04-17 00:12:05', '2024-04-17 00:12:05'),
(33, 9, 'FALLA DE ENCENDIDO', 'ENCEN', 400, 1, '2024-04-24 20:57:29', '2024-04-24 20:57:29'),
(34, 9, 'FALLA AL TOCAR', 'TOCAR', 350, 1, '2024-05-15 19:20:25', '2024-05-15 19:20:25'),
(35, 6, 'FALLA DE INTERNET', 'WIFI', 300, 1, '2024-05-16 18:58:40', '2024-05-16 18:58:40'),
(36, 6, 'INSTALACION DE OFFICE', 'OFFICE', 250, 1, '2024-05-29 01:20:15', '2024-05-29 01:20:15'),
(37, 4, 'AGARRE DE HOJAS', 'HOJAS', 250, 1, '2024-06-11 16:48:34', '2024-06-11 16:48:34'),
(38, 9, 'FALLA DE CARGA', 'CARGA', 300, 1, '2024-06-18 17:52:53', '2024-06-18 17:52:53'),
(39, 1, 'PAYJOY', 'PAYJOY', 800, 1, '2024-06-20 23:56:23', '2024-06-20 23:56:23'),
(40, 1, 'FALLA DE BATERIA IPHONE', 'BATIPH', 600, 1, '2024-07-07 03:01:33', '2024-07-07 03:01:33'),
(41, 2, 'FALLA DE ENCENDIDO', 'ENCEND', 250, 1, '2024-07-09 16:31:01', '2024-07-09 16:31:01'),
(42, 2, 'CUENTA GOOGLE', 'CTA', 250, 1, '2024-07-11 02:45:36', '2024-07-11 02:45:36'),
(43, 1, 'MICROFONO', 'MICRO', 250, 1, '2024-07-13 00:32:55', '2024-07-13 00:32:55'),
(44, 1, 'DESBLOQUEO DE CONTRASEÑA', 'CONTRA', 300, 1, '2024-07-17 00:56:07', '2024-07-17 00:56:07'),
(45, 2, 'DESBLOQUEO DE CONTRASEÑA', 'CONTRA', 300, 1, '2024-07-23 18:16:58', '2024-07-23 18:16:58'),
(46, 1, 'FORMATEAR', 'FORM', 250, 1, '2024-07-31 01:26:51', '2024-07-31 01:26:51'),
(47, 1, 'FALLA DE CAMARA', 'CAMARA', 300, 1, '2024-07-31 18:30:12', '2024-07-31 18:30:12'),
(48, 1, 'HUMEDAD', 'MOJADO', 300, 1, '2024-08-09 01:06:39', '2024-08-09 01:06:39'),
(49, 10, 'FALLA DE ENCENDIDO', 'PRENDE', 300, 1, '2024-08-12 17:45:02', '2024-08-12 17:45:02'),
(50, 3, 'PROBLEMA DE IMPRESORA', 'IMPRIM', 300, 1, '2024-08-16 01:11:02', '2024-08-16 01:11:02'),
(51, 1, 'TARJETA LOGICA', 'LOGICA', 150, 1, '2024-08-16 18:16:39', '2024-08-16 18:16:39'),
(52, 1, 'APP STORE', 'STORE', 300, 1, '2024-08-23 20:01:05', '2024-08-23 20:01:05'),
(53, 4, '\'\'ERROR\'\' AL IMPRIMIR', 'ERROR', 300, 1, '2024-08-24 00:35:46', '2024-08-24 00:35:46'),
(54, 6, 'FORMATEO', 'BORRAR', 300, 1, '2024-08-28 16:43:59', '2024-08-28 16:43:59'),
(55, 3, 'BATERIA', 'BAT', 1000, 1, '2024-08-28 19:24:38', '2024-08-28 19:24:38'),
(56, 3, 'FALLA DE TECLADO', 'TECLAS', 700, 1, '2024-08-30 00:28:36', '2024-08-30 00:28:36'),
(57, 4, 'FALLA DE COLORES', 'COLOR', 350, 1, '2024-09-14 20:57:48', '2024-09-14 20:57:48'),
(58, 3, 'SOBRECALENTAMIENTO', 'CALENT', 300, 1, '2024-09-21 00:19:40', '2024-09-21 00:19:40'),
(59, 6, 'ERROR', 'ERROR', 300, 1, '2024-10-01 18:21:47', '2024-10-01 18:21:47');

-- --------------------------------------------------------

--
-- Estructura de tabla para la tabla `fallas_equipos_taller`
--

CREATE TABLE `fallas_equipos_taller` (
  `num_orden` bigint(20) UNSIGNED NOT NULL,
  `id_falla` bigint(20) UNSIGNED NOT NULL,
  `created_at` timestamp NULL DEFAULT NULL,
  `updated_at` timestamp NULL DEFAULT NULL
) ENGINE=InnoDB DEFAULT CHARSET=utf8mb4 COLLATE=utf8mb4_unicode_ci;

--
-- Volcado de datos para la tabla `fallas_equipos_taller`
--

INSERT INTO `fallas_equipos_taller` (`num_orden`, `id_falla`, `created_at`, `updated_at`) VALUES
(122, 1, '2024-01-25 02:25:58', '2024-01-25 02:25:58'),
(122, 5, '2024-01-25 02:25:58', '2024-01-25 02:25:58'),
(122, 12, '2024-01-25 02:25:58', '2024-01-25 02:25:58'),
(123, 9, '2024-01-25 02:27:31', '2024-01-25 02:27:31'),
(123, 13, '2024-01-25 02:27:31', '2024-01-25 02:27:31'),
(124, 2, '2024-01-25 10:42:17', '2024-01-25 10:42:17'),
(124, 3, '2024-01-25 10:42:17', '2024-01-25 10:42:17'),
(124, 4, '2024-01-25 10:42:17', '2024-01-25 10:42:17'),
(124, 6, '2024-01-25 10:42:17', '2024-01-25 10:42:17'),
(124, 11, '2024-01-25 10:42:17', '2024-01-25 10:42:17'),
(125, 2, '2024-01-25 10:44:17', '2024-01-25 10:44:17'),
(125, 9, '2024-01-25 10:44:17', '2024-01-25 10:44:17'),
(125, 11, '2024-01-25 10:44:17', '2024-01-25 10:44:17'),
(127, 2, '2024-01-25 10:48:04', '2024-01-25 10:48:04'),
(127, 12, '2024-01-25 10:48:04', '2024-01-25 10:48:04'),
(129, 1, '2024-01-25 22:31:06', '2024-01-25 22:31:06'),
(129, 2, '2024-01-25 22:31:07', '2024-01-25 22:31:07'),
(129, 5, '2024-01-25 22:31:07', '2024-01-25 22:31:07'),
(129, 6, '2024-01-25 22:31:07', '2024-01-25 22:31:07'),
(129, 12, '2024-01-25 22:31:07', '2024-01-25 22:31:07'),
(130, 2, '2024-01-25 22:32:53', '2024-01-25 22:32:53'),
(131, 1, '2024-01-25 22:42:19', '2024-01-25 22:42:19'),
(132, 1, '2024-01-25 22:42:31', '2024-01-25 22:42:31'),
(133, 7, '2024-01-25 23:50:18', '2024-01-25 23:50:18'),
(134, 2, '2024-01-26 00:04:16', '2024-01-26 00:04:16'),
(134, 6, '2024-01-26 00:04:16', '2024-01-26 00:04:16'),
(134, 11, '2024-01-26 00:04:16', '2024-01-26 00:04:16'),
(135, 1, '2024-01-26 01:28:20', '2024-01-26 01:28:20'),
(135, 6, '2024-01-26 01:28:20', '2024-01-26 01:28:20'),
(136, 1, '2024-01-26 01:38:51', '2024-01-26 01:38:51'),
(136, 12, '2024-01-26 01:38:51', '2024-01-26 01:38:51'),
(137, 2, '2024-01-26 02:09:14', '2024-01-26 02:09:14'),
(145, 1, '2024-01-30 03:03:29', '2024-01-30 03:03:29'),
(145, 3, '2024-01-30 03:03:29', '2024-01-30 03:03:29'),
(145, 9, '2024-01-30 03:03:29', '2024-01-30 03:03:29'),
(146, 5, '2024-01-26 07:40:26', '2024-01-26 07:40:26'),
(146, 11, '2024-01-26 07:40:26', '2024-01-26 07:40:26'),
(146, 13, '2024-01-26 07:40:26', '2024-01-26 07:40:26'),
(147, 6, '2024-01-26 07:40:46', '2024-01-26 07:40:46'),
(147, 9, '2024-01-26 07:40:46', '2024-01-26 07:40:46'),
(148, 3, '2024-01-26 07:47:17', '2024-01-26 07:47:17'),
(148, 9, '2024-01-26 07:47:17', '2024-01-26 07:47:17'),
(149, 1, '2024-01-26 21:12:01', '2024-01-26 21:12:01'),
(149, 5, '2024-01-26 21:12:01', '2024-01-26 21:12:01'),
(150, 1, '2024-01-26 21:15:54', '2024-01-26 21:15:54'),
(150, 6, '2024-01-26 21:15:54', '2024-01-26 21:15:54'),
(150, 9, '2024-01-26 21:15:54', '2024-01-26 21:15:54'),
(151, 1, '2024-01-26 21:24:15', '2024-01-26 21:24:15'),
(151, 5, '2024-01-26 21:24:15', '2024-01-26 21:24:15'),
(151, 12, '2024-01-26 21:24:15', '2024-01-26 21:24:15'),
(152, 5, '2024-01-27 21:09:23', '2024-01-27 21:09:23'),
(152, 11, '2024-01-27 21:09:23', '2024-01-27 21:09:23'),
(152, 13, '2024-01-27 21:09:23', '2024-01-27 21:09:23'),
(154, 5, '2024-01-27 21:11:16', '2024-01-27 21:11:16'),
(154, 6, '2024-01-27 21:11:16', '2024-01-27 21:11:16'),
(154, 9, '2024-01-27 21:11:16', '2024-01-27 21:11:16'),
(154, 12, '2024-01-27 21:11:16', '2024-01-27 21:11:16'),
(154, 13, '2024-01-27 21:11:16', '2024-01-27 21:11:16'),
(155, 12, '2024-01-28 01:08:46', '2024-01-28 01:08:46'),
(161, 2, '2024-01-28 01:37:31', '2024-01-28 01:37:31'),
(162, 1, '2024-01-28 01:52:46', '2024-01-28 01:52:46'),
(163, 15, '2024-01-29 18:04:59', '2024-01-29 18:04:59'),
(164, 15, '2024-01-30 02:37:09', '2024-01-30 02:37:09'),
(166, 15, '2024-01-30 19:31:13', '2024-01-30 19:31:13'),
(167, 15, '2024-01-30 19:32:37', '2024-01-30 19:32:37'),
(170, 16, '2024-01-31 19:31:34', '2024-01-31 19:31:34'),
(172, 11, '2024-01-31 19:37:32', '2024-01-31 19:37:32'),
(173, 15, '2024-01-31 19:44:50', '2024-01-31 19:44:50'),
(173, 17, '2024-01-31 19:44:50', '2024-01-31 19:44:50'),
(174, 15, '2024-02-01 01:27:22', '2024-02-01 01:27:22'),
(175, 15, '2024-02-01 01:29:35', '2024-02-01 01:29:35'),
(183, 1, '2024-02-04 00:37:27', '2024-02-04 00:37:27'),
(183, 15, '2024-02-04 00:37:27', '2024-02-04 00:37:27'),
(185, 18, '2024-02-02 01:03:17', '2024-02-02 01:03:17'),
(186, 18, '2024-02-02 18:31:48', '2024-02-02 18:31:48'),
(187, 15, '2024-02-03 19:28:53', '2024-02-03 19:28:53'),
(188, 15, '2024-02-03 21:04:51', '2024-02-03 21:04:51'),
(189, 16, '2024-02-03 21:06:04', '2024-02-03 21:06:04'),
(190, 11, '2024-02-05 18:37:59', '2024-02-05 18:37:59'),
(191, 1, '2024-02-06 00:14:49', '2024-02-06 00:14:49'),
(192, 1, '2024-02-06 00:16:31', '2024-02-06 00:16:31'),
(192, 16, '2024-02-06 00:16:31', '2024-02-06 00:16:31'),
(193, 16, '2024-02-06 00:48:46', '2024-02-06 00:48:46'),
(193, 19, '2024-02-06 00:48:46', '2024-02-06 00:48:46'),
(194, 15, '2024-02-06 00:55:48', '2024-02-06 00:55:48'),
(195, 20, '2024-02-06 16:29:37', '2024-02-06 16:29:37'),
(196, 8, '2024-02-10 20:13:57', '2024-02-10 20:13:57'),
(198, 21, '2024-02-18 18:31:58', '2024-02-18 18:31:58'),
(199, 15, '2024-02-18 18:35:43', '2024-02-18 18:35:43'),
(200, 22, '2024-02-18 20:07:02', '2024-02-18 20:07:02'),
(201, 2, '2024-02-18 20:13:54', '2024-02-18 20:13:54'),
(201, 19, '2024-02-18 20:13:54', '2024-02-18 20:13:54'),
(202, 15, '2024-02-21 02:43:16', '2024-02-21 02:43:16'),
(203, 15, '2024-02-18 21:03:47', '2024-02-18 21:03:47'),
(204, 22, '2024-02-18 21:05:38', '2024-02-18 21:05:38'),
(205, 15, '2024-02-19 17:42:50', '2024-02-19 17:42:50'),
(206, 11, '2024-02-19 17:50:33', '2024-02-19 17:50:33'),
(207, 11, '2024-02-19 18:01:03', '2024-02-19 18:01:03'),
(207, 16, '2024-02-19 18:01:03', '2024-02-19 18:01:03'),
(208, 15, '2024-02-19 18:06:31', '2024-02-19 18:06:31'),
(209, 16, '2024-02-19 18:45:08', '2024-02-19 18:45:08'),
(210, 15, '2024-02-21 00:43:31', '2024-02-21 00:43:31'),
(211, 15, '2024-02-21 01:07:23', '2024-02-21 01:07:23'),
(212, 16, '2024-02-21 01:38:12', '2024-02-21 01:38:12'),
(213, 3, '2024-02-21 19:19:02', '2024-02-21 19:19:02'),
(213, 15, '2024-02-21 19:19:02', '2024-02-21 19:19:02'),
(214, 18, '2024-02-21 21:29:45', '2024-02-21 21:29:45'),
(215, 19, '2024-02-21 21:32:39', '2024-02-21 21:32:39'),
(216, 3, '2024-02-22 02:14:23', '2024-02-22 02:14:23'),
(217, 15, '2024-02-22 03:00:42', '2024-02-22 03:00:42'),
(218, 15, '2024-02-22 18:34:37', '2024-02-22 18:34:37'),
(219, 16, '2024-02-22 18:35:16', '2024-02-22 18:35:16'),
(220, 23, '2024-02-22 18:38:46', '2024-02-22 18:38:46'),
(221, 15, '2024-02-23 17:35:44', '2024-02-23 17:35:44'),
(222, 16, '2024-02-23 17:38:27', '2024-02-23 17:38:27'),
(225, 16, '2024-02-24 19:16:49', '2024-02-24 19:16:49'),
(226, 24, '2024-02-23 21:17:52', '2024-02-23 21:17:52'),
(227, 24, '2024-02-24 01:28:09', '2024-02-24 01:28:09'),
(228, 12, '2024-02-24 20:51:14', '2024-02-24 20:51:14'),
(228, 16, '2024-02-24 20:51:14', '2024-02-24 20:51:14'),
(229, 16, '2024-02-25 02:33:36', '2024-02-25 02:33:36'),
(230, 16, '2024-02-25 02:43:53', '2024-02-25 02:43:53'),
(231, 25, '2024-03-13 18:10:10', '2024-03-13 18:10:10'),
(232, 2, '2024-02-26 19:41:16', '2024-02-26 19:41:16'),
(233, 26, '2024-02-26 21:38:14', '2024-02-26 21:38:14'),
(234, 4, '2024-02-27 01:38:57', '2024-02-27 01:38:57'),
(235, 15, '2024-02-27 02:03:29', '2024-02-27 02:03:29'),
(236, 15, '2024-02-27 20:05:28', '2024-02-27 20:05:28'),
(237, 19, '2024-02-28 02:10:31', '2024-02-28 02:10:31'),
(238, 15, '2024-02-29 03:31:12', '2024-02-29 03:31:12'),
(239, 15, '2024-02-29 19:40:53', '2024-02-29 19:40:53'),
(240, 16, '2024-02-29 19:42:20', '2024-02-29 19:42:20'),
(241, 4, '2024-02-29 19:46:02', '2024-02-29 19:46:02'),
(242, 16, '2024-03-01 00:25:14', '2024-03-01 00:25:14'),
(243, 16, '2024-03-01 17:11:15', '2024-03-01 17:11:15'),
(245, 2, '2024-03-02 17:59:40', '2024-03-02 17:59:40'),
(248, 15, '2024-03-02 18:08:02', '2024-03-02 18:08:02'),
(251, 15, '2024-03-02 18:38:50', '2024-03-02 18:38:50'),
(252, 22, '2024-03-02 18:57:23', '2024-03-02 18:57:23'),
(253, 16, '2024-03-02 20:59:13', '2024-03-02 20:59:13'),
(254, 4, '2024-03-02 21:00:12', '2024-03-02 21:00:12'),
(254, 19, '2024-03-02 21:00:12', '2024-03-02 21:00:12'),
(255, 19, '2024-03-03 00:20:14', '2024-03-03 00:20:14'),
(256, 16, '2024-03-03 01:35:18', '2024-03-03 01:35:18'),
(257, 15, '2024-03-04 18:24:20', '2024-03-04 18:24:20'),
(258, 15, '2024-03-04 18:33:09', '2024-03-04 18:33:09'),
(262, 15, '2024-03-04 18:54:48', '2024-03-04 18:54:48'),
(263, 16, '2024-03-04 18:55:31', '2024-03-04 18:55:31'),
(264, 20, '2024-03-04 18:58:26', '2024-03-04 18:58:26'),
(264, 27, '2024-03-04 18:58:26', '2024-03-04 18:58:26'),
(265, 15, '2024-03-04 20:05:36', '2024-03-04 20:05:36'),
(266, 15, '2024-03-05 01:09:49', '2024-03-05 01:09:49'),
(267, 16, '2024-03-05 01:10:42', '2024-03-05 01:10:42'),
(268, 4, '2024-03-05 02:09:26', '2024-03-05 02:09:26'),
(269, 16, '2024-03-05 17:52:02', '2024-03-05 17:52:02'),
(270, 15, '2024-03-05 18:18:10', '2024-03-05 18:18:10'),
(271, 16, '2024-03-05 18:41:32', '2024-03-05 18:41:32'),
(272, 28, '2024-03-05 19:23:25', '2024-03-05 19:23:25'),
(273, 15, '2024-03-05 20:17:59', '2024-03-05 20:17:59'),
(274, 16, '2024-03-06 02:35:25', '2024-03-06 02:35:25'),
(275, 15, '2024-03-06 02:52:49', '2024-03-06 02:52:49'),
(276, 15, '2024-03-06 18:59:57', '2024-03-06 18:59:57'),
(277, 15, '2024-03-07 02:24:31', '2024-03-07 02:24:31'),
(281, 11, '2024-03-07 18:20:53', '2024-03-07 18:20:53'),
(282, 19, '2024-03-08 02:31:14', '2024-03-08 02:31:14'),
(283, 15, '2024-03-08 20:50:23', '2024-03-08 20:50:23'),
(284, 15, '2024-03-08 20:56:42', '2024-03-08 20:56:42'),
(286, 17, '2024-03-11 18:33:41', '2024-03-11 18:33:41'),
(287, 19, '2024-03-11 18:41:44', '2024-03-11 18:41:44'),
(288, 15, '2024-03-11 20:27:12', '2024-03-11 20:27:12'),
(289, 19, '2024-03-11 21:15:09', '2024-03-11 21:15:09'),
(290, 15, '2024-03-12 18:07:30', '2024-03-12 18:07:30'),
(291, 29, '2024-03-11 23:56:16', '2024-03-11 23:56:16'),
(292, 16, '2024-03-12 03:14:19', '2024-03-12 03:14:19'),
(293, 16, '2024-03-12 18:13:26', '2024-03-12 18:13:26'),
(294, 19, '2024-03-12 19:12:20', '2024-03-12 19:12:20'),
(295, 11, '2024-03-12 20:07:49', '2024-03-12 20:07:49'),
(296, 24, '2024-03-13 01:29:07', '2024-03-13 01:29:07'),
(297, 15, '2024-03-13 03:46:52', '2024-03-13 03:46:52'),
(298, 16, '2024-03-13 04:06:28', '2024-03-13 04:06:28'),
(299, 15, '2024-03-13 19:44:11', '2024-03-13 19:44:11'),
(299, 19, '2024-03-13 19:44:11', '2024-03-13 19:44:11'),
(300, 16, '2024-03-14 01:50:17', '2024-03-14 01:50:17'),
(301, 15, '2024-03-14 01:51:01', '2024-03-14 01:51:01'),
(302, 12, '2024-03-14 17:05:41', '2024-03-14 17:05:41'),
(302, 15, '2024-03-14 17:05:41', '2024-03-14 17:05:41'),
(302, 16, '2024-03-14 17:05:41', '2024-03-14 17:05:41'),
(303, 16, '2024-03-14 20:19:26', '2024-03-14 20:19:26'),
(304, 16, '2024-03-15 01:05:26', '2024-03-15 01:05:26'),
(305, 15, '2024-03-15 18:00:00', '2024-03-15 18:00:00'),
(306, 19, '2024-03-18 18:27:00', '2024-03-18 18:27:00'),
(307, 15, '2024-03-18 18:34:55', '2024-03-18 18:34:55'),
(308, 4, '2024-03-18 20:51:41', '2024-03-18 20:51:41'),
(308, 11, '2024-03-18 20:51:41', '2024-03-18 20:51:41'),
(309, 16, '2024-03-18 21:02:04', '2024-03-18 21:02:04'),
(310, 15, '2024-03-19 16:26:23', '2024-03-19 16:26:23'),
(311, 15, '2024-03-19 16:27:34', '2024-03-19 16:27:34'),
(312, 11, '2024-03-19 16:29:19', '2024-03-19 16:29:19'),
(313, 15, '2024-03-20 01:45:56', '2024-03-20 01:45:56'),
(316, 13, '2024-03-20 01:50:24', '2024-03-20 01:50:24'),
(317, 15, '2024-03-21 18:52:52', '2024-03-21 18:52:52'),
(318, 15, '2024-03-21 20:25:37', '2024-03-21 20:25:37'),
(319, 15, '2024-03-21 21:13:29', '2024-03-21 21:13:29'),
(320, 16, '2024-03-22 22:03:46', '2024-03-22 22:03:46'),
(321, 15, '2024-03-22 03:45:20', '2024-03-22 03:45:20'),
(323, 1, '2024-03-23 17:44:36', '2024-03-23 17:44:36'),
(324, 25, '2024-03-23 18:10:06', '2024-03-23 18:10:06'),
(325, 4, '2024-03-24 01:52:06', '2024-03-24 01:52:06'),
(326, 3, '2024-03-25 16:39:37', '2024-03-25 16:39:37'),
(326, 16, '2024-03-25 16:39:37', '2024-03-25 16:39:37'),
(327, 21, '2024-03-25 16:41:07', '2024-03-25 16:41:07'),
(328, 11, '2024-03-25 17:57:51', '2024-03-25 17:57:51'),
(329, 15, '2024-03-25 18:16:50', '2024-03-25 18:16:50'),
(330, 4, '2024-03-25 18:50:54', '2024-03-25 18:50:54'),
(330, 19, '2024-03-25 18:50:54', '2024-03-25 18:50:54'),
(331, 15, '2024-03-25 20:10:49', '2024-03-25 20:10:49'),
(332, 18, '2024-03-27 21:00:27', '2024-03-27 21:00:27'),
(333, 17, '2024-03-28 21:03:42', '2024-03-28 21:03:42'),
(334, 16, '2024-03-28 18:00:03', '2024-03-28 18:00:03'),
(335, 15, '2024-03-28 18:02:06', '2024-03-28 18:02:06'),
(336, 6, '2024-03-28 21:06:49', '2024-03-28 21:06:49'),
(337, 22, '2024-04-01 18:24:02', '2024-04-01 18:24:02'),
(338, 3, '2024-04-01 19:45:50', '2024-04-01 19:45:50'),
(339, 15, '2024-04-02 01:13:41', '2024-04-02 01:13:41'),
(340, 15, '2024-04-02 02:42:51', '2024-04-02 02:42:51'),
(341, 15, '2024-04-02 17:20:03', '2024-04-02 17:20:03'),
(342, 7, '2024-04-02 17:21:55', '2024-04-02 17:21:55'),
(345, 12, '2024-04-02 17:47:17', '2024-04-02 17:47:17'),
(346, 23, '2024-04-02 17:47:58', '2024-04-02 17:47:58'),
(347, 30, '2024-04-02 18:14:07', '2024-04-02 18:14:07'),
(348, 11, '2024-04-02 20:08:06', '2024-04-02 20:08:06'),
(349, 4, '2024-04-03 01:43:00', '2024-04-03 01:43:00'),
(350, 4, '2024-04-03 03:12:09', '2024-04-03 03:12:09'),
(351, 15, '2024-04-03 03:53:38', '2024-04-03 03:53:38'),
(352, 15, '2024-04-09 02:17:55', '2024-04-09 02:17:55'),
(353, 15, '2024-04-03 20:34:17', '2024-04-03 20:34:17'),
(354, 15, '2024-04-04 00:17:03', '2024-04-04 00:17:03'),
(355, 18, '2024-04-04 03:00:05', '2024-04-04 03:00:05'),
(356, 4, '2024-04-04 03:02:22', '2024-04-04 03:02:22'),
(357, 15, '2024-04-05 01:23:37', '2024-04-05 01:23:37'),
(358, 15, '2024-04-05 01:25:36', '2024-04-05 01:25:36'),
(359, 15, '2024-04-05 01:49:45', '2024-04-05 01:49:45'),
(360, 15, '2024-04-05 03:38:17', '2024-04-05 03:38:17'),
(361, 15, '2024-04-05 03:40:19', '2024-04-05 03:40:19'),
(363, 4, '2024-04-05 03:42:29', '2024-04-05 03:42:29'),
(364, 4, '2024-04-05 17:39:12', '2024-04-05 17:39:12'),
(364, 11, '2024-04-05 17:39:12', '2024-04-05 17:39:12'),
(365, 2, '2024-04-06 01:01:46', '2024-04-06 01:01:46'),
(366, 15, '2024-04-08 19:22:53', '2024-04-08 19:22:53'),
(367, 15, '2024-04-08 19:23:30', '2024-04-08 19:23:30'),
(368, 15, '2024-04-09 02:19:18', '2024-04-09 02:19:18'),
(369, 18, '2024-04-09 01:33:42', '2024-04-09 01:33:42'),
(370, 16, '2024-04-09 02:26:15', '2024-04-09 02:26:15'),
(371, 4, '2024-04-10 17:06:35', '2024-04-10 17:06:35'),
(372, 4, '2024-04-11 20:14:15', '2024-04-11 20:14:15'),
(373, 15, '2024-04-12 00:49:01', '2024-04-12 00:49:01'),
(374, 4, '2024-04-12 00:51:37', '2024-04-12 00:51:37'),
(375, 4, '2024-04-13 17:49:39', '2024-04-13 17:49:39'),
(376, 16, '2024-04-13 17:50:12', '2024-04-13 17:50:12'),
(377, 4, '2024-04-13 17:51:26', '2024-04-13 17:51:26'),
(378, 15, '2024-04-13 18:01:52', '2024-04-13 18:01:52'),
(379, 15, '2024-04-13 19:08:40', '2024-04-13 19:08:40'),
(380, 16, '2024-04-15 17:19:44', '2024-04-15 17:19:44'),
(381, 17, '2024-04-15 17:20:58', '2024-04-15 17:20:58'),
(382, 15, '2024-04-15 17:27:33', '2024-04-15 17:27:33'),
(383, 3, '2024-04-15 17:28:46', '2024-04-15 17:28:46'),
(386, 19, '2024-04-16 01:29:17', '2024-04-16 01:29:17'),
(387, 31, '2024-04-16 00:12:49', '2024-04-16 00:12:49'),
(388, 15, '2024-04-16 18:00:45', '2024-04-16 18:00:45'),
(389, 15, '2024-04-16 18:01:42', '2024-04-16 18:01:42'),
(390, 16, '2024-04-16 20:23:31', '2024-04-16 20:23:31'),
(391, 21, '2024-04-17 00:09:54', '2024-04-17 00:09:54'),
(392, 32, '2024-04-17 00:16:31', '2024-04-17 00:16:31'),
(393, 5, '2024-04-17 02:33:33', '2024-04-17 02:33:33'),
(393, 11, '2024-04-17 02:33:33', '2024-04-17 02:33:33'),
(394, 15, '2024-04-17 19:05:28', '2024-04-17 19:05:28'),
(395, 16, '2024-04-17 19:09:07', '2024-04-17 19:09:07'),
(396, 15, '2024-04-18 02:22:10', '2024-04-18 02:22:10'),
(397, 13, '2024-04-18 02:37:07', '2024-04-18 02:37:07'),
(398, 19, '2024-04-18 20:44:32', '2024-04-18 20:44:32'),
(399, 12, '2024-04-19 00:58:13', '2024-04-19 00:58:13'),
(399, 15, '2024-04-19 00:58:13', '2024-04-19 00:58:13'),
(400, 15, '2024-04-19 16:43:27', '2024-04-19 16:43:27'),
(401, 12, '2024-04-19 17:16:50', '2024-04-19 17:16:50'),
(402, 8, '2024-04-20 18:12:19', '2024-04-20 18:12:19'),
(403, 15, '2024-04-21 00:40:15', '2024-04-21 00:40:15'),
(404, 15, '2024-04-22 17:32:18', '2024-04-22 17:32:18'),
(405, 15, '2024-04-22 17:56:09', '2024-04-22 17:56:09'),
(406, 15, '2024-04-23 03:02:54', '2024-04-23 03:02:54'),
(407, 11, '2024-04-22 19:15:29', '2024-04-22 19:15:29'),
(408, 5, '2024-04-23 00:31:30', '2024-04-23 00:31:30'),
(409, 15, '2024-04-23 01:02:58', '2024-04-23 01:02:58'),
(410, 18, '2024-04-23 02:43:43', '2024-04-23 02:43:43'),
(411, 16, '2024-04-23 17:07:17', '2024-04-23 17:07:17'),
(412, 16, '2024-04-23 18:45:15', '2024-04-23 18:45:15'),
(413, 1, '2024-04-23 20:26:16', '2024-04-23 20:26:16'),
(413, 5, '2024-04-23 20:26:16', '2024-04-23 20:26:16'),
(414, 16, '2024-04-24 00:21:52', '2024-04-24 00:21:52'),
(415, 16, '2024-04-24 00:58:33', '2024-04-24 00:58:33'),
(416, 15, '2024-04-24 19:26:47', '2024-04-24 19:26:47'),
(417, 33, '2024-04-24 20:57:33', '2024-04-24 20:57:33'),
(422, 17, '2024-04-25 02:22:10', '2024-04-25 02:22:10'),
(423, 13, '2024-04-25 02:22:50', '2024-04-25 02:22:50'),
(424, 1, '2024-04-25 16:52:55', '2024-04-25 16:52:55'),
(425, 15, '2024-04-25 19:39:32', '2024-04-25 19:39:32'),
(425, 16, '2024-04-25 19:39:32', '2024-04-25 19:39:32'),
(426, 29, '2024-04-26 02:50:09', '2024-04-26 02:50:09'),
(427, 16, '2024-04-26 17:30:49', '2024-04-26 17:30:49'),
(428, 15, '2024-04-30 01:15:06', '2024-04-30 01:15:06'),
(431, 16, '2024-04-30 01:17:31', '2024-04-30 01:17:31'),
(432, 16, '2024-04-30 17:00:54', '2024-04-30 17:00:54'),
(433, 15, '2024-05-01 20:20:01', '2024-05-01 20:20:01'),
(434, 19, '2024-05-03 18:01:00', '2024-05-03 18:01:00'),
(435, 15, '2024-05-03 21:06:56', '2024-05-03 21:06:56'),
(437, 15, '2024-05-04 02:39:12', '2024-05-04 02:39:12'),
(440, 15, '2024-05-04 02:41:02', '2024-05-04 02:41:02'),
(440, 19, '2024-05-04 02:41:02', '2024-05-04 02:41:02'),
(441, 15, '2024-05-04 18:22:14', '2024-05-04 18:22:14'),
(442, 20, '2024-05-04 18:23:01', '2024-05-04 18:23:01'),
(443, 28, '2024-05-04 20:05:48', '2024-05-04 20:05:48'),
(444, 15, '2024-05-05 01:25:51', '2024-05-05 01:25:51'),
(445, 15, '2024-05-06 20:00:42', '2024-05-06 20:00:42'),
(445, 17, '2024-05-06 20:00:42', '2024-05-06 20:00:42'),
(446, 16, '2024-05-07 02:57:46', '2024-05-07 02:57:46'),
(449, 10, '2024-05-07 02:57:31', '2024-05-07 02:57:31'),
(450, 15, '2024-05-07 02:47:24', '2024-05-07 02:47:24'),
(451, 15, '2024-05-07 02:46:26', '2024-05-07 02:46:26'),
(452, 12, '2024-05-08 01:06:48', '2024-05-08 01:06:48'),
(452, 15, '2024-05-08 01:06:48', '2024-05-08 01:06:48'),
(454, 15, '2024-05-11 18:45:03', '2024-05-11 18:45:03'),
(455, 18, '2024-05-13 18:21:02', '2024-05-13 18:21:02'),
(456, 16, '2024-05-14 00:19:21', '2024-05-14 00:19:21'),
(457, 15, '2024-05-14 00:25:01', '2024-05-14 00:25:01'),
(458, 15, '2024-05-14 00:25:41', '2024-05-14 00:25:41'),
(459, 15, '2024-05-14 00:26:32', '2024-05-14 00:26:32'),
(460, 12, '2024-05-14 00:38:26', '2024-05-14 00:38:26'),
(461, 12, '2024-05-14 19:49:48', '2024-05-14 19:49:48'),
(462, 29, '2024-05-14 23:33:38', '2024-05-14 23:33:38'),
(463, 15, '2024-05-15 00:15:18', '2024-05-15 00:15:18'),
(464, 5, '2024-05-17 17:52:41', '2024-05-17 17:52:41'),
(465, 11, '2024-05-15 17:00:10', '2024-05-15 17:00:10'),
(466, 15, '2024-05-15 17:43:03', '2024-05-15 17:43:03'),
(467, 16, '2024-05-15 18:39:37', '2024-05-15 18:39:37'),
(468, 34, '2024-05-15 19:20:29', '2024-05-15 19:20:29'),
(469, 15, '2024-05-16 16:24:47', '2024-05-16 16:24:47'),
(470, 15, '2024-05-16 16:51:54', '2024-05-16 16:51:54'),
(471, 35, '2024-05-16 18:58:45', '2024-05-16 18:58:45'),
(472, 15, '2024-05-17 00:27:25', '2024-05-17 00:27:25'),
(473, 15, '2024-05-18 17:36:08', '2024-05-18 17:36:08'),
(476, 6, '2024-05-18 17:38:46', '2024-05-18 17:38:46'),
(476, 16, '2024-05-18 17:38:46', '2024-05-18 17:38:46'),
(477, 15, '2024-05-20 18:42:31', '2024-05-20 18:42:31'),
(478, 15, '2024-05-20 18:43:13', '2024-05-20 18:43:13'),
(479, 15, '2024-05-21 01:37:18', '2024-05-21 01:37:18'),
(481, 15, '2024-05-21 03:32:24', '2024-05-21 03:32:24'),
(482, 29, '2024-05-21 16:36:56', '2024-05-21 16:36:56'),
(483, 4, '2024-05-22 02:34:30', '2024-05-22 02:34:30'),
(484, 16, '2024-05-22 17:55:33', '2024-05-22 17:55:33'),
(485, 2, '2024-05-22 17:56:58', '2024-05-22 17:56:58'),
(486, 15, '2024-05-22 19:23:46', '2024-05-22 19:23:46'),
(487, 16, '2024-05-23 16:42:46', '2024-05-23 16:42:46'),
(488, 2, '2024-05-23 18:18:46', '2024-05-23 18:18:46'),
(488, 15, '2024-05-23 18:18:46', '2024-05-23 18:18:46'),
(489, 16, '2024-05-24 17:15:20', '2024-05-24 17:15:20'),
(490, 16, '2024-05-24 21:44:06', '2024-05-24 21:44:06'),
(491, 15, '2024-05-26 02:29:05', '2024-05-26 02:29:05'),
(492, 15, '2024-05-26 02:30:16', '2024-05-26 02:30:16'),
(493, 16, '2024-05-26 02:32:13', '2024-05-26 02:32:13'),
(493, 24, '2024-05-26 02:32:13', '2024-05-26 02:32:13'),
(495, 29, '2024-05-26 02:34:17', '2024-05-26 02:34:17'),
(496, 15, '2024-05-27 16:26:24', '2024-05-27 16:26:24'),
(496, 16, '2024-05-27 16:26:24', '2024-05-27 16:26:24'),
(497, 15, '2024-05-27 20:03:52', '2024-05-27 20:03:52'),
(498, 15, '2024-05-28 01:39:37', '2024-05-28 01:39:37'),
(499, 5, '2024-05-28 01:42:05', '2024-05-28 01:42:05'),
(500, 15, '2024-05-29 00:31:33', '2024-05-29 00:31:33'),
(501, 36, '2024-05-29 01:20:22', '2024-05-29 01:20:22'),
(502, 15, '2024-05-29 01:21:29', '2024-05-29 01:21:29'),
(503, 1, '2024-05-29 17:31:59', '2024-05-29 17:31:59'),
(503, 15, '2024-05-29 17:31:59', '2024-05-29 17:31:59'),
(504, 1, '2024-05-29 17:34:15', '2024-05-29 17:34:15'),
(504, 15, '2024-05-29 17:34:15', '2024-05-29 17:34:15'),
(505, 15, '2024-05-31 01:35:53', '2024-05-31 01:35:53'),
(506, 15, '2024-05-31 19:37:21', '2024-05-31 19:37:21'),
(507, 15, '2024-05-31 20:39:04', '2024-05-31 20:39:04'),
(508, 29, '2024-06-01 00:09:00', '2024-06-01 00:09:00'),
(509, 17, '2024-06-01 00:18:11', '2024-06-01 00:18:11'),
(510, 15, '2024-06-01 02:29:17', '2024-06-01 02:29:17'),
(511, 15, '2024-06-01 18:50:55', '2024-06-01 18:50:55'),
(512, 8, '2024-06-03 17:26:28', '2024-06-03 17:26:28'),
(512, 28, '2024-06-03 17:26:28', '2024-06-03 17:26:28'),
(513, 15, '2024-06-03 18:38:02', '2024-06-03 18:38:02'),
(514, 13, '2024-06-03 18:39:41', '2024-06-03 18:39:41'),
(515, 15, '2024-06-03 18:48:57', '2024-06-03 18:48:57'),
(516, 15, '2024-06-03 19:05:14', '2024-06-03 19:05:14'),
(517, 15, '2024-06-04 01:31:45', '2024-06-04 01:31:45'),
(519, 29, '2024-06-04 03:07:56', '2024-06-04 03:07:56'),
(523, 30, '2024-06-04 17:16:16', '2024-06-04 17:16:16'),
(524, 15, '2024-06-06 00:36:50', '2024-06-06 00:36:50'),
(525, 2, '2024-06-06 00:50:58', '2024-06-06 00:50:58'),
(525, 15, '2024-06-06 00:50:58', '2024-06-06 00:50:58'),
(527, 29, '2024-06-06 03:19:30', '2024-06-06 03:19:30'),
(528, 22, '2024-06-06 03:28:05', '2024-06-06 03:28:05'),
(529, 12, '2024-06-06 20:33:53', '2024-06-06 20:33:53'),
(529, 16, '2024-06-06 20:33:53', '2024-06-06 20:33:53'),
(530, 15, '2024-06-09 00:28:19', '2024-06-09 00:28:19'),
(531, 15, '2024-06-09 00:29:07', '2024-06-09 00:29:07'),
(532, 5, '2024-06-09 02:05:51', '2024-06-09 02:05:51'),
(533, 15, '2024-06-10 18:04:44', '2024-06-10 18:04:44'),
(534, 4, '2024-06-10 20:55:57', '2024-06-10 20:55:57'),
(535, 16, '2024-06-11 02:40:34', '2024-06-11 02:40:34'),
(537, 19, '2024-06-11 02:41:38', '2024-06-11 02:41:38'),
(538, 10, '2024-06-11 16:33:47', '2024-06-11 16:33:47'),
(539, 37, '2024-06-11 16:48:37', '2024-06-11 16:48:37'),
(540, 15, '2024-06-11 20:14:02', '2024-06-11 20:14:02'),
(541, 29, '2024-06-11 20:17:51', '2024-06-11 20:17:51'),
(542, 24, '2024-06-12 02:11:37', '2024-06-12 02:11:37'),
(543, 34, '2024-06-15 19:01:41', '2024-06-15 19:01:41'),
(544, 15, '2024-06-17 19:57:59', '2024-06-17 19:57:59'),
(545, 15, '2024-06-18 23:21:42', '2024-06-18 23:21:42'),
(546, 16, '2024-06-18 01:31:34', '2024-06-18 01:31:34'),
(547, 38, '2024-06-18 17:52:59', '2024-06-18 17:52:59'),
(548, 15, '2024-06-19 00:59:35', '2024-06-19 00:59:35'),
(549, 1, '2024-06-21 19:13:49', '2024-06-21 19:13:49'),
(552, 15, '2024-06-24 20:30:39', '2024-06-24 20:30:39'),
(553, 16, '2024-06-25 02:53:56', '2024-06-25 02:53:56'),
(554, 15, '2024-06-25 21:15:10', '2024-06-25 21:15:10'),
(555, 32, '2024-06-26 18:19:01', '2024-06-26 18:19:01'),
(556, 15, '2024-06-26 18:20:47', '2024-06-26 18:20:47'),
(557, 15, '2024-06-26 18:22:31', '2024-06-26 18:22:31'),
(558, 19, '2024-06-26 19:49:45', '2024-06-26 19:49:45'),
(561, 22, '2024-06-27 17:57:02', '2024-06-27 17:57:02'),
(562, 16, '2024-06-28 00:17:38', '2024-06-28 00:17:38'),
(564, 1, '2024-06-29 02:56:18', '2024-06-29 02:56:18'),
(565, 15, '2024-06-29 03:01:13', '2024-06-29 03:01:13'),
(566, 16, '2024-06-30 00:18:20', '2024-06-30 00:18:20'),
(567, 15, '2024-07-02 02:30:09', '2024-07-02 02:30:09'),
(568, 29, '2024-07-01 18:12:41', '2024-07-01 18:12:41'),
(569, 16, '2024-07-01 18:20:08', '2024-07-01 18:20:08'),
(570, 19, '2024-07-01 18:21:36', '2024-07-01 18:21:36'),
(571, 15, '2024-07-01 18:24:08', '2024-07-01 18:24:08'),
(572, 1, '2024-07-02 17:06:41', '2024-07-02 17:06:41'),
(573, 15, '2024-07-02 17:07:10', '2024-07-02 17:07:10'),
(574, 15, '2024-07-02 17:07:43', '2024-07-02 17:07:43'),
(575, 15, '2024-07-02 17:31:33', '2024-07-02 17:31:33'),
(576, 19, '2024-07-02 18:54:38', '2024-07-02 18:54:38'),
(577, 15, '2024-07-02 18:55:07', '2024-07-02 18:55:07'),
(578, 15, '2024-07-04 17:07:59', '2024-07-04 17:07:59'),
(579, 16, '2024-07-05 00:45:22', '2024-07-05 00:45:22'),
(580, 15, '2024-07-05 00:54:57', '2024-07-05 00:54:57'),
(583, 16, '2024-07-05 01:33:15', '2024-07-05 01:33:15'),
(584, 15, '2024-07-05 01:32:30', '2024-07-05 01:32:30'),
(585, 1, '2024-07-05 18:26:44', '2024-07-05 18:26:44'),
(586, 15, '2024-07-05 20:36:31', '2024-07-05 20:36:31'),
(587, 34, '2024-07-06 18:51:09', '2024-07-06 18:51:09'),
(588, 40, '2024-07-07 03:02:20', '2024-07-07 03:02:20'),
(589, 1, '2024-07-07 03:03:21', '2024-07-07 03:03:21'),
(590, 15, '2024-07-07 03:04:04', '2024-07-07 03:04:04'),
(591, 15, '2024-07-08 17:03:16', '2024-07-08 17:03:16'),
(592, 15, '2024-07-08 19:08:25', '2024-07-08 19:08:25'),
(593, 15, '2024-07-08 19:24:43', '2024-07-08 19:24:43'),
(594, 16, '2024-07-08 19:27:53', '2024-07-08 19:27:53'),
(595, 16, '2024-07-11 02:41:31', '2024-07-11 02:41:31'),
(596, 42, '2024-07-11 02:45:40', '2024-07-11 02:45:40'),
(597, 10, '2024-07-10 00:22:05', '2024-07-10 00:22:05'),
(598, 16, '2024-07-10 00:21:35', '2024-07-10 00:21:35'),
(599, 15, '2024-07-10 17:27:25', '2024-07-10 17:27:25'),
(600, 1, '2024-07-11 01:13:16', '2024-07-11 01:13:16'),
(601, 15, '2024-07-11 19:51:18', '2024-07-11 19:51:18'),
(602, 15, '2024-07-12 00:45:52', '2024-07-12 00:45:52'),
(603, 43, '2024-07-13 00:33:00', '2024-07-13 00:33:00'),
(604, 15, '2024-07-15 17:50:43', '2024-07-15 17:50:43'),
(608, 15, '2024-07-16 00:08:37', '2024-07-16 00:08:37'),
(609, 1, '2024-07-16 02:32:56', '2024-07-16 02:32:56'),
(610, 15, '2024-07-16 17:50:25', '2024-07-16 17:50:25'),
(611, 15, '2024-07-16 17:51:04', '2024-07-16 17:51:04'),
(612, 2, '2024-07-17 03:31:44', '2024-07-17 03:31:44'),
(613, 44, '2024-07-17 01:42:34', '2024-07-17 01:42:34'),
(614, 15, '2024-07-17 01:44:13', '2024-07-17 01:44:13'),
(615, 16, '2024-07-17 16:55:02', '2024-07-17 16:55:02'),
(616, 15, '2024-07-17 16:57:40', '2024-07-17 16:57:40'),
(616, 17, '2024-07-17 16:57:40', '2024-07-17 16:57:40'),
(617, 15, '2024-07-17 17:36:25', '2024-07-17 17:36:25'),
(618, 15, '2024-07-18 00:35:53', '2024-07-18 00:35:53'),
(619, 15, '2024-07-18 01:16:42', '2024-07-18 01:16:42'),
(621, 10, '2024-07-19 03:07:44', '2024-07-19 03:07:44'),
(622, 15, '2024-07-19 19:48:12', '2024-07-19 19:48:12'),
(623, 10, '2024-07-19 19:49:11', '2024-07-19 19:49:11'),
(623, 16, '2024-07-19 19:49:11', '2024-07-19 19:49:11'),
(624, 21, '2024-07-19 19:49:51', '2024-07-19 19:49:51'),
(624, 22, '2024-07-19 19:49:51', '2024-07-19 19:49:51'),
(625, 16, '2024-07-20 00:14:27', '2024-07-20 00:14:27'),
(626, 10, '2024-07-22 18:16:31', '2024-07-22 18:16:31'),
(627, 16, '2024-07-22 19:37:40', '2024-07-22 19:37:40'),
(628, 15, '2024-07-22 20:28:18', '2024-07-22 20:28:18'),
(629, 20, '2024-07-23 17:28:33', '2024-07-23 17:28:33'),
(630, 45, '2024-07-23 18:17:03', '2024-07-23 18:17:03'),
(631, 15, '2024-07-24 17:43:52', '2024-07-24 17:43:52'),
(632, 16, '2024-07-26 21:25:47', '2024-07-26 21:25:47'),
(633, 19, '2024-07-27 00:18:53', '2024-07-27 00:18:53'),
(636, 16, '2024-07-27 00:24:11', '2024-07-27 00:24:11'),
(637, 46, '2024-07-31 01:27:07', '2024-07-31 01:27:07'),
(638, 15, '2024-07-31 02:02:05', '2024-07-31 02:02:05'),
(639, 38, '2024-07-31 17:32:26', '2024-07-31 17:32:26'),
(640, 16, '2024-07-31 18:30:17', '2024-07-31 18:30:17'),
(640, 47, '2024-07-31 18:30:17', '2024-07-31 18:30:17'),
(641, 15, '2024-08-01 01:00:22', '2024-08-01 01:00:22'),
(644, 39, '2024-08-01 01:38:36', '2024-08-01 01:38:36'),
(645, 15, '2024-08-01 17:17:40', '2024-08-01 17:17:40'),
(646, 46, '2024-08-01 19:16:48', '2024-08-01 19:16:48'),
(647, 10, '2024-08-01 20:51:41', '2024-08-01 20:51:41'),
(647, 46, '2024-08-01 20:51:41', '2024-08-01 20:51:41'),
(648, 15, '2024-08-02 00:10:59', '2024-08-02 00:10:59'),
(649, 15, '2024-08-02 01:06:22', '2024-08-02 01:06:22'),
(652, 23, '2024-08-02 01:07:45', '2024-08-02 01:07:45'),
(653, 39, '2024-08-02 18:45:46', '2024-08-02 18:45:46'),
(656, 29, '2024-08-03 18:54:16', '2024-08-03 18:54:16'),
(657, 15, '2024-08-03 18:56:14', '2024-08-03 18:56:14'),
(658, 15, '2024-08-03 22:24:23', '2024-08-03 22:24:23'),
(659, 38, '2024-08-05 18:04:34', '2024-08-05 18:04:34'),
(660, 15, '2024-08-05 20:14:20', '2024-08-05 20:14:20'),
(661, 15, '2024-08-05 20:15:12', '2024-08-05 20:15:12'),
(662, 39, '2024-08-06 01:37:34', '2024-08-06 01:37:34'),
(663, 8, '2024-08-07 00:06:42', '2024-08-07 00:06:42'),
(664, 15, '2024-08-07 00:07:08', '2024-08-07 00:07:08'),
(665, 16, '2024-08-07 17:21:08', '2024-08-07 17:21:08'),
(666, 16, '2024-08-07 19:04:55', '2024-08-07 19:04:55'),
(667, 15, '2024-08-07 20:59:27', '2024-08-07 20:59:27'),
(668, 1, '2024-08-08 02:35:59', '2024-08-08 02:35:59'),
(668, 24, '2024-08-08 02:35:59', '2024-08-08 02:35:59'),
(669, 15, '2024-08-08 18:13:59', '2024-08-08 18:13:59'),
(670, 15, '2024-08-08 18:14:31', '2024-08-08 18:14:31'),
(671, 15, '2024-08-08 18:15:06', '2024-08-08 18:15:06'),
(672, 15, '2024-08-08 18:16:17', '2024-08-08 18:16:17'),
(673, 42, '2024-08-08 19:30:42', '2024-08-08 19:30:42'),
(674, 15, '2024-08-09 01:06:46', '2024-08-09 01:06:46'),
(674, 48, '2024-08-09 01:06:46', '2024-08-09 01:06:46'),
(675, 22, '2024-08-09 01:10:12', '2024-08-09 01:10:12'),
(676, 1, '2024-08-09 18:10:03', '2024-08-09 18:10:03'),
(677, 15, '2024-08-10 00:56:51', '2024-08-10 00:56:51'),
(677, 48, '2024-08-10 00:56:51', '2024-08-10 00:56:51'),
(678, 10, '2024-08-10 18:29:46', '2024-08-10 18:29:46'),
(679, 49, '2024-08-12 17:45:08', '2024-08-12 17:45:08'),
(680, 10, '2024-08-12 21:26:34', '2024-08-12 21:26:34'),
(681, 15, '2024-08-13 19:37:03', '2024-08-13 19:37:03'),
(682, 16, '2024-08-13 19:43:00', '2024-08-13 19:43:00'),
(683, 15, '2024-08-13 21:02:28', '2024-08-13 21:02:28'),
(684, 10, '2024-08-14 17:01:10', '2024-08-14 17:01:10'),
(685, 15, '2024-08-14 18:01:21', '2024-08-14 18:01:21'),
(686, 48, '2024-08-15 19:12:46', '2024-08-15 19:12:46'),
(687, 46, '2024-08-15 19:13:56', '2024-08-15 19:13:56'),
(688, 15, '2024-08-15 19:16:54', '2024-08-15 19:16:54'),
(689, 16, '2024-08-16 00:27:13', '2024-08-16 00:27:13'),
(690, 50, '2024-08-16 01:11:06', '2024-08-16 01:11:06'),
(691, 51, '2024-08-16 18:16:49', '2024-08-16 18:16:49'),
(692, 15, '2024-08-17 01:06:37', '2024-08-17 01:06:37'),
(693, 15, '2024-08-17 19:02:18', '2024-08-17 19:02:18'),
(694, 20, '2024-08-17 19:34:22', '2024-08-17 19:34:22'),
(695, 15, '2024-08-17 21:22:57', '2024-08-17 21:22:57'),
(696, 16, '2024-08-18 01:01:03', '2024-08-18 01:01:03'),
(697, 15, '2024-08-19 17:35:49', '2024-08-19 17:35:49'),
(698, 15, '2024-08-19 19:12:43', '2024-08-19 19:12:43'),
(699, 15, '2024-08-19 19:13:19', '2024-08-19 19:13:19'),
(700, 1, '2024-08-19 20:36:14', '2024-08-19 20:36:14'),
(701, 37, '2024-08-20 00:21:29', '2024-08-20 00:21:29'),
(702, 46, '2024-08-20 02:48:24', '2024-08-20 02:48:24'),
(703, 32, '2024-08-20 20:25:42', '2024-08-20 20:25:42'),
(704, 21, '2024-08-21 00:03:24', '2024-08-21 00:03:24'),
(705, 16, '2024-08-21 19:29:17', '2024-08-21 19:29:17'),
(706, 16, '2024-08-22 00:42:25', '2024-08-22 00:42:25'),
(707, 15, '2024-08-23 00:31:41', '2024-08-23 00:31:41'),
(708, 15, '2024-08-23 00:44:23', '2024-08-23 00:44:23'),
(709, 29, '2024-08-23 01:22:24', '2024-08-23 01:22:24'),
(710, 16, '2024-08-23 17:01:44', '2024-08-23 17:01:44'),
(711, 52, '2024-08-23 20:01:34', '2024-08-23 20:01:34'),
(712, 22, '2024-08-23 20:22:33', '2024-08-23 20:22:33'),
(713, 53, '2024-08-24 00:39:20', '2024-08-24 00:39:20'),
(714, 15, '2024-08-24 18:04:07', '2024-08-24 18:04:07'),
(715, 15, '2024-08-25 02:11:30', '2024-08-25 02:11:30'),
(716, 15, '2024-08-25 02:18:25', '2024-08-25 02:18:25'),
(717, 15, '2024-08-26 17:08:41', '2024-08-26 17:08:41'),
(718, 15, '2024-08-26 17:10:58', '2024-08-26 17:10:58'),
(719, 15, '2024-08-26 18:29:20', '2024-08-26 18:29:20'),
(720, 19, '2024-08-27 21:14:50', '2024-08-27 21:14:50'),
(721, 10, '2024-08-28 00:15:47', '2024-08-28 00:15:47'),
(722, 16, '2024-08-28 00:17:22', '2024-08-28 00:17:22'),
(723, 54, '2024-08-28 16:44:10', '2024-08-28 16:44:10'),
(724, 46, '2024-08-28 16:45:03', '2024-08-28 16:45:03'),
(725, 15, '2024-08-28 17:28:14', '2024-08-28 17:28:14'),
(726, 46, '2024-08-28 17:29:41', '2024-08-28 17:29:41'),
(727, 22, '2024-08-28 17:59:07', '2024-08-28 17:59:07'),
(728, 55, '2024-08-28 19:24:47', '2024-08-28 19:24:47'),
(729, 15, '2024-08-29 00:57:47', '2024-08-29 00:57:47'),
(730, 56, '2024-08-30 00:28:55', '2024-08-30 00:28:55'),
(731, 15, '2024-08-30 00:29:32', '2024-08-30 00:29:32'),
(732, 44, '2024-08-30 17:33:19', '2024-08-30 17:33:19'),
(733, 56, '2024-08-30 18:00:34', '2024-08-30 18:00:34'),
(734, 15, '2024-08-31 20:03:42', '2024-08-31 20:03:42'),
(735, 29, '2024-09-01 00:53:20', '2024-09-01 00:53:20'),
(736, 16, '2024-09-03 02:05:06', '2024-09-03 02:05:06'),
(737, 39, '2024-09-07 02:10:45', '2024-09-07 02:10:45'),
(738, 15, '2024-09-05 16:36:08', '2024-09-05 16:36:08'),
(739, 16, '2024-09-09 17:23:41', '2024-09-09 17:23:41'),
(740, 48, '2024-09-09 17:25:11', '2024-09-09 17:25:11'),
(741, 48, '2024-09-09 17:26:03', '2024-09-09 17:26:03'),
(742, 48, '2024-09-09 20:24:00', '2024-09-09 20:24:00'),
(743, 15, '2024-09-11 00:14:27', '2024-09-11 00:14:27'),
(744, 46, '2024-09-11 00:16:02', '2024-09-11 00:16:02'),
(745, 15, '2024-09-11 01:07:56', '2024-09-11 01:07:56'),
(746, 15, '2024-09-12 03:07:21', '2024-09-12 03:07:21'),
(747, 53, '2024-09-14 17:20:10', '2024-09-14 17:20:10'),
(748, 57, '2024-09-14 20:57:55', '2024-09-14 20:57:55'),
(749, 15, '2024-09-17 17:52:50', '2024-09-17 17:52:50'),
(750, 15, '2024-09-18 18:19:18', '2024-09-18 18:19:18'),
(751, 55, '2024-09-18 19:42:23', '2024-09-18 19:42:23'),
(752, 21, '2024-09-18 21:02:54', '2024-09-18 21:02:54'),
(753, 15, '2024-09-20 01:41:53', '2024-09-20 01:41:53'),
(754, 1, '2024-09-20 01:43:58', '2024-09-20 01:43:58'),
(755, 22, '2024-09-20 16:27:13', '2024-09-20 16:27:13'),
(756, 58, '2024-09-21 00:19:44', '2024-09-21 00:19:44'),
(757, 46, '2024-09-21 19:20:42', '2024-09-21 19:20:42'),
(758, 15, '2024-09-22 17:51:08', '2024-09-22 17:51:08'),
(759, 19, '2024-09-23 18:03:25', '2024-09-23 18:03:25'),
(760, 15, '2024-09-23 19:38:00', '2024-09-23 19:38:00'),
(761, 46, '2024-09-24 02:44:27', '2024-09-24 02:44:27'),
(762, 22, '2024-09-24 18:18:25', '2024-09-24 18:18:25'),
(763, 20, '2024-09-25 17:24:52', '2024-09-25 17:24:52'),
(764, 54, '2024-09-25 17:31:43', '2024-09-25 17:31:43'),
(765, 28, '2024-09-25 17:32:27', '2024-09-25 17:32:27'),
(766, 15, '2024-09-27 17:59:57', '2024-09-27 17:59:57'),
(767, 19, '2024-09-28 00:40:03', '2024-09-28 00:40:03'),
(768, 48, '2024-09-30 16:32:14', '2024-09-30 16:32:14'),
(769, 15, '2024-09-30 18:33:07', '2024-09-30 18:33:07'),
(770, 15, '2024-09-30 18:42:52', '2024-09-30 18:42:52'),
(771, 15, '2024-09-30 19:16:16', '2024-09-30 19:16:16'),
(771, 16, '2024-09-30 19:16:16', '2024-09-30 19:16:16'),
(772, 59, '2024-10-01 18:21:51', '2024-10-01 18:21:51'),
(773, 15, '2024-10-02 00:43:33', '2024-10-02 00:43:33'),
(774, 15, '2024-10-02 02:37:05', '2024-10-02 02:37:05'),
(774, 48, '2024-10-02 02:37:05', '2024-10-02 02:37:05'),
(775, 20, '2024-10-02 17:37:34', '2024-10-02 17:37:34'),
(776, 15, '2024-10-02 17:40:56', '2024-10-02 17:40:56'),
(777, 15, '2024-10-03 00:55:18', '2024-10-03 00:55:18'),
(778, 44, '2024-10-03 18:54:11', '2024-10-03 18:54:11'),
(779, 19, '2024-10-04 20:21:00', '2024-10-04 20:21:00'),
(780, 19, '2024-10-05 21:59:08', '2024-10-05 21:59:08'),
(781, 1, '2024-10-07 18:48:54', '2024-10-07 18:48:54'),
(782, 39, '2024-10-07 21:27:36', '2024-10-07 21:27:36'),
(783, 20, '2024-10-09 01:09:31', '2024-10-09 01:09:31'),
(784, 16, '2024-10-09 18:05:25', '2024-10-09 18:05:25'),
(785, 48, '2024-10-11 01:04:36', '2024-10-11 01:04:36'),
(786, 15, '2024-10-11 01:07:51', '2024-10-11 01:07:51'),
(788, 1, '2024-10-12 20:43:52', '2024-10-12 20:43:52'),
(789, 15, '2024-10-14 16:26:24', '2024-10-14 16:26:24'),
(790, 15, '2024-10-14 16:59:31', '2024-10-14 16:59:31'),
(791, 10, '2024-10-15 17:01:34', '2024-10-15 17:01:34'),
(791, 16, '2024-10-15 17:01:34', '2024-10-15 17:01:34'),
(792, 15, '2024-10-16 02:31:29', '2024-10-16 02:31:29'),
(793, 16, '2024-10-16 18:06:45', '2024-10-16 18:06:45'),
(794, 15, '2024-10-17 02:39:22', '2024-10-17 02:39:22'),
(795, 16, '2024-10-18 18:08:43', '2024-10-18 18:08:43'),
(796, 15, '2024-10-18 18:09:51', '2024-10-18 18:09:51'),
(797, 47, '2024-10-18 18:51:02', '2024-10-18 18:51:02'),
(798, 46, '2024-10-19 17:43:30', '2024-10-19 17:43:30'),
(799, 15, '2024-10-21 17:55:42', '2024-10-21 17:55:42'),
(800, 1, '2024-10-21 17:56:20', '2024-10-21 17:56:20'),
(801, 15, '2024-10-22 00:10:02', '2024-10-22 00:10:02'),
(802, 10, '2024-10-24 00:46:23', '2024-10-24 00:46:23'),
(803, 23, '2024-10-24 20:13:04', '2024-10-24 20:13:04'),
(804, 15, '2024-10-25 17:21:16', '2024-10-25 17:21:16'),
(805, 39, '2024-10-25 21:01:19', '2024-10-25 21:01:19'),
(806, 15, '2024-10-26 19:09:14', '2024-10-26 19:09:14'),
(807, 15, '2024-10-26 19:10:07', '2024-10-26 19:10:07'),
(808, 15, '2024-10-29 00:20:31', '2024-10-29 00:20:31'),
(809, 22, '2024-10-29 02:42:39', '2024-10-29 02:42:39'),
(810, 53, '2024-10-30 00:56:51', '2024-10-30 00:56:51'),
(811, 29, '2024-10-31 00:34:22', '2024-10-31 00:34:22'),
(811, 44, '2024-10-31 00:34:22', '2024-10-31 00:34:22'),
(812, 44, '2024-10-31 18:20:31', '2024-10-31 18:20:31'),
(813, 46, '2024-10-31 18:20:18', '2024-10-31 18:20:18'),
(814, 44, '2024-10-31 18:21:31', '2024-10-31 18:21:31'),
(815, 16, '2024-10-31 18:24:23', '2024-10-31 18:24:23'),
(816, 23, '2024-10-31 18:25:14', '2024-10-31 18:25:14'),
(817, 53, '2024-10-31 21:00:16', '2024-10-31 21:00:16'),
(818, 21, '2024-11-02 17:16:32', '2024-11-02 17:16:32'),
(818, 22, '2024-11-02 17:16:32', '2024-11-02 17:16:32'),
(819, 15, '2024-11-05 19:57:25', '2024-11-05 19:57:25'),
(820, 15, '2024-11-07 17:09:55', '2024-11-07 17:09:55'),
(821, 17, '2024-11-08 01:00:41', '2024-11-08 01:00:41'),
(822, 15, '2024-11-08 19:43:15', '2024-11-08 19:43:15'),
(823, 15, '2024-11-09 18:20:58', '2024-11-09 18:20:58'),
(824, 18, '2024-11-09 19:22:37', '2024-11-09 19:22:37'),
(825, 28, '2024-11-09 19:25:24', '2024-11-09 19:25:24'),
(826, 16, '2024-11-11 16:36:37', '2024-11-11 16:36:37');

-- --------------------------------------------------------

--
-- Estructura de tabla para la tabla `imagenes_equipos_taller`
--

CREATE TABLE `imagenes_equipos_taller` (
  `num_orden` bigint(20) UNSIGNED NOT NULL,
  `nombre_archivo` varchar(15) NOT NULL,
  `created_at` timestamp NULL DEFAULT NULL,
  `updated_at` timestamp NULL DEFAULT NULL
) ENGINE=InnoDB DEFAULT CHARSET=utf8mb4 COLLATE=utf8mb4_unicode_ci;

--
-- Volcado de datos para la tabla `imagenes_equipos_taller`
--

INSERT INTO `imagenes_equipos_taller` (`num_orden`, `nombre_archivo`, `created_at`, `updated_at`) VALUES
(122, '122ER1eRcBf.jpg', '2024-01-25 02:25:58', '2024-01-25 02:25:58'),
(123, '123YQwH3EIx.jpg', '2024-01-25 02:27:31', '2024-01-25 02:27:31'),
(127, '127W7Ut9nxe.jpg', '2024-01-25 10:48:05', '2024-01-25 10:48:05'),
(155, '155ycfrU4Yd.jpg', '2024-01-28 01:08:46', '2024-01-28 01:08:46'),
(213, '213ThHhfPjz.jpg', '2024-02-21 19:19:02', '2024-02-21 19:19:02');

-- --------------------------------------------------------

--
-- Estructura de tabla para la tabla `inventario_movimientos`
--

CREATE TABLE `inventario_movimientos` (
  `id` bigint(20) UNSIGNED NOT NULL,
  `id_tipo_movimiento` bigint(20) UNSIGNED NOT NULL,
  `codigo_producto` varchar(20) NOT NULL,
  `existencia_anterior` int(11) NOT NULL,
  `existencia_movimiento` int(11) NOT NULL,
  `existencia_minima_anterior` int(11) NOT NULL,
  `existencia_minima_movimiento` int(11) NOT NULL,
  `precio_costo_anterior` decimal(8,2) NOT NULL,
  `precio_costo_movimiento` decimal(8,2) NOT NULL,
  `precio_venta_anterior` decimal(8,2) NOT NULL,
  `precio_venta_movimiento` decimal(8,2) NOT NULL,
  `precio_mayoreo_anterior` decimal(8,2) NOT NULL,
  `precio_mayoreo_movimiento` decimal(8,2) NOT NULL,
  `created_at` timestamp NULL DEFAULT NULL,
  `updated_at` timestamp NULL DEFAULT NULL,
  `id_usuario_movimiento` bigint(20) UNSIGNED DEFAULT NULL
) ENGINE=InnoDB DEFAULT CHARSET=utf8mb4 COLLATE=utf8mb4_unicode_ci;

--
-- Volcado de datos para la tabla `inventario_movimientos`
--

INSERT INTO `inventario_movimientos` (`id`, `id_tipo_movimiento`, `codigo_producto`, `existencia_anterior`, `existencia_movimiento`, `existencia_minima_anterior`, `existencia_minima_movimiento`, `precio_costo_anterior`, `precio_costo_movimiento`, `precio_venta_anterior`, `precio_venta_movimiento`, `precio_mayoreo_anterior`, `precio_mayoreo_movimiento`, `created_at`, `updated_at`, `id_usuario_movimiento`) VALUES
(1, 1, '3X20', 0, 50, 0, 10, 0.00, 20.00, 0.00, 20.00, 0.00, 0.00, '2024-03-11 18:14:21', '2024-03-11 18:14:21', NULL),
(2, 1, '102', 0, 100, 0, 20, 0.00, 1.00, 0.00, 1.00, 0.00, 0.00, '2024-03-11 18:15:35', '2024-03-11 18:15:35', NULL),
(3, 1, 'carpetacarta', 0, 20, 0, 10, 0.00, 2.00, 0.00, 4.00, 0.00, 0.00, '2024-03-11 18:25:32', '2024-03-11 18:25:32', NULL),
(4, 1, 'ETIQUETA', 0, 81, 0, 10, 0.00, 3.00, 0.00, 7.00, 0.00, 0.00, '2024-03-11 19:26:20', '2024-03-11 19:26:20', NULL),
(5, 1, '101', 0, 0, 0, 0, 0.00, 0.00, 0.00, 5.00, 0.00, 0.00, '2024-03-11 19:27:19', '2024-03-11 19:27:19', NULL),
(6, 1, 'CARPETASOBRESMART', 0, 4, 0, 0, 0.00, 14.00, 0.00, 22.00, 0.00, 0.00, '2024-03-13 18:28:15', '2024-03-13 18:28:15', NULL),
(7, 1, 'PLASTICARONDANASMART', 0, 5, 0, 0, 0.00, 16.00, 0.00, 22.00, 0.00, 0.00, '2024-03-13 18:28:59', '2024-03-13 18:28:59', NULL),
(8, 1, '7506129430887', 0, 3, 0, 1, 0.00, 25.00, 0.00, 35.00, 0.00, 0.00, '2024-03-13 18:30:57', '2024-03-13 18:30:57', NULL),
(9, 1, '7872571423310', 0, 7, 0, 2, 0.00, 15.00, 0.00, 30.00, 0.00, 0.00, '2024-03-13 18:35:07', '2024-03-13 18:35:07', NULL),
(10, 1, '7502005875643', 0, 2, 0, 0, 0.00, 18.23, 0.00, 25.00, 0.00, 0.00, '2024-03-13 18:51:38', '2024-03-13 18:51:38', NULL),
(11, 1, 'HOJASDECOLORES', 0, 350, 0, 20, 0.00, 1.00, 0.00, 2.00, 0.00, 0.00, '2024-03-13 18:54:09', '2024-03-13 18:54:09', NULL),
(12, 1, 'BA\'RT001E', 0, 3, 0, 0, 0.00, 30.00, 0.00, 60.00, 0.00, 0.00, '2024-03-13 19:27:25', '2024-03-13 19:27:25', NULL),
(13, 1, 'PCKO27204', 0, 2, 0, 0, 0.00, 160.00, 0.00, 350.00, 0.00, 0.00, '2024-03-18 21:04:52', '2024-03-18 21:04:52', NULL),
(14, 1, '416332565835', 0, 1, 0, 0, 0.00, 100.00, 0.00, 250.00, 0.00, 0.00, '2024-04-04 18:47:25', '2024-04-04 18:47:25', NULL),
(15, 1, 'PIEDRASIPH11', 0, 1, 0, 0, 0.00, 120.00, 0.00, 250.00, 0.00, 0.00, '2024-04-04 18:49:22', '2024-04-04 18:49:22', NULL),
(16, 1, 'PIEDRASIPH12PRO', 0, 1, 0, 0, 0.00, 120.00, 0.00, 250.00, 0.00, 0.00, '2024-04-04 18:53:00', '2024-04-04 18:53:00', NULL),
(17, 1, 'PIEDRASIPH15', 0, 2, 0, 0, 0.00, 120.00, 0.00, 250.00, 0.00, 0.00, '2024-04-04 18:54:15', '2024-04-04 18:54:15', NULL),
(18, 1, 'PIEDRASIPH13', 0, 1, 0, 0, 0.00, 120.00, 0.00, 250.00, 0.00, 0.00, '2024-04-04 18:55:10', '2024-04-04 18:55:10', NULL),
(19, 1, 'SAMAZULA04E', 0, 1, 0, 0, 0.00, 120.00, 0.00, 150.00, 0.00, 0.00, '2024-04-04 18:59:36', '2024-04-04 18:59:36', NULL),
(20, 1, 'SAMROSAA04', 0, 1, 0, 0, 0.00, 120.00, 0.00, 15.00, 0.00, 0.00, '2024-04-04 19:00:43', '2024-04-04 19:00:43', NULL),
(21, 1, 'CORAZONESA15', 0, 1, 0, 0, 0.00, 120.00, 0.00, 150.00, 0.00, 0.00, '2024-04-04 19:02:13', '2024-04-04 19:02:13', NULL),
(22, 1, 'SILICONA15', 0, 1, 0, 0, 0.00, 60.00, 0.00, 150.00, 0.00, 0.00, '2024-04-04 19:04:33', '2024-04-04 19:04:33', NULL),
(23, 3, 'CORAZONESA15', 1, 1, 0, 0, 120.00, 100.00, 150.00, 250.00, 0.00, 0.00, '2024-04-04 19:05:34', '2024-04-04 19:05:34', NULL),
(24, 3, 'SAMAZULA04E', 1, 1, 0, 0, 120.00, 700.00, 150.00, 150.00, 0.00, 0.00, '2024-04-04 19:05:58', '2024-04-04 19:05:58', NULL),
(25, 3, 'SAMAZULA04E', 1, 1, 0, 0, 700.00, 70.00, 150.00, 150.00, 0.00, 0.00, '2024-04-04 19:06:05', '2024-04-04 19:06:05', NULL),
(26, 3, 'SAMROSAA04', 1, 1, 0, 0, 120.00, 70.00, 15.00, 15.00, 0.00, 0.00, '2024-04-04 19:06:13', '2024-04-04 19:06:13', NULL),
(27, 1, 'USRIPH11CRED', 0, 2, 0, 0, 0.00, 35.00, 0.00, 200.00, 0.00, 0.00, '2024-04-08 19:54:57', '2024-04-08 19:54:57', NULL),
(28, 1, 'USRIPH13CRED', 0, 1, 0, 0, 0.00, 35.00, 0.00, 200.00, 0.00, 0.00, '2024-04-08 19:55:31', '2024-04-08 19:55:31', NULL),
(29, 3, 'USRIPH11CRED', 2, 1, 0, 0, 35.00, 35.00, 200.00, 200.00, 0.00, 0.00, '2024-04-08 19:56:01', '2024-04-08 19:56:01', NULL),
(30, 1, 'USRIPH11CBLU', 0, 1, 0, 0, 0.00, 35.00, 0.00, 200.00, 0.00, 0.00, '2024-04-08 19:56:43', '2024-04-08 19:56:43', NULL),
(31, 1, 'USRIPH13CBLAC ', 0, 1, 0, 0, 0.00, 35.00, 0.00, 200.00, 0.00, 0.00, '2024-04-08 19:57:16', '2024-04-08 19:57:16', NULL),
(32, 1, 'USRIPH14CGREY', 0, 1, 0, 0, 0.00, 35.00, 0.00, 200.00, 0.00, 0.00, '2024-04-08 19:57:54', '2024-04-08 19:57:54', NULL),
(33, 1, 'USRIPH14CBLAC', 0, 2, 0, 0, 0.00, 35.00, 0.00, 200.00, 0.00, 0.00, '2024-04-08 19:58:28', '2024-04-08 19:58:28', NULL),
(34, 1, '20222', 0, 3, 0, 0, 0.00, 25.00, 0.00, 50.00, 0.00, 0.00, '2024-04-12 18:13:25', '2024-04-12 18:13:25', NULL),
(35, 1, '2307281721913', 0, 1, 0, 0, 0.00, 60.00, 0.00, 100.00, 0.00, 0.00, '2024-04-12 19:41:07', '2024-04-12 19:41:07', NULL),
(36, 1, '767982000762', 0, 2, 0, 0, 0.00, 15.00, 0.00, 25.00, 0.00, 0.00, '2024-05-01 17:59:14', '2024-05-01 17:59:14', NULL),
(37, 1, '787257132127', 0, 17, 0, 0, 0.00, 8.00, 0.00, 15.00, 0.00, 0.00, '2024-05-01 18:04:31', '2024-05-01 18:04:31', NULL),
(38, 1, '6970439606521', 0, 1, 0, 0, 0.00, 120.00, 0.00, 200.00, 0.00, 0.00, '2024-05-01 18:06:28', '2024-05-01 18:06:28', NULL),
(39, 1, '6970439606514', 0, 1, 0, 0, 0.00, 100.00, 0.00, 180.00, 0.00, 0.00, '2024-05-01 18:07:34', '2024-05-01 18:07:34', NULL),
(40, 1, '787257136019', 0, 11, 0, 0, 0.00, 16.00, 0.00, 30.00, 0.00, 0.00, '2024-05-01 18:34:52', '2024-05-01 18:34:52', NULL),
(41, 1, 'ROLLO AUTOCOP', 0, 6, 0, 0, 0.00, 10.00, 0.00, 15.00, 0.00, 0.00, '2024-05-01 19:06:08', '2024-05-01 19:06:08', NULL),
(42, 1, '6973281283070', 0, 1, 0, 0, 0.00, 350.00, 0.00, 450.00, 0.00, 0.00, '2024-05-01 19:10:40', '2024-05-01 19:10:40', NULL),
(43, 1, 'ROHS', 0, 1, 0, 0, 0.00, 50.00, 0.00, 150.00, 0.00, 0.00, '2024-05-08 19:18:12', '2024-05-08 19:18:12', NULL),
(44, 1, '9678142473313', 0, 1, 0, 0, 0.00, 50.00, 0.00, 300.00, 0.00, 0.00, '2024-05-08 19:19:34', '2024-05-08 19:19:34', NULL),
(45, 1, '28MVPGD0052935035', 0, 2, 0, 0, 0.00, 50.00, 0.00, 250.00, 0.00, 0.00, '2024-05-08 19:24:29', '2024-05-08 19:24:29', NULL),
(46, 1, 'MAGSAFEIPH14', 0, 1, 0, 0, 0.00, 104.00, 0.00, 250.00, 0.00, 0.00, '2024-05-10 18:28:36', '2024-05-10 18:28:36', NULL),
(47, 1, '590012327229', 0, 1, 0, 0, 0.00, 44.00, 0.00, 150.00, 0.00, 0.00, '2024-05-10 18:37:31', '2024-05-10 18:37:31', NULL),
(48, 1, '590012328059', 0, 1, 0, 0, 0.00, 84.00, 0.00, 200.00, 0.00, 0.00, '2024-05-10 18:45:24', '2024-05-10 18:45:24', NULL),
(49, 1, '2312023009020', 0, 1, 0, 0, 0.00, 80.00, 0.00, 200.00, 0.00, 0.00, '2024-05-10 18:49:23', '2024-05-10 18:49:23', NULL),
(50, 1, '590012328790', 0, 1, 0, 0, 0.00, 104.00, 0.00, 250.00, 0.00, 0.00, '2024-05-10 18:55:14', '2024-05-10 18:55:14', NULL),
(51, 1, '2311133002396', 0, 1, 0, 0, 0.00, 80.00, 0.00, 200.00, 0.00, 0.00, '2024-05-10 19:01:25', '2024-05-10 19:01:25', NULL),
(52, 1, '2312023009044', 0, 1, 0, 0, 0.00, 80.00, 0.00, 200.00, 0.00, 0.00, '2024-05-10 19:03:38', '2024-05-10 19:03:38', NULL),
(53, 1, '590012328338', 0, 1, 0, 0, 0.00, 64.00, 0.00, 150.00, 0.00, 0.00, '2024-05-10 19:06:51', '2024-05-10 19:06:51', NULL),
(54, 1, '590012328729', 0, 1, 0, 0, 0.00, 80.00, 0.00, 150.00, 0.00, 0.00, '2024-05-10 19:11:26', '2024-05-10 19:11:26', NULL),
(55, 1, '590012328557', 0, 1, 0, 0, 0.00, 104.00, 0.00, 250.00, 0.00, 0.00, '2024-05-10 19:13:33', '2024-05-10 19:13:33', NULL),
(56, 1, '2312123002112', 0, 1, 0, 0, 0.00, 94.00, 0.00, 250.00, 0.00, 0.00, '2024-05-10 19:16:16', '2024-05-10 19:16:16', NULL),
(57, 1, 'BLINDAJECASESMA05', 0, 1, 0, 0, 0.00, 49.00, 0.00, 150.00, 0.00, 0.00, '2024-05-10 19:37:30', '2024-05-10 19:37:30', NULL),
(58, 1, 'BLINDAJECASEA04E', 0, 1, 0, 0, 0.00, 49.00, 0.00, 150.00, 0.00, 0.00, '2024-05-10 19:39:33', '2024-05-10 19:39:33', NULL),
(59, 1, 'BLINDAJECASEA04/A04S', 0, 1, 0, 0, 0.00, 49.00, 0.00, 150.00, 0.00, 0.00, '2024-05-10 19:41:19', '2024-05-10 19:41:19', NULL),
(60, 1, 'BLINDAJECASEA25 5G', 0, 1, 0, 0, 0.00, 49.00, 0.00, 150.00, 0.00, 0.00, '2024-05-10 19:43:48', '2024-05-10 19:43:48', NULL),
(61, 1, 'BLINDAJECASEA05S', 0, 1, 0, 0, 0.00, 49.00, 0.00, 150.00, 0.00, 0.00, '2024-05-10 19:44:40', '2024-05-10 19:44:40', NULL),
(62, 1, '590012328821', 0, 0, 0, 0, 0.00, 94.00, 0.00, 250.00, 0.00, 0.00, '2024-05-10 20:00:56', '2024-05-10 20:00:56', NULL),
(63, 1, 'SWAROVSKIIPH15PRO', 0, 1, 0, 0, 0.00, 94.00, 0.00, 250.00, 0.00, 0.00, '2024-05-10 20:02:27', '2024-05-10 20:02:27', NULL),
(64, 1, '590012328748', 0, 1, 0, 0, 0.00, 90.00, 0.00, 250.00, 0.00, 0.00, '2024-05-10 20:05:24', '2024-05-10 20:05:24', NULL),
(65, 1, '590012328727', 0, 1, 0, 0, 0.00, 104.00, 0.00, 250.00, 0.00, 0.00, '2024-05-10 20:06:41', '2024-05-10 20:06:41', NULL),
(66, 1, '590012328512', 0, 1, 0, 0, 0.00, 49.00, 0.00, 150.00, 0.00, 0.00, '2024-05-10 20:08:39', '2024-05-10 20:08:39', NULL),
(67, 1, '590012328564', 0, 1, 0, 0, 0.00, 104.00, 0.00, 250.00, 0.00, 0.00, '2024-05-10 20:11:02', '2024-05-10 20:11:02', NULL),
(68, 1, 'GUESSIPH13PM', 0, 1, 0, 0, 0.00, 110.00, 0.00, 250.00, 0.00, 0.00, '2024-05-10 20:12:58', '2024-05-10 20:12:58', NULL),
(69, 1, 'GUESSIPH12/12PRO', 0, 2, 0, 0, 0.00, 110.00, 0.00, 250.00, 0.00, 0.00, '2024-05-10 20:14:24', '2024-05-10 20:14:24', NULL),
(70, 1, 'GUESSIPH14', 0, 2, 0, 0, 0.00, 110.00, 0.00, 250.00, 0.00, 0.00, '2024-05-10 20:15:08', '2024-05-10 20:15:08', NULL),
(71, 1, 'USORUDO9T', 0, 1, 0, 0, 0.00, 43.00, 0.00, 150.00, 0.00, 0.00, '2024-05-10 20:30:41', '2024-05-10 20:30:41', NULL),
(72, 1, 'USORUDOZTEBLADEA71', 0, 1, 0, 0, 0.00, 43.00, 0.00, 150.00, 0.00, 0.00, '2024-05-10 20:31:15', '2024-05-10 20:31:15', NULL),
(73, 1, '7618', 0, 1, 0, 0, 0.00, 20.00, 0.00, 150.00, 0.00, 0.00, '2024-05-13 19:55:29', '2024-05-13 19:55:29', NULL),
(74, 3, '7618', 1, 1, 0, 0, 20.00, 49.00, 150.00, 150.00, 0.00, 0.00, '2024-05-13 19:57:25', '2024-05-13 19:57:25', NULL),
(75, 1, '6943497407294', 0, 7, 0, 0, 0.00, 10.00, 0.00, 15.00, 0.00, 0.00, '2024-05-13 19:59:08', '2024-05-13 19:59:08', NULL),
(76, 1, 'LIBRETA PERSONAJES', 0, 4, 0, 0, 0.00, 25.00, 0.00, 35.00, 0.00, 0.00, '2024-05-13 20:04:57', '2024-05-13 20:04:57', NULL),
(77, 1, 'LIB CH BIKER', 0, 2, 0, 0, 0.00, 15.00, 0.00, 25.00, 0.00, 0.00, '2024-05-13 20:05:53', '2024-05-13 20:05:53', NULL),
(78, 1, 'EAR\'110BT', 0, 1, 0, 0, 0.00, 200.00, 0.00, 300.00, 0.00, 0.00, '2024-05-13 20:09:22', '2024-05-13 20:09:22', NULL),
(79, 1, '6925281968679', 0, 1, 0, 0, 0.00, 240.00, 0.00, 350.00, 0.00, 0.00, '2024-05-13 20:11:00', '2024-05-13 20:11:00', NULL),
(80, 1, 'OPA78HOLDER', 0, 1, 0, 0, 0.00, 100.00, 0.00, 250.00, 0.00, 0.00, '2024-05-21 20:59:36', '2024-05-21 20:59:36', NULL),
(81, 1, '6474947589', 0, 1, 0, 0, 0.00, 80.00, 0.00, 150.00, 0.00, 0.00, '2024-05-22 00:18:20', '2024-05-22 00:18:20', NULL),
(82, 1, '6384849174', 0, 1, 0, 0, 0.00, 70.00, 0.00, 150.00, 0.00, 0.00, '2024-05-22 00:28:47', '2024-05-22 00:28:47', NULL),
(83, 1, '96047462528', 0, 1, 0, 0, 0.00, 70.00, 0.00, 150.00, 0.00, 0.00, '2024-05-22 00:33:03', '2024-05-22 00:33:03', NULL),
(84, 1, '55584235865746', 0, 1, 0, 0, 0.00, 70.00, 0.00, 150.00, 0.00, 0.00, '2024-05-22 00:38:40', '2024-05-22 00:38:40', NULL),
(85, 1, '66485869779753', 0, 1, 0, 0, 0.00, 70.00, 0.00, 150.00, 0.00, 0.00, '2024-05-22 00:41:48', '2024-05-22 00:41:48', NULL),
(86, 1, '7557463534', 0, 1, 0, 0, 0.00, 70.00, 0.00, 200.00, 0.00, 0.00, '2024-05-22 00:45:57', '2024-05-22 00:45:57', NULL),
(87, 1, '687575857', 0, 1, 0, 0, 0.00, 100.00, 0.00, 250.00, 0.00, 0.00, '2024-05-22 01:01:56', '2024-05-22 01:01:56', NULL),
(88, 1, '5557878089909', 0, 1, 0, 0, 0.00, 100.00, 0.00, 200.00, 0.00, 0.00, '2024-05-22 01:04:54', '2024-05-22 01:04:54', NULL),
(89, 1, '47475748597', 0, 1, 0, 0, 0.00, 100.00, 0.00, 200.00, 0.00, 0.00, '2024-05-22 01:12:08', '2024-05-22 01:12:08', NULL),
(90, 1, '555588846364', 0, 1, 0, 0, 0.00, 100.00, 0.00, 200.00, 0.00, 0.00, '2024-05-22 01:14:23', '2024-05-22 01:14:23', NULL),
(91, 1, '85947394759', 0, 1, 0, 0, 0.00, 100.00, 0.00, 200.00, 0.00, 0.00, '2024-05-22 01:16:29', '2024-05-22 01:16:29', NULL),
(92, 1, '4783527586969746', 0, 1, 0, 0, 0.00, 100.00, 0.00, 200.00, 0.00, 0.00, '2024-05-22 18:34:26', '2024-05-22 18:34:26', NULL),
(93, 1, '571738123444', 0, 1, 0, 0, 0.00, 150.00, 0.00, 250.00, 0.00, 0.00, '2024-05-22 19:00:03', '2024-05-22 19:00:03', NULL),
(94, 1, 'A05S7553768', 0, 1, 0, 0, 0.00, 50.00, 0.00, 150.00, 0.00, 0.00, '2024-05-22 19:03:16', '2024-05-22 19:03:16', NULL),
(95, 1, 'A057462748', 0, 1, 0, 0, 0.00, 50.00, 0.00, 150.00, 0.00, 0.00, '2024-05-22 19:05:44', '2024-05-22 19:05:44', NULL),
(96, 1, 'J259PR1M3748', 0, 1, 0, 0, 0.00, 50.00, 0.00, 150.00, 0.00, 0.00, '2024-05-22 19:11:47', '2024-05-22 19:11:47', NULL),
(97, 3, 'J259PR1M3748', 1, 2, 0, 0, 50.00, 50.00, 150.00, 150.00, 0.00, 0.00, '2024-05-22 19:20:53', '2024-05-22 19:20:53', NULL),
(98, 1, 'J25307857', 0, 3, 0, 0, 0.00, 50.00, 0.00, 150.00, 0.00, 0.00, '2024-05-22 19:38:24', '2024-05-22 19:38:24', NULL),
(99, 1, 'J753464524', 0, 1, 0, 0, 0.00, 50.00, 0.00, 150.00, 0.00, 0.00, '2024-05-22 19:43:35', '2024-05-22 19:43:35', NULL),
(100, 1, 'J45869000', 0, 1, 0, 0, 0.00, 50.00, 0.00, 150.00, 0.00, 0.00, '2024-05-23 19:21:19', '2024-05-23 19:21:19', NULL),
(101, 1, '74758589900', 0, 1, 0, 0, 0.00, 40.00, 0.00, 70.00, 0.00, 0.00, '2024-05-23 19:25:11', '2024-05-23 19:25:11', NULL),
(102, 1, 'G4000707559', 0, 1, 0, 0, 0.00, 40.00, 0.00, 70.00, 0.00, 0.00, '2024-05-23 19:27:15', '2024-05-23 19:27:15', NULL),
(103, 1, 'J8201875869', 0, 1, 0, 0, 0.00, 40.00, 0.00, 70.00, 0.00, 0.00, '2024-05-23 19:29:41', '2024-05-23 19:29:41', NULL),
(104, 3, 'J8201875869', 1, 1, 0, 0, 40.00, 50.00, 70.00, 150.00, 0.00, 0.00, '2024-05-23 19:30:20', '2024-05-23 19:30:20', NULL),
(105, 1, 'M070C758598', 0, 1, 0, 0, 0.00, 400.00, 0.00, 100.00, 0.00, 0.00, '2024-05-23 19:32:44', '2024-05-23 19:32:44', NULL),
(106, 1, 'LG7483795', 0, 1, 0, 0, 0.00, 20.00, 0.00, 70.00, 0.00, 0.00, '2024-05-23 19:44:47', '2024-05-23 19:44:47', NULL),
(107, 1, 'MT0N364848', 0, 1, 0, 0, 0.00, 50.00, 0.00, 150.00, 0.00, 0.00, '2024-05-23 19:48:47', '2024-05-23 19:48:47', NULL),
(108, 1, 'HWP9LI374949', 0, 1, 0, 0, 0.00, 50.00, 0.00, 150.00, 0.00, 0.00, '2024-05-23 19:49:56', '2024-05-23 19:49:56', NULL),
(109, 1, 'G97472578', 0, 2, 0, 0, 0.00, 100.00, 0.00, 200.00, 0.00, 0.00, '2024-05-23 19:54:01', '2024-05-23 19:54:01', NULL),
(110, 1, 'G9674768', 0, 1, 0, 0, 0.00, 50.00, 0.00, 150.00, 0.00, 0.00, '2024-05-23 19:56:34', '2024-05-23 19:56:34', NULL),
(111, 1, 'S22325675', 0, 2, 0, 0, 0.00, 50.00, 0.00, 150.00, 0.00, 0.00, '2024-05-23 20:01:04', '2024-05-23 20:01:04', NULL),
(112, 1, 'C22324657', 0, 1, 0, 0, 0.00, 100.00, 0.00, 200.00, 0.00, 0.00, '2024-05-23 20:04:38', '2024-05-23 20:04:38', NULL),
(113, 1, 'G10205666', 0, 2, 0, 0, 0.00, 100.00, 0.00, 250.00, 0.00, 0.00, '2024-05-23 20:09:34', '2024-05-23 20:09:34', NULL),
(114, 1, 'G1020307778', 0, 1, 0, 0, 0.00, 50.00, 0.00, 150.00, 0.00, 0.00, '2024-05-23 20:13:06', '2024-05-23 20:13:06', NULL),
(115, 1, 'M102030436', 0, 1, 0, 0, 0.00, 150.00, 0.00, 250.00, 0.00, 0.00, '2024-05-23 20:15:44', '2024-05-23 20:15:44', NULL),
(116, 1, 'E20513040', 0, 1, 0, 0, 0.00, 100.00, 0.00, 200.00, 0.00, 0.00, '2024-05-23 20:19:19', '2024-05-23 20:19:19', NULL),
(117, 1, 'PL20513040', 0, 1, 0, 0, 0.00, 100.00, 0.00, 200.00, 0.00, 0.00, '2024-05-23 20:23:09', '2024-05-23 20:23:09', NULL),
(118, 1, 'TR20513040', 0, 1, 0, 0, 0.00, 100.00, 0.00, 200.00, 0.00, 0.00, '2024-05-23 20:25:20', '2024-05-23 20:25:20', NULL),
(119, 1, 'E2222164657', 0, 1, 0, 0, 0.00, 150.00, 0.00, 250.00, 0.00, 0.00, '2024-05-23 20:31:03', '2024-05-23 20:31:03', NULL),
(120, 1, 'E22221000', 0, 1, 0, 0, 0.00, 100.00, 0.00, 200.00, 0.00, 0.00, '2024-05-23 20:33:03', '2024-05-23 20:33:03', NULL),
(121, 1, 'E22221644321', 0, 1, 0, 0, 0.00, 500.00, 0.00, 150.00, 0.00, 0.00, '2024-05-23 20:35:25', '2024-05-23 20:35:25', NULL),
(122, 1, 'E222215558', 0, 1, 0, 0, 0.00, 100.00, 0.00, 200.00, 0.00, 0.00, '2024-05-23 20:37:06', '2024-05-23 20:37:06', NULL),
(123, 1, 'E222219900', 0, 1, 0, 0, 0.00, 50.00, 0.00, 150.00, 0.00, 0.00, '2024-05-23 20:38:06', '2024-05-23 20:38:06', NULL),
(124, 1, 'E13999001', 0, 2, 0, 0, 0.00, 100.00, 0.00, 200.00, 0.00, 0.00, '2024-05-23 20:41:29', '2024-05-23 20:41:29', NULL),
(125, 1, 'E13010190', 0, 1, 0, 0, 0.00, 100.00, 0.00, 200.00, 0.00, 0.00, '2024-05-23 20:46:44', '2024-05-23 20:46:44', NULL),
(126, 1, 'E1353456', 0, 1, 0, 0, 0.00, 50.00, 0.00, 150.00, 0.00, 0.00, '2024-05-23 20:49:11', '2024-05-23 20:49:11', NULL),
(127, 1, 'E1345653', 0, 1, 0, 0, 0.00, 150.00, 0.00, 250.00, 0.00, 0.00, '2024-05-23 20:50:55', '2024-05-23 20:50:55', NULL),
(128, 1, 'G791478', 0, 1, 0, 0, 0.00, 50.00, 0.00, 150.00, 0.00, 0.00, '2024-05-23 20:57:36', '2024-05-23 20:57:36', NULL),
(129, 1, 'E654445', 0, 2, 0, 0, 0.00, 50.00, 0.00, 150.00, 0.00, 0.00, '2024-05-23 21:01:47', '2024-05-23 21:01:47', NULL),
(130, 1, 'E667899', 0, 4, 0, 0, 0.00, 50.00, 0.00, 150.00, 0.00, 0.00, '2024-05-23 21:07:26', '2024-05-23 21:07:26', NULL),
(131, 1, 'G8043215', 0, 1, 0, 0, 0.00, 50.00, 0.00, 150.00, 0.00, 0.00, '2024-05-24 00:12:28', '2024-05-24 00:12:28', NULL),
(132, 1, 'ME66897', 0, 1, 0, 0, 0.00, 50.00, 0.00, 150.00, 0.00, 0.00, '2024-05-24 00:15:10', '2024-05-24 00:15:10', NULL),
(133, 1, 'ME6501010', 0, 1, 0, 0, 0.00, 150.00, 0.00, 250.00, 0.00, 0.00, '2024-05-24 00:20:57', '2024-05-24 00:20:57', NULL),
(134, 1, 'G71012304', 0, 1, 0, 0, 0.00, 100.00, 0.00, 200.00, 0.00, 0.00, '2024-05-24 00:30:43', '2024-05-24 00:30:43', NULL),
(135, 1, 'G777790', 0, 1, 0, 0, 0.00, 100.00, 0.00, 200.00, 0.00, 0.00, '2024-05-24 00:34:34', '2024-05-24 00:34:34', NULL),
(136, 1, 'G7151110', 0, 1, 0, 0, 0.00, 50.00, 0.00, 150.00, 0.00, 0.00, '2024-05-24 00:36:07', '2024-05-24 00:36:07', NULL),
(137, 1, 'G71908076', 0, 1, 0, 0, 0.00, 100.00, 0.00, 200.00, 0.00, 0.00, '2024-05-24 00:37:00', '2024-05-24 00:37:00', NULL),
(138, 1, 'G8454877664', 0, 1, 0, 0, 0.00, 150.00, 0.00, 250.00, 0.00, 0.00, '2024-05-24 00:41:06', '2024-05-24 00:41:06', NULL),
(139, 1, 'G3154877670', 0, 1, 0, 0, 0.00, 50.00, 0.00, 150.00, 0.00, 0.00, '2024-05-24 00:42:51', '2024-05-24 00:42:51', NULL),
(140, 1, 'G718877664', 0, 1, 0, 0, 0.00, 150.00, 0.00, 250.00, 0.00, 0.00, '2024-05-24 00:43:29', '2024-05-24 00:43:29', NULL),
(141, 1, 'G9914700', 0, 2, 0, 0, 0.00, 50.00, 0.00, 150.00, 0.00, 0.00, '2024-05-24 00:47:10', '2024-05-24 00:47:10', NULL),
(142, 1, 'G7214700', 0, 1, 0, 0, 0.00, 150.00, 0.00, 250.00, 0.00, 0.00, '2024-05-24 00:49:30', '2024-05-24 00:49:30', NULL),
(143, 1, 'G72101010', 0, 3, 0, 0, 0.00, 100.00, 0.00, 200.00, 0.00, 0.00, '2024-05-24 00:50:56', '2024-05-24 00:50:56', NULL),
(144, 1, 'G505G79', 0, 1, 0, 0, 0.00, 100.00, 0.00, 200.00, 0.00, 0.00, '2024-05-24 00:55:05', '2024-05-24 00:55:05', NULL),
(145, 1, 'G505G77', 0, 1, 0, 0, 0.00, 50.00, 0.00, 150.00, 0.00, 0.00, '2024-05-24 00:55:38', '2024-05-24 00:55:38', NULL),
(146, 1, 'G505G80', 0, 1, 0, 0, 0.00, 150.00, 0.00, 250.00, 0.00, 0.00, '2024-05-24 00:58:17', '2024-05-24 00:58:17', NULL),
(147, 1, 'G5282936', 0, 1, 0, 0, 0.00, 50.00, 0.00, 150.00, 0.00, 0.00, '2024-05-24 18:06:51', '2024-05-24 18:06:51', NULL),
(148, 1, 'G5282934', 0, 1, 0, 0, 0.00, 100.00, 0.00, 200.00, 0.00, 0.00, '2024-05-24 18:08:14', '2024-05-24 18:08:14', NULL),
(149, 1, 'G5282930', 0, 1, 0, 0, 0.00, 150.00, 0.00, 250.00, 0.00, 0.00, '2024-05-24 18:09:36', '2024-05-24 18:09:36', NULL),
(150, 1, 'G5282932', 0, 1, 0, 0, 0.00, 50.00, 0.00, 150.00, 0.00, 0.00, '2024-05-24 18:12:01', '2024-05-24 18:12:01', NULL),
(151, 1, 'G528290', 0, 1, 0, 0, 0.00, 150.00, 0.00, 250.00, 0.00, 0.00, '2024-05-24 18:12:56', '2024-05-24 18:12:56', NULL),
(152, 1, 'G528291', 0, 2, 0, 0, 0.00, 100.00, 0.00, 200.00, 0.00, 0.00, '2024-05-24 18:16:03', '2024-05-24 18:16:03', NULL),
(153, 1, 'G528289', 0, 1, 0, 0, 0.00, 100.00, 0.00, 200.00, 0.00, 0.00, '2024-05-24 18:17:34', '2024-05-24 18:17:34', NULL),
(154, 1, 'A0458', 0, 1, 0, 0, 0.00, 150.00, 0.00, 250.00, 0.00, 0.00, '2024-05-24 18:37:36', '2024-05-24 18:37:36', NULL),
(155, 1, 'A0456', 0, 1, 0, 0, 0.00, 100.00, 0.00, 200.00, 0.00, 0.00, '2024-05-24 18:39:09', '2024-05-24 18:39:09', NULL),
(156, 3, 'SAMAZULA04E', 1, 0, 0, 0, 70.00, 70.00, 150.00, 150.00, 0.00, 0.00, '2024-05-24 18:45:38', '2024-05-24 18:45:38', NULL),
(157, 3, 'SAMAZULA04E', 0, 0, 0, 0, 70.00, 70.00, 150.00, 150.00, 0.00, 0.00, '2024-05-24 18:45:45', '2024-05-24 18:45:45', NULL),
(158, 3, 'SAMROSAA04', 1, 0, 0, 0, 70.00, 70.00, 15.00, 15.00, 0.00, 0.00, '2024-05-24 18:46:12', '2024-05-24 18:46:12', NULL),
(159, 3, 'BLINDAJECASEA04E', 1, 0, 0, 0, 49.00, 49.00, 150.00, 150.00, 0.00, 0.00, '2024-05-24 18:46:38', '2024-05-24 18:46:38', NULL),
(160, 3, 'BLINDAJECASEA04/A04S', 1, 0, 0, 0, 49.00, 49.00, 150.00, 150.00, 0.00, 0.00, '2024-05-24 18:46:44', '2024-05-24 18:46:44', NULL),
(161, 3, '4783527586969746', 1, 0, 0, 0, 100.00, 100.00, 200.00, 200.00, 0.00, 0.00, '2024-05-24 18:46:54', '2024-05-24 18:46:54', NULL),
(162, 1, 'A0457', 0, 1, 0, 0, 0.00, 150.00, 0.00, 250.00, 0.00, 0.00, '2024-05-24 18:48:03', '2024-05-24 18:48:03', NULL),
(163, 1, 'A0455', 0, 1, 0, 0, 0.00, 100.00, 0.00, 200.00, 0.00, 0.00, '2024-05-24 18:48:38', '2024-05-24 18:48:38', NULL),
(164, 1, 'A0459', 0, 1, 0, 0, 0.00, 50.00, 0.00, 150.00, 0.00, 0.00, '2024-05-24 19:26:37', '2024-05-24 19:26:37', NULL),
(165, 1, 'A0460', 0, 1, 0, 0, 0.00, 100.00, 0.00, 200.00, 0.00, 0.00, '2024-05-24 19:31:05', '2024-05-24 19:31:05', NULL),
(166, 1, 'A04611', 0, 1, 0, 0, 0.00, 50.00, 0.00, 150.00, 0.00, 0.00, '2024-05-24 19:34:24', '2024-05-24 19:34:24', NULL),
(167, 1, 'A04623', 0, 1, 0, 0, 0.00, 100.00, 0.00, 200.00, 0.00, 0.00, '2024-05-24 19:37:31', '2024-05-24 19:37:31', NULL),
(168, 1, 'A04E567', 0, 1, 0, 0, 0.00, 50.00, 0.00, 150.00, 0.00, 0.00, '2024-05-24 19:43:35', '2024-05-24 19:43:35', NULL),
(169, 3, 'BLINDAJECASESMA05', 1, 0, 0, 0, 49.00, 49.00, 150.00, 150.00, 0.00, 0.00, '2024-05-24 19:49:33', '2024-05-24 19:49:33', NULL),
(170, 3, 'BLINDAJECASEA05S', 1, 0, 0, 0, 49.00, 49.00, 150.00, 150.00, 0.00, 0.00, '2024-05-24 19:49:41', '2024-05-24 19:49:41', NULL),
(171, 3, 'BLINDAJECASEA25 5G', 1, 0, 0, 0, 49.00, 49.00, 150.00, 150.00, 0.00, 0.00, '2024-05-24 19:49:49', '2024-05-24 19:49:49', NULL),
(172, 1, 'A04E568', 0, 1, 0, 0, 0.00, 50.00, 0.00, 150.00, 0.00, 0.00, '2024-05-24 19:51:42', '2024-05-24 19:51:42', NULL),
(173, 1, 'A04E577', 0, 1, 0, 0, 0.00, 50.00, 0.00, 150.00, 0.00, 0.00, '2024-05-24 20:05:34', '2024-05-24 20:05:34', NULL),
(174, 1, 'A0345098', 0, 5, 0, 0, 0.00, 50.00, 0.00, 150.00, 0.00, 0.00, '2024-05-27 18:37:48', '2024-05-27 18:37:48', NULL),
(175, 1, 'A0333300', 0, 2, 0, 0, 0.00, 150.00, 0.00, 250.00, 0.00, 0.00, '2024-05-27 18:45:44', '2024-05-27 18:45:44', NULL),
(176, 3, 'A0345098', 5, 6, 0, 0, 50.00, 50.00, 150.00, 150.00, 0.00, 0.00, '2024-05-27 18:52:39', '2024-05-27 18:52:39', NULL),
(177, 1, 'A03164', 0, 1, 0, 0, 0.00, 150.00, 0.00, 250.00, 0.00, 0.00, '2024-05-27 18:58:32', '2024-05-27 18:58:32', NULL),
(178, 1, 'A04S19980', 0, 1, 0, 0, 0.00, 150.00, 0.00, 250.00, 0.00, 0.00, '2024-05-27 20:41:06', '2024-05-27 20:41:06', NULL),
(179, 1, 'A045145', 0, 1, 0, 0, 0.00, 100.00, 0.00, 200.00, 0.00, 0.00, '2024-05-27 20:44:31', '2024-05-27 20:44:31', NULL),
(180, 1, 'A04E122233', 0, 2, 0, 0, 0.00, 150.00, 0.00, 250.00, 0.00, 0.00, '2024-05-27 20:46:07', '2024-05-27 20:46:07', NULL),
(181, 3, 'A057462748', 1, 1, 0, 0, 50.00, 50.00, 150.00, 150.00, 0.00, 0.00, '2024-05-27 20:59:35', '2024-05-27 20:59:35', NULL),
(182, 1, 'A05578', 0, 3, 0, 0, 0.00, 100.00, 0.00, 200.00, 0.00, 0.00, '2024-05-27 21:05:05', '2024-05-27 21:05:05', NULL),
(183, 1, 'OP160101', 0, 1, 0, 0, 0.00, 100.00, 0.00, 200.00, 0.00, 0.00, '2024-05-28 00:27:24', '2024-05-28 00:27:24', NULL),
(184, 1, 'OP15789', 0, 1, 0, 0, 0.00, 100.00, 0.00, 200.00, 0.00, 0.00, '2024-05-28 00:33:29', '2024-05-28 00:33:29', NULL),
(185, 1, 'OP15790', 0, 1, 0, 0, 0.00, 50.00, 0.00, 150.00, 0.00, 0.00, '2024-05-28 00:35:35', '2024-05-28 00:35:35', NULL),
(186, 1, 'OP17440', 0, 1, 0, 0, 0.00, 100.00, 0.00, 200.00, 0.00, 0.00, '2024-05-28 00:41:30', '2024-05-28 00:41:30', NULL),
(187, 1, 'OP174501', 0, 1, 0, 0, 0.00, 50.00, 0.00, 150.00, 0.00, 0.00, '2024-05-28 01:32:14', '2024-05-28 01:32:14', NULL),
(188, 1, 'OP173411', 0, 1, 0, 0, 0.00, 150.00, 0.00, 250.00, 0.00, 0.00, '2024-05-28 01:38:42', '2024-05-28 01:38:42', NULL),
(189, 1, 'reno7', 0, 1, 0, 0, 0.00, 150.00, 0.00, 250.00, 0.00, 0.00, '2024-05-28 18:08:49', '2024-05-28 18:08:49', NULL),
(190, 1, 'OP6784G', 0, 1, 0, 0, 0.00, 100.00, 0.00, 200.00, 0.00, 0.00, '2024-05-28 18:12:53', '2024-05-28 18:12:53', NULL),
(191, 1, 'OPR30511', 0, 1, 0, 0, 0.00, 100.00, 0.00, 200.00, 0.00, 0.00, '2024-05-28 18:15:39', '2024-05-28 18:15:39', NULL),
(192, 1, 'OPA57774', 0, 1, 0, 0, 0.00, 50.00, 0.00, 150.00, 0.00, 0.00, '2024-05-28 18:19:41', '2024-05-28 18:19:41', NULL),
(193, 1, 'OPR74GL', 0, 1, 0, 0, 0.00, 50.00, 0.00, 150.00, 0.00, 0.00, '2024-05-28 18:22:11', '2024-05-28 18:22:11', NULL),
(194, 1, 'OPA57B14', 0, 1, 0, 0, 0.00, 100.00, 0.00, 200.00, 0.00, 0.00, '2024-05-28 18:23:39', '2024-05-28 18:23:39', NULL),
(195, 1, 'OPR3105GF', 0, 1, 0, 0, 0.00, 150.00, 0.00, 250.00, 0.00, 0.00, '2024-05-28 18:33:18', '2024-05-28 18:33:18', NULL),
(196, 1, 'OPR3105GA5', 0, 1, 0, 0, 0.00, 50.00, 0.00, 150.00, 0.00, 0.00, '2024-05-28 18:38:43', '2024-05-28 18:38:43', NULL),
(197, 1, 'OPA535N', 0, 1, 0, 0, 0.00, 50.00, 0.00, 150.00, 0.00, 0.00, '2024-05-28 18:43:50', '2024-05-28 18:43:50', NULL),
(198, 1, 'OPA54T', 0, 1, 0, 0, 0.00, 100.00, 0.00, 200.00, 0.00, 0.00, '2024-05-28 18:45:15', '2024-05-28 18:45:15', NULL),
(199, 1, 'BCA054G', 0, 1, 0, 0, 0.00, 50.00, 0.00, 150.00, 0.00, 0.00, '2024-05-28 18:57:34', '2024-05-28 18:57:34', NULL),
(200, 1, 'J2R0101', 0, 1, 0, 0, 0.00, 100.00, 0.00, 200.00, 0.00, 0.00, '2024-05-28 19:16:54', '2024-05-28 19:16:54', NULL),
(201, 1, 'J7P1333', 0, 1, 0, 0, 0.00, 50.00, 0.00, 150.00, 0.00, 0.00, '2024-05-28 19:26:41', '2024-05-28 19:26:41', NULL),
(202, 1, 'J72015', 0, 1, 0, 0, 0.00, 50.00, 0.00, 150.00, 0.00, 0.00, '2024-05-28 20:06:34', '2024-05-28 20:06:34', NULL),
(203, 1, 'Y62018', 0, 1, 0, 0, 0.00, 50.00, 0.00, 150.00, 0.00, 0.00, '2024-05-28 20:17:04', '2024-05-28 20:17:04', NULL),
(204, 1, '54J82018', 0, 1, 0, 0, 0.00, 50.00, 0.00, 150.00, 0.00, 0.00, '2024-05-28 20:20:28', '2024-05-28 20:20:28', NULL),
(205, 1, 'G6060520', 0, 1, 0, 0, 0.00, 150.00, 0.00, 250.00, 0.00, 0.00, '2024-05-29 00:06:34', '2024-05-29 00:06:34', NULL),
(206, 1, 'G6060517', 0, 1, 0, 0, 0.00, 50.00, 0.00, 150.00, 0.00, 0.00, '2024-05-29 00:11:11', '2024-05-29 00:11:11', NULL),
(207, 1, 'G6060514', 0, 1, 0, 0, 0.00, 100.00, 0.00, 200.00, 0.00, 0.00, '2024-05-29 00:14:38', '2024-05-29 00:14:38', NULL),
(208, 1, 'G6060516', 0, 2, 0, 0, 0.00, 100.00, 0.00, 200.00, 0.00, 0.00, '2024-05-29 00:15:20', '2024-05-29 00:15:20', NULL),
(209, 1, 'G6060513', 0, 1, 0, 0, 0.00, 50.00, 0.00, 150.00, 0.00, 0.00, '2024-05-29 00:15:57', '2024-05-29 00:15:57', NULL),
(210, 1, 'G6060521', 0, 1, 0, 0, 0.00, 100.00, 0.00, 200.00, 0.00, 0.00, '2024-05-29 00:16:57', '2024-05-29 00:16:57', NULL),
(211, 1, 'SMA128790', 0, 3, 0, 0, 0.00, 150.00, 0.00, 250.00, 0.00, 0.00, '2024-05-29 00:55:56', '2024-05-29 00:55:56', NULL),
(212, 1, 'SMA12R010', 0, 1, 0, 0, 0.00, 50.00, 0.00, 150.00, 0.00, 0.00, '2024-05-29 00:59:09', '2024-05-29 00:59:09', NULL),
(213, 1, 'SMA12R054', 0, 1, 0, 0, 0.00, 150.00, 0.00, 250.00, 0.00, 0.00, '2024-05-29 01:03:52', '2024-05-29 01:03:52', NULL),
(214, 1, 'SMA1238R0', 0, 1, 0, 0, 0.00, 100.00, 0.00, 200.00, 0.00, 0.00, '2024-05-29 01:05:35', '2024-05-29 01:05:35', NULL),
(215, 1, 'SMA134700', 0, 1, 0, 0, 0.00, 100.00, 0.00, 200.00, 0.00, 0.00, '2024-05-29 01:09:19', '2024-05-29 01:09:19', NULL),
(216, 1, 'SMA105M10S', 0, 1, 0, 0, 0.00, 50.00, 0.00, 150.00, 0.00, 0.00, '2024-05-29 01:13:31', '2024-05-29 01:13:31', NULL),
(217, 1, 'A13900', 0, 1, 0, 0, 0.00, 50.00, 0.00, 150.00, 0.00, 0.00, '2024-05-29 17:52:31', '2024-05-29 17:52:31', NULL),
(218, 1, 'A13456', 0, 1, 0, 0, 0.00, 100.00, 0.00, 200.00, 0.00, 0.00, '2024-05-29 17:53:10', '2024-05-29 17:53:10', NULL),
(219, 1, 'A11000', 0, 2, 0, 0, 0.00, 50.00, 0.00, 150.00, 0.00, 0.00, '2024-05-29 17:54:11', '2024-05-29 17:54:11', NULL),
(220, 1, 'A13809', 0, 1, 0, 0, 0.00, 100.00, 0.00, 200.00, 0.00, 0.00, '2024-05-29 17:54:51', '2024-05-29 17:54:51', NULL),
(221, 1, 'A14584', 0, 1, 0, 0, 0.00, 100.00, 0.00, 200.00, 0.00, 0.00, '2024-05-29 18:23:23', '2024-05-29 18:23:23', NULL),
(222, 1, 'A14C456', 0, 1, 0, 0, 0.00, 100.00, 0.00, 200.00, 0.00, 0.00, '2024-05-29 18:41:35', '2024-05-29 18:41:35', NULL),
(223, 1, 'A14E147', 0, 1, 0, 0, 0.00, 100.00, 0.00, 200.00, 0.00, 0.00, '2024-05-29 18:44:09', '2024-05-29 18:44:09', NULL),
(224, 1, 'A14R900', 0, 1, 0, 0, 0.00, 100.00, 0.00, 200.00, 0.00, 0.00, '2024-05-29 18:44:44', '2024-05-29 18:44:44', NULL),
(225, 1, 'A14B47', 0, 1, 0, 0, 0.00, 100.00, 0.00, 200.00, 0.00, 0.00, '2024-05-29 18:47:00', '2024-05-29 18:47:00', NULL),
(226, 1, 'A14R0549', 0, 1, 0, 0, 0.00, 150.00, 0.00, 250.00, 0.00, 0.00, '2024-05-29 18:49:30', '2024-05-29 18:49:30', NULL),
(227, 1, 'A155C044', 0, 1, 0, 0, 0.00, 150.00, 0.00, 250.00, 0.00, 0.00, '2024-05-29 18:52:31', '2024-05-29 18:52:31', NULL),
(228, 1, 'A21590', 0, 1, 0, 0, 0.00, 50.00, 0.00, 150.00, 0.00, 0.00, '2024-05-29 19:10:58', '2024-05-29 19:10:58', NULL),
(229, 1, 'A20204', 0, 1, 0, 0, 0.00, 100.00, 0.00, 200.00, 0.00, 0.00, '2024-05-29 19:13:01', '2024-05-29 19:13:01', NULL),
(230, 1, 'A21591', 0, 2, 0, 0, 0.00, 50.00, 0.00, 150.00, 0.00, 0.00, '2024-05-29 19:14:45', '2024-05-29 19:14:45', NULL),
(231, 1, 'A215901', 0, 2, 0, 0, 0.00, 100.00, 0.00, 200.00, 0.00, 0.00, '2024-05-29 19:20:03', '2024-05-29 19:20:03', NULL),
(232, 1, 'A215R00', 0, 1, 0, 0, 0.00, 50.00, 0.00, 150.00, 0.00, 0.00, '2024-05-29 19:23:12', '2024-05-29 19:23:12', NULL),
(233, 1, 'A5030R00', 0, 1, 0, 0, 0.00, 50.00, 0.00, 150.00, 0.00, 0.00, '2024-05-29 19:26:06', '2024-05-29 19:26:06', NULL),
(234, 1, 'A305001', 0, 1, 0, 0, 0.00, 50.00, 0.00, 150.00, 0.00, 0.00, '2024-05-29 19:40:04', '2024-05-29 19:40:04', NULL),
(235, 1, 'A255G300', 0, 1, 0, 0, 0.00, 50.00, 0.00, 150.00, 0.00, 0.00, '2024-05-30 16:51:15', '2024-05-30 16:51:15', NULL),
(236, 1, '123456a2425', 0, 1, 0, 0, 0.00, 150.00, 0.00, 250.00, 0.00, 0.00, '2024-05-30 19:04:50', '2024-05-30 19:04:50', NULL),
(237, 1, 'A24250901', 0, 1, 0, 0, 0.00, 100.00, 0.00, 200.00, 0.00, 0.00, '2024-05-30 19:15:01', '2024-05-30 19:15:01', NULL),
(238, 1, 'a24r', 0, 1, 0, 0, 0.00, 50.00, 0.00, 150.00, 0.00, 0.00, '2024-05-30 19:20:22', '2024-05-30 19:20:22', NULL),
(239, 1, 'A244543', 0, 1, 0, 0, 0.00, 150.00, 0.00, 250.00, 0.00, 0.00, '2024-05-30 19:28:27', '2024-05-30 19:28:27', NULL),
(240, 1, 'A144098', 0, 2, 0, 0, 0.00, 100.00, 0.00, 200.00, 0.00, 0.00, '2024-05-30 19:31:38', '2024-05-30 19:31:38', NULL),
(241, 1, 'A15041', 0, 1, 0, 0, 0.00, 100.00, 0.00, 200.00, 0.00, 0.00, '2024-05-30 19:39:07', '2024-05-30 19:39:07', NULL),
(242, 1, 'A225G900', 0, 1, 0, 0, 0.00, 150.00, 0.00, 250.00, 0.00, 0.00, '2024-05-30 19:45:14', '2024-05-30 19:45:14', NULL),
(243, 1, 'A2259056', 0, 1, 0, 0, 0.00, 100.00, 0.00, 200.00, 0.00, 0.00, '2024-05-30 19:46:46', '2024-05-30 19:46:46', NULL),
(244, 1, 'A2259157', 0, 1, 0, 0, 0.00, 150.00, 0.00, 250.00, 0.00, 0.00, '2024-05-30 19:50:37', '2024-05-30 19:50:37', NULL),
(245, 1, 'A2259258', 0, 1, 0, 0, 0.00, 150.00, 0.00, 250.00, 0.00, 0.00, '2024-05-30 19:51:08', '2024-05-30 19:51:08', NULL),
(246, 1, 'A224678', 0, 1, 0, 0, 0.00, 150.00, 0.00, 250.00, 0.00, 0.00, '2024-05-30 20:11:23', '2024-05-30 20:11:23', NULL),
(247, 1, 'A255693', 0, 1, 0, 0, 0.00, 50.00, 0.00, 150.00, 0.00, 0.00, '2024-05-30 20:25:51', '2024-05-30 20:25:51', NULL),
(248, 1, 'A255591', 0, 1, 0, 0, 0.00, 100.00, 0.00, 200.00, 0.00, 0.00, '2024-05-30 20:26:32', '2024-05-30 20:26:32', NULL),
(249, 3, 'A24250901', 1, 2, 0, 0, 100.00, 100.00, 200.00, 200.00, 0.00, 0.00, '2024-05-30 20:27:14', '2024-05-30 20:27:14', NULL),
(250, 1, 'A32R5158', 0, 2, 0, 0, 0.00, 65.00, 0.00, 150.00, 0.00, 0.00, '2024-05-30 20:44:56', '2024-05-30 20:44:56', NULL),
(251, 1, 'A315768', 0, 1, 0, 0, 0.00, 50.00, 0.00, 150.00, 0.00, 0.00, '2024-05-30 20:45:50', '2024-05-30 20:45:50', NULL),
(252, 1, 'A325390', 0, 1, 0, 0, 0.00, 100.00, 0.00, 200.00, 0.00, 0.00, '2024-05-30 20:46:50', '2024-05-30 20:46:50', NULL),
(253, 1, 'A3251267', 0, 1, 0, 0, 0.00, 150.00, 0.00, 250.00, 0.00, 0.00, '2024-05-30 20:47:46', '2024-05-30 20:47:46', NULL),
(254, 1, 'A324634', 0, 1, 0, 0, 0.00, 100.00, 0.00, 200.00, 0.00, 0.00, '2024-05-30 20:54:29', '2024-05-30 20:54:29', NULL),
(255, 1, 'A34A1110', 0, 2, 0, 0, 0.00, 100.00, 0.00, 200.00, 0.00, 0.00, '2024-05-31 00:27:26', '2024-05-31 00:27:26', NULL),
(256, 1, 'A3457890', 0, 3, 0, 0, 0.00, 100.00, 0.00, 200.00, 0.00, 0.00, '2024-05-31 00:28:42', '2024-05-31 00:28:42', NULL),
(257, 1, 'A34844813', 0, 1, 0, 0, 0.00, 150.00, 0.00, 250.00, 0.00, 0.00, '2024-05-31 00:29:15', '2024-05-31 00:29:15', NULL),
(258, 1, 'A3458091', 0, 1, 0, 0, 0.00, 100.00, 0.00, 200.00, 0.00, 0.00, '2024-05-31 00:29:45', '2024-05-31 00:29:45', NULL),
(259, 1, 'A34H3110', 0, 1, 0, 0, 0.00, 150.00, 0.00, 250.00, 0.00, 0.00, '2024-05-31 00:30:37', '2024-05-31 00:30:37', NULL),
(260, 1, 'A3458393', 0, 1, 0, 0, 0.00, 100.00, 0.00, 200.00, 0.00, 0.00, '2024-05-31 00:36:58', '2024-05-31 00:36:58', NULL),
(261, 1, 'A34C8657', 0, 1, 0, 0, 0.00, 100.00, 0.00, 200.00, 0.00, 0.00, '2024-05-31 00:39:36', '2024-05-31 00:39:36', NULL),
(262, 1, 'A3458292', 0, 1, 0, 0, 0.00, 50.00, 0.00, 150.00, 0.00, 0.00, '2024-05-31 00:40:20', '2024-05-31 00:40:20', NULL),
(263, 1, 'A51755086', 0, 1, 0, 0, 0.00, 50.00, 0.00, 150.00, 0.00, 0.00, '2024-05-31 00:46:07', '2024-05-31 00:46:07', NULL),
(264, 1, 'A51755187', 0, 1, 0, 0, 0.00, 150.00, 0.00, 250.00, 0.00, 0.00, '2024-05-31 00:47:12', '2024-05-31 00:47:12', NULL),
(265, 1, 'D153A52', 0, 3, 0, 0, 0.00, 150.00, 0.00, 250.00, 0.00, 0.00, '2024-05-31 01:17:40', '2024-05-31 01:17:40', NULL),
(266, 1, 'A528748', 0, 1, 0, 0, 0.00, 150.00, 0.00, 250.00, 0.00, 0.00, '2024-05-31 01:18:40', '2024-05-31 01:18:40', NULL),
(267, 1, 'A52R054', 0, 1, 0, 0, 0.00, 50.00, 0.00, 150.00, 0.00, 0.00, '2024-05-31 01:19:45', '2024-05-31 01:19:45', NULL),
(268, 1, 'A5236890', 0, 1, 0, 0, 0.00, 100.00, 0.00, 220.00, 0.00, 0.00, '2024-05-31 01:20:32', '2024-05-31 01:20:32', NULL),
(269, 1, 'A537489', 0, 1, 0, 0, 0.00, 100.00, 0.00, 200.00, 0.00, 0.00, '2024-05-31 01:49:48', '2024-05-31 01:49:48', NULL),
(270, 1, 'A53647', 0, 1, 0, 0, 0.00, 150.00, 0.00, 250.00, 0.00, 0.00, '2024-05-31 01:50:33', '2024-05-31 01:50:33', NULL),
(271, 1, 'A534110', 0, 2, 0, 0, 0.00, 100.00, 0.00, 200.00, 0.00, 0.00, '2024-05-31 01:57:07', '2024-05-31 01:57:07', NULL),
(272, 1, '5A54T', 0, 1, 0, 0, 0.00, 100.00, 0.00, 200.00, 0.00, 0.00, '2024-05-31 17:22:00', '2024-05-31 17:22:00', NULL),
(273, 1, '5A54311', 0, 2, 0, 0, 0.00, 100.00, 0.00, 200.00, 0.00, 0.00, '2024-05-31 17:26:01', '2024-05-31 17:26:01', NULL),
(274, 1, '4D4454', 0, 1, 0, 0, 0.00, 100.00, 0.00, 200.00, 0.00, 0.00, '2024-05-31 17:30:36', '2024-05-31 17:30:36', NULL),
(275, 1, 'A54R054', 0, 1, 0, 0, 0.00, 50.00, 0.00, 150.00, 0.00, 0.00, '2024-05-31 17:31:48', '2024-05-31 17:31:48', NULL),
(276, 1, 'A545P1D3', 0, 1, 0, 0, 0.00, 100.00, 0.00, 200.00, 0.00, 0.00, '2024-05-31 17:35:41', '2024-05-31 17:35:41', NULL),
(277, 1, 'A023058', 0, 1, 0, 0, 0.00, 100.00, 0.00, 200.00, 0.00, 0.00, '2024-05-31 17:47:54', '2024-05-31 17:47:54', NULL),
(278, 1, 'A023159', 0, 1, 0, 0, 0.00, 100.00, 0.00, 200.00, 0.00, 0.00, '2024-05-31 17:48:31', '2024-05-31 17:48:31', NULL),
(279, 1, 'A022957', 0, 1, 0, 0, 0.00, 50.00, 0.00, 150.00, 0.00, 0.00, '2024-05-31 17:49:03', '2024-05-31 17:49:03', NULL),
(280, 1, 'A03502567', 0, 1, 0, 0, 0.00, 50.00, 0.00, 150.00, 0.00, 0.00, '2024-05-31 18:35:45', '2024-05-31 18:35:45', NULL),
(281, 1, 'A03502668', 0, 1, 0, 0, 0.00, 50.00, 0.00, 150.00, 0.00, 0.00, '2024-05-31 18:53:07', '2024-05-31 18:53:07', NULL),
(282, 1, 'A035647', 0, 1, 0, 0, 0.00, 100.00, 0.00, 200.00, 0.00, 0.00, '2024-05-31 18:53:57', '2024-05-31 18:53:57', NULL),
(283, 1, 'A03C083', 0, 1, 0, 0, 0.00, 150.00, 0.00, 250.00, 0.00, 0.00, '2024-05-31 18:54:34', '2024-05-31 18:54:34', NULL),
(284, 1, 'A035748', 0, 1, 0, 0, 0.00, 100.00, 0.00, 200.00, 0.00, 0.00, '2024-05-31 19:08:31', '2024-05-31 19:08:31', NULL),
(285, 1, 'A0551114', 0, 1, 0, 0, 0.00, 65.00, 0.00, 200.00, 0.00, 0.00, '2024-06-03 18:29:44', '2024-06-03 18:29:44', NULL),
(286, 1, 'A2425758', 0, 1, 0, 0, 0.00, 45.00, 0.00, 150.00, 0.00, 0.00, '2024-06-03 18:42:01', '2024-06-03 18:42:01', NULL),
(287, 3, 'A05578', 3, 4, 0, 0, 100.00, 100.00, 200.00, 200.00, 0.00, 0.00, '2024-06-03 18:43:36', '2024-06-03 18:43:36', NULL),
(288, 1, 'E76586', 0, 1, 0, 0, 0.00, 50.00, 0.00, 150.00, 0.00, 0.00, '2024-06-03 18:44:20', '2024-06-03 18:44:20', NULL),
(289, 1, 'A158599', 0, 2, 0, 0, 0.00, 80.00, 0.00, 250.00, 0.00, 0.00, '2024-06-03 18:45:50', '2024-06-03 18:45:50', NULL),
(290, 1, 'C50A11870', 0, 1, 0, 0, 0.00, 50.00, 0.00, 200.00, 0.00, 0.00, '2024-06-04 00:26:51', '2024-06-04 00:26:51', NULL),
(291, 1, 'C50A1769', 0, 1, 0, 0, 0.00, 50.00, 0.00, 200.00, 0.00, 0.00, '2024-06-04 00:27:26', '2024-06-04 00:27:26', NULL),
(292, 1, 'SA04045', 0, 1, 0, 0, 0.00, 50.00, 0.00, 150.00, 0.00, 0.00, '2024-06-04 00:35:41', '2024-06-04 00:35:41', NULL),
(293, 1, 'SA05555', 0, 1, 0, 0, 0.00, 50.00, 0.00, 150.00, 0.00, 0.00, '2024-06-04 00:36:12', '2024-06-04 00:36:12', NULL),
(294, 1, 'M0706466', 0, 1, 0, 0, 0.00, 50.00, 0.00, 150.00, 0.00, 0.00, '2024-06-04 00:48:48', '2024-06-04 00:48:48', NULL),
(295, 1, 'M07034', 0, 2, 0, 0, 0.00, 30.00, 0.00, 70.00, 0.00, 0.00, '2024-06-04 00:49:39', '2024-06-04 00:49:39', NULL),
(296, 1, '7502237963583', 0, 2, 0, 0, 0.00, 15.00, 0.00, 25.00, 0.00, 0.00, '2024-06-04 00:52:12', '2024-06-04 00:52:12', NULL),
(297, 1, '041540007432', 0, 3, 0, 0, 0.00, 100.00, 0.00, 15.00, 0.00, 0.00, '2024-06-04 00:53:42', '2024-06-04 00:53:42', NULL),
(298, 1, '446688', 0, 2, 0, 0, 0.00, 10.00, 0.00, 25.00, 0.00, 0.00, '2024-06-04 01:10:48', '2024-06-04 01:10:48', NULL),
(299, 1, 'T64866356', 0, 1, 0, 0, 0.00, 15.00, 0.00, 30.00, 0.00, 0.00, '2024-06-04 01:17:09', '2024-06-04 01:17:09', NULL),
(300, 1, 'HC38', 0, 2, 0, 0, 0.00, 15.00, 0.00, 25.00, 0.00, 0.00, '2024-06-04 01:21:34', '2024-06-04 01:21:34', NULL),
(301, 1, '7501014650012', 0, 1, 0, 0, 0.00, 20.00, 0.00, 30.00, 0.00, 0.00, '2024-06-04 01:25:14', '2024-06-04 01:25:14', NULL),
(302, 1, '7501428712917', 0, 2, 0, 0, 0.00, 200.00, 0.00, 30.00, 0.00, 0.00, '2024-06-04 17:43:58', '2024-06-04 17:43:58', NULL),
(303, 1, '886112670122', 0, 1, 0, 0, 0.00, 2000.00, 0.00, 300.00, 0.00, 0.00, '2024-06-04 17:45:20', '2024-06-04 17:45:20', NULL),
(304, 1, 'B2202210', 0, 1, 0, 0, 0.00, 15.00, 0.00, 35.00, 0.00, 0.00, '2024-06-04 17:52:35', '2024-06-04 17:52:35', NULL),
(305, 1, '7586', 0, 2, 0, 0, 0.00, 5.00, 0.00, 10.00, 0.00, 0.00, '2024-06-04 18:02:41', '2024-06-04 18:02:41', NULL),
(306, 1, 'Y707193', 0, 1, 0, 0, 0.00, 50.00, 0.00, 150.00, 0.00, 0.00, '2024-06-04 18:14:33', '2024-06-04 18:14:33', NULL),
(307, 1, 'Y707092', 0, 1, 0, 0, 0.00, 50.00, 0.00, 150.00, 0.00, 0.00, '2024-06-04 18:15:06', '2024-06-04 18:15:06', NULL),
(308, 1, 'P306789', 0, 1, 0, 0, 0.00, 100.00, 0.00, 200.00, 0.00, 0.00, '2024-06-04 18:15:41', '2024-06-04 18:15:41', NULL),
(309, 1, 'P206991', 0, 1, 0, 0, 0.00, 50.00, 0.00, 150.00, 0.00, 0.00, '2024-06-04 18:16:35', '2024-06-04 18:16:35', NULL),
(310, 1, 'P306890', 0, 1, 0, 0, 0.00, 50.00, 0.00, 150.00, 0.00, 0.00, '2024-06-04 18:17:43', '2024-06-04 18:17:43', NULL),
(311, 1, 'Y99606', 0, 1, 0, 0, 0.00, 1000.00, 0.00, 200.00, 0.00, 0.00, '2024-06-04 18:35:50', '2024-06-04 18:35:50', NULL),
(312, 1, 'Y99505', 0, 1, 0, 0, 0.00, 100.00, 0.00, 200.00, 0.00, 0.00, '2024-06-04 18:36:18', '2024-06-04 18:36:18', NULL),
(313, 1, 'Y99808', 0, 1, 0, 0, 0.00, 100.00, 0.00, 200.00, 0.00, 0.00, '2024-06-04 18:36:58', '2024-06-04 18:36:58', NULL),
(314, 1, 'Y99909', 0, 1, 0, 0, 0.00, 100.00, 0.00, 200.00, 0.00, 0.00, '2024-06-04 18:38:17', '2024-06-04 18:38:17', NULL),
(315, 1, 'Y99707', 0, 1, 0, 0, 0.00, 100.00, 0.00, 200.00, 0.00, 0.00, '2024-06-04 18:38:58', '2024-06-04 18:38:58', NULL),
(316, 1, 'N01045', 0, 1, 0, 0, 0.00, 50.00, 0.00, 150.00, 0.00, 0.00, '2024-06-04 18:55:14', '2024-06-04 18:55:14', NULL),
(317, 1, 'N044647', 0, 1, 0, 0, 0.00, 100.00, 0.00, 200.00, 0.00, 0.00, '2024-06-04 18:55:55', '2024-06-04 18:55:55', NULL),
(318, 1, 'N04953', 0, 1, 0, 0, 0.00, 100.00, 0.00, 200.00, 0.00, 0.00, '2024-06-04 19:00:09', '2024-06-04 19:00:09', NULL),
(319, 1, 'N05367', 0, 1, 0, 0, 0.00, 50.00, 0.00, 150.00, 0.00, 0.00, '2024-06-04 19:01:15', '2024-06-04 19:01:15', NULL),
(320, 3, 'N044647', 0, 1, 0, 0, 100.00, 100.00, 200.00, 200.00, 0.00, 0.00, '2024-06-04 19:02:21', '2024-06-04 19:02:21', NULL),
(321, 1, 'H085X8', 0, 1, 0, 0, 0.00, 50.00, 0.00, 150.00, 0.00, 0.00, '2024-06-04 19:12:03', '2024-06-04 19:12:03', NULL),
(322, 1, 'H000X8', 0, 1, 0, 0, 0.00, 100.00, 0.00, 200.00, 0.00, 0.00, '2024-06-04 19:12:42', '2024-06-04 19:12:42', NULL),
(323, 1, 'C12950', 0, 1, 0, 0, 0.00, 100.00, 0.00, 200.00, 0.00, 0.00, '2024-06-04 19:47:03', '2024-06-04 19:47:03', NULL),
(324, 1, 'C13051', 0, 1, 0, 0, 0.00, 100.00, 0.00, 200.00, 0.00, 0.00, '2024-06-04 19:47:39', '2024-06-04 19:47:39', NULL),
(325, 1, 'C12849', 0, 1, 0, 0, 0.00, 100.00, 0.00, 200.00, 0.00, 0.00, '2024-06-04 19:48:35', '2024-06-04 19:48:35', NULL),
(326, 1, 'C121155', 0, 1, 0, 0, 0.00, 100.00, 0.00, 200.00, 0.00, 0.00, '2024-06-04 19:49:11', '2024-06-04 19:49:11', NULL),
(327, 1, 'C12748', 0, 3, 0, 0, 0.00, 50.00, 0.00, 150.00, 0.00, 0.00, '2024-06-04 19:51:21', '2024-06-04 19:51:21', NULL),
(328, 1, 'N012579', 0, 1, 0, 0, 0.00, 100.00, 0.00, 200.00, 0.00, 0.00, '2024-06-04 20:09:31', '2024-06-04 20:09:31', NULL),
(329, 1, 'N012680', 0, 2, 0, 0, 0.00, 150.00, 0.00, 250.00, 0.00, 0.00, '2024-06-04 20:10:04', '2024-06-04 20:10:04', NULL),
(330, 1, 'N012478', 0, 2, 0, 0, 0.00, 50.00, 0.00, 150.00, 0.00, 0.00, '2024-06-04 20:10:51', '2024-06-04 20:10:51', NULL),
(331, 1, 'N1248090', 0, 1, 0, 0, 0.00, 100.00, 0.00, 200.00, 0.00, 0.00, '2024-06-04 20:34:49', '2024-06-04 20:34:49', NULL),
(332, 1, 'N1247989', 0, 1, 0, 0, 0.00, 150.00, 0.00, 250.00, 0.00, 0.00, '2024-06-04 20:36:38', '2024-06-04 20:36:38', NULL),
(333, 1, 'N1247888', 0, 1, 0, 0, 0.00, 50.00, 0.00, 150.00, 0.00, 0.00, '2024-06-04 20:37:50', '2024-06-04 20:37:50', NULL),
(334, 1, 'NG1247686', 0, 3, 0, 0, 0.00, 100.00, 0.00, 200.00, 0.00, 0.00, '2024-06-04 20:39:08', '2024-06-04 20:39:08', NULL),
(335, 1, 'NG1247585', 0, 2, 0, 0, 0.00, 100.00, 0.00, 200.00, 0.00, 0.00, '2024-06-04 20:40:01', '2024-06-04 20:40:01', NULL),
(336, 1, '64220', 0, 1, 0, 0, 0.00, 150.00, 0.00, 300.00, 0.00, 0.00, '2024-06-05 00:49:02', '2024-06-05 00:49:02', NULL),
(337, 1, '65330', 0, 4, 0, 0, 0.00, 100.00, 0.00, 200.00, 0.00, 0.00, '2024-06-05 00:53:05', '2024-06-05 00:53:05', NULL),
(338, 3, '85947394759', 0, 1, 0, 0, 100.00, 100.00, 200.00, 200.00, 0.00, 0.00, '2024-06-05 00:55:48', '2024-06-05 00:55:48', NULL),
(339, 1, '66440', 0, 4, 0, 0, 0.00, 80.00, 0.00, 180.00, 0.00, 0.00, '2024-06-05 01:02:39', '2024-06-05 01:02:39', NULL),
(340, 1, 'N116061', 0, 1, 0, 0, 0.00, 100.00, 0.00, 200.00, 0.00, 0.00, '2024-06-05 17:53:08', '2024-06-05 17:53:08', NULL),
(341, 1, 'N115960', 0, 1, 0, 0, 0.00, 150.00, 0.00, 250.00, 0.00, 0.00, '2024-06-05 17:53:42', '2024-06-05 17:53:42', NULL),
(342, 1, 'N115758', 0, 1, 0, 0, 0.00, 100.00, 0.00, 200.00, 0.00, 0.00, '2024-06-05 17:54:30', '2024-06-05 17:54:30', NULL),
(343, 1, 'N115859', 0, 2, 0, 0, 0.00, 50.00, 0.00, 150.00, 0.00, 0.00, '2024-06-05 17:55:02', '2024-06-05 17:55:02', NULL),
(344, 1, 'N116263', 0, 1, 0, 0, 0.00, 100.00, 0.00, 200.00, 0.00, 0.00, '2024-06-05 18:00:55', '2024-06-05 18:00:55', NULL),
(345, 1, 'N116162', 0, 1, 0, 0, 0.00, 150.00, 0.00, 250.00, 0.00, 0.00, '2024-06-05 18:01:31', '2024-06-05 18:01:31', NULL),
(346, 1, 'X1075965', 0, 1, 0, 0, 0.00, 100.00, 0.00, 200.00, 0.00, 0.00, '2024-06-05 18:08:38', '2024-06-05 18:08:38', NULL),
(347, 1, 'X1075864', 0, 1, 0, 0, 0.00, 100.00, 0.00, 200.00, 0.00, 0.00, '2024-06-05 18:09:53', '2024-06-05 18:09:53', NULL),
(348, 1, 'N1036236', 0, 1, 0, 0, 0.00, 50.00, 0.00, 150.00, 0.00, 0.00, '2024-06-05 18:37:08', '2024-06-05 18:37:08', NULL),
(349, 1, 'N10389119', 0, 2, 0, 0, 0.00, 100.00, 0.00, 200.00, 0.00, 0.00, '2024-06-05 18:37:47', '2024-06-05 18:37:47', NULL),
(350, 1, 'N1036135', 0, 1, 0, 0, 0.00, 150.00, 0.00, 250.00, 0.00, 0.00, '2024-06-05 18:38:23', '2024-06-05 18:38:23', NULL),
(351, 1, 'R10105978', 0, 1, 0, 0, 0.00, 50.00, 0.00, 150.00, 0.00, 0.00, '2024-06-05 19:17:37', '2024-06-05 19:17:37', NULL),
(352, 1, 'R10105877', 0, 1, 0, 0, 0.00, 150.00, 0.00, 250.00, 0.00, 0.00, '2024-06-05 19:18:18', '2024-06-05 19:18:18', NULL),
(353, 1, 'R10105776', 0, 2, 0, 0, 0.00, 150.00, 0.00, 250.00, 0.00, 0.00, '2024-06-05 19:19:04', '2024-06-05 19:19:04', NULL),
(354, 1, 'R10105675', 0, 1, 0, 0, 0.00, 50.00, 0.00, 100.00, 0.00, 0.00, '2024-06-05 19:19:41', '2024-06-05 19:19:41', NULL),
(355, 1, '6950866021418', 0, 2, 0, 0, 0.00, 23.00, 0.00, 35.00, 0.00, 0.00, '2024-06-07 16:40:19', '2024-06-07 16:40:19', NULL),
(356, 1, '6946358012583', 0, 2, 0, 0, 0.00, 23.00, 0.00, 35.00, 0.00, 0.00, '2024-06-07 16:40:55', '2024-06-07 16:40:55', NULL),
(357, 1, 'R38486', 0, 1, 0, 0, 0.00, 25.00, 0.00, 40.00, 0.00, 0.00, '2024-06-07 16:41:34', '2024-06-07 16:41:34', NULL),
(358, 1, '7501147415045 ', 0, 2, 0, 0, 0.00, 23.00, 0.00, 35.00, 0.00, 0.00, '2024-06-07 16:42:59', '2024-06-07 16:42:59', NULL),
(359, 1, '7501147415021', 0, 1, 0, 0, 0.00, 10.00, 0.00, 20.00, 0.00, 0.00, '2024-06-07 16:43:33', '2024-06-07 16:43:33', NULL),
(360, 1, '4251822151210', 0, 1, 0, 0, 0.00, 23.00, 0.00, 35.00, 0.00, 0.00, '2024-06-07 16:44:03', '2024-06-07 16:44:03', NULL),
(361, 1, '7501147434114', 0, 1, 0, 0, 0.00, 25.00, 0.00, 40.00, 0.00, 0.00, '2024-06-07 16:44:36', '2024-06-07 16:44:36', NULL),
(362, 1, '6978989222123', 0, 2, 0, 0, 0.00, 25.00, 0.00, 50.00, 0.00, 0.00, '2024-06-07 16:45:59', '2024-06-07 16:45:59', NULL),
(363, 1, '6970037821609', 0, 1, 0, 0, 0.00, 25.00, 0.00, 50.00, 0.00, 0.00, '2024-06-07 16:53:55', '2024-06-07 16:53:55', NULL),
(364, 1, '071641063228', 0, 2, 0, 0, 0.00, 15.00, 0.00, 30.00, 0.00, 0.00, '2024-06-07 16:54:37', '2024-06-07 16:54:37', NULL),
(365, 1, '7501030667018', 0, 2, 0, 0, 0.00, 15.00, 0.00, 30.00, 0.00, 0.00, '2024-06-07 16:55:11', '2024-06-07 16:55:11', NULL),
(366, 1, 'N30467', 0, 17, 0, 0, 0.00, 15.00, 0.00, 25.00, 0.00, 0.00, '2024-06-07 17:01:38', '2024-06-07 17:01:38', NULL),
(367, 1, '6974766320686', 0, 9, 0, 0, 0.00, 5.00, 0.00, 15.00, 0.00, 0.00, '2024-06-07 17:09:43', '2024-06-07 17:09:43', NULL),
(368, 1, 'ZP\'0322', 0, 2, 0, 0, 0.00, 10.00, 0.00, 15.00, 0.00, 0.00, '2024-06-07 17:11:16', '2024-06-07 17:11:16', NULL),
(369, 1, '8821252556419', 0, 1, 0, 0, 0.00, 25.00, 0.00, 50.00, 0.00, 0.00, '2024-06-07 17:12:26', '2024-06-07 17:12:26', NULL),
(370, 1, '6972544691058', 0, 4, 0, 0, 0.00, 25.00, 0.00, 35.00, 0.00, 0.00, '2024-06-07 17:16:12', '2024-06-07 17:16:12', NULL),
(371, 1, '647484', 0, 2, 0, 0, 0.00, 15.00, 0.00, 30.00, 0.00, 0.00, '2024-06-07 17:20:01', '2024-06-07 17:20:01', NULL),
(372, 1, '7501939301006', 0, 1, 0, 0, 0.00, 100.00, 0.00, 200.00, 0.00, 0.00, '2024-06-07 18:35:59', '2024-06-07 18:35:59', NULL),
(373, 1, '7505969614006', 0, 2, 0, 0, 0.00, 20.00, 0.00, 50.00, 0.00, 0.00, '2024-06-07 18:36:38', '2024-06-07 18:36:38', NULL),
(374, 1, '590012327747', 0, 3, 0, 0, 0.00, 30.00, 0.00, 60.00, 0.00, 0.00, '2024-06-07 18:37:18', '2024-06-07 18:37:18', NULL),
(375, 1, '7505114881031', 0, 2, 0, 0, 0.00, 35.00, 0.00, 75.00, 0.00, 0.00, '2024-06-07 18:38:07', '2024-06-07 18:38:07', NULL),
(376, 1, '7503618111005', 0, 1, 0, 0, 0.00, 100.00, 0.00, 200.00, 0.00, 0.00, '2024-06-07 18:39:35', '2024-06-07 18:39:35', NULL),
(377, 1, '9999900', 0, 16, 0, 0, 0.00, 50.00, 0.00, 120.00, 0.00, 0.00, '2024-06-07 19:03:12', '2024-06-07 19:03:12', NULL),
(378, 1, 'D8686', 0, 40, 0, 0, 0.00, 3.00, 0.00, 10.00, 0.00, 0.00, '2024-06-10 18:50:50', '2024-06-10 18:50:50', NULL),
(379, 1, 'D7676', 0, 64, 0, 0, 0.00, 3.00, 0.00, 10.00, 0.00, 0.00, '2024-06-10 18:53:20', '2024-06-10 18:53:20', NULL),
(380, 1, '7501454510488', 0, 136, 0, 0, 0.00, 0.50, 0.00, 2.00, 0.00, 0.00, '2024-06-10 20:01:50', '2024-06-10 20:01:50', NULL),
(381, 1, '67488277', 0, 95, 0, 0, 0.00, 3.00, 0.00, 5.00, 0.00, 0.00, '2024-06-10 20:03:05', '2024-06-10 20:03:05', NULL),
(382, 1, 'MS\'2241BT', 0, 1, 0, 0, 0.00, 150.00, 0.00, 350.00, 0.00, 0.00, '2024-06-10 20:34:36', '2024-06-10 20:34:36', NULL),
(383, 1, 'YJ500002', 0, 1, 0, 0, 0.00, 200.00, 0.00, 380.00, 0.00, 0.00, '2024-06-10 20:53:10', '2024-06-10 20:53:10', NULL),
(384, 1, '6928396723102', 0, 1, 0, 0, 0.00, 150.00, 0.00, 300.00, 0.00, 0.00, '2024-06-10 20:57:24', '2024-06-10 20:57:24', NULL),
(385, 1, 'BS\'FX6690', 0, 1, 0, 0, 0.00, 150.00, 0.00, 350.00, 0.00, 0.00, '2024-06-10 21:01:51', '2024-06-10 21:01:51', NULL),
(386, 1, 'YM005000', 0, 1, 0, 0, 0.00, 250.00, 0.00, 350.00, 0.00, 0.00, '2024-06-11 00:17:50', '2024-06-11 00:17:50', NULL),
(387, 1, 'BT1657', 0, 1, 0, 0, 0.00, 150.00, 0.00, 280.00, 0.00, 0.00, '2024-06-11 00:53:26', '2024-06-11 00:53:26', NULL),
(388, 1, '8303175661741', 0, 1, 0, 0, 0.00, 100.00, 0.00, 200.00, 0.00, 0.00, '2024-06-11 18:24:54', '2024-06-11 18:24:54', NULL),
(389, 1, '8577111116729', 0, 1, 0, 0, 0.00, 800.00, 0.00, 180.00, 0.00, 0.00, '2024-06-11 18:28:55', '2024-06-11 18:28:55', NULL),
(390, 1, '6997788000022', 0, 1, 0, 0, 0.00, 150.00, 0.00, 250.00, 0.00, 0.00, '2024-06-11 18:51:34', '2024-06-11 18:51:34', NULL),
(391, 1, '475677', 0, 3, 0, 0, 0.00, 35.00, 0.00, 70.00, 0.00, 0.00, '2024-06-11 19:04:49', '2024-06-11 19:04:49', NULL),
(392, 1, '4664566', 0, 4, 0, 0, 0.00, 30.00, 0.00, 60.00, 0.00, 0.00, '2024-06-11 19:09:24', '2024-06-11 19:09:24', NULL),
(393, 1, '6987865430026', 0, 1, 0, 0, 0.00, 50.00, 0.00, 150.00, 0.00, 0.00, '2024-06-17 18:03:38', '2024-06-17 18:03:38', NULL),
(394, 1, 'LLAVEROS GDES', 0, 40, 0, 0, 0.00, 20.00, 0.00, 40.00, 0.00, 0.00, '2024-06-17 18:29:58', '2024-06-17 18:29:58', NULL),
(395, 3, 'R38486', 1, 3, 0, 0, 25.00, 25.00, 40.00, 40.00, 0.00, 0.00, '2024-06-17 18:39:27', '2024-06-17 18:39:27', NULL),
(396, 1, 'R667788', 0, 3, 0, 0, 0.00, 11.50, 0.00, 35.00, 0.00, 0.00, '2024-06-17 18:59:13', '2024-06-17 18:59:13', NULL),
(397, 1, '909088', 0, 3, 0, 0, 0.00, 8.00, 0.00, 20.00, 0.00, 0.00, '2024-06-17 19:42:04', '2024-06-17 19:42:04', NULL),
(398, 1, '7892104', 0, 2, 0, 0, 0.00, 80.00, 0.00, 200.00, 0.00, 0.00, '2024-06-18 18:50:33', '2024-06-18 18:50:33', NULL);
INSERT INTO `inventario_movimientos` (`id`, `id_tipo_movimiento`, `codigo_producto`, `existencia_anterior`, `existencia_movimiento`, `existencia_minima_anterior`, `existencia_minima_movimiento`, `precio_costo_anterior`, `precio_costo_movimiento`, `precio_venta_anterior`, `precio_venta_movimiento`, `precio_mayoreo_anterior`, `precio_mayoreo_movimiento`, `created_at`, `updated_at`, `id_usuario_movimiento`) VALUES
(399, 1, '7892165', 0, 10, 0, 0, 0.00, 70.00, 0.00, 200.00, 0.00, 0.00, '2024-06-18 19:00:23', '2024-06-18 19:00:23', NULL),
(400, 1, '16206890', 0, 10, 0, 0, 0.00, 55.00, 0.00, 150.00, 0.00, 0.00, '2024-06-18 19:03:52', '2024-06-18 19:03:52', NULL),
(401, 1, '740617298680', 0, 5, 0, 0, 0.00, 60.00, 0.00, 180.00, 0.00, 0.00, '2024-06-18 19:48:32', '2024-06-18 19:48:32', NULL),
(402, 1, '740617298697', 0, 5, 0, 0, 0.00, 100.00, 0.00, 280.00, 0.00, 0.00, '2024-06-18 19:50:52', '2024-06-18 19:50:52', NULL),
(403, 1, '740617331394', 0, 2, 0, 0, 0.00, 100.00, 0.00, 300.00, 0.00, 0.00, '2024-06-18 19:51:38', '2024-06-18 19:51:38', NULL),
(404, 1, '740617331400', 0, 2, 0, 0, 0.00, 100.00, 0.00, 300.00, 0.00, 0.00, '2024-06-18 20:10:52', '2024-06-18 20:10:52', NULL),
(405, 1, '4786666', 0, 10, 0, 0, 0.00, 5.00, 0.00, 35.00, 0.00, 0.00, '2024-06-19 00:14:45', '2024-06-19 00:14:45', NULL),
(406, 1, '57216000', 0, 10, 0, 0, 0.00, 20.00, 0.00, 50.00, 0.00, 0.00, '2024-06-19 18:43:38', '2024-06-19 18:43:38', NULL),
(407, 1, '8003003ZP1704', 0, 6, 0, 0, 0.00, 6.00, 0.00, 15.00, 0.00, 0.00, '2024-06-19 19:07:23', '2024-06-19 19:07:23', NULL),
(408, 1, '6942139318851', 0, 5, 0, 0, 0.00, 15.00, 0.00, 25.00, 0.00, 0.00, '2024-06-19 19:22:19', '2024-06-19 19:22:19', NULL),
(409, 1, '7503032542850', 0, 6, 0, 0, 0.00, 100.00, 0.00, 220.00, 0.00, 0.00, '2024-06-20 17:19:44', '2024-06-20 17:19:44', NULL),
(410, 1, '7503030727198', 0, 7, 0, 0, 0.00, 80.00, 0.00, 150.00, 0.00, 0.00, '2024-06-20 20:05:03', '2024-06-20 20:05:03', 14),
(411, 1, '6974368774054', 0, 6, 0, 0, 0.00, 30.00, 0.00, 70.00, 0.00, 0.00, '2024-06-20 20:07:13', '2024-06-20 20:07:13', 14),
(412, 1, '7978790', 0, 15, 0, 0, 0.00, 100.00, 0.00, 200.00, 0.00, 0.00, '2024-06-20 20:38:42', '2024-06-20 20:38:42', 14),
(413, 3, '7978790', 15, 17, 0, 0, 100.00, 100.00, 200.00, 200.00, 0.00, 0.00, '2024-06-20 20:45:15', '2024-06-20 20:45:15', 14),
(414, 1, '194252192399', 0, 4, 0, 0, 0.00, 150.00, 0.00, 350.00, 0.00, 0.00, '2024-06-21 00:02:16', '2024-06-21 00:02:16', 14),
(415, 1, '190198001733', 0, 7, 0, 0, 0.00, 100.00, 0.00, 200.00, 0.00, 0.00, '2024-06-21 00:10:21', '2024-06-21 00:10:21', 14),
(416, 3, '190198001733', 7, 10, 0, 0, 100.00, 100.00, 200.00, 200.00, 0.00, 0.00, '2024-06-21 00:15:31', '2024-06-21 00:15:31', 14),
(417, 1, '7503027214045', 0, 10, 0, 0, 0.00, 5.00, 0.00, 150.00, 0.00, 0.00, '2024-06-21 00:29:41', '2024-06-21 00:29:41', 14),
(418, 3, '7503030727198', 7, 9, 0, 0, 80.00, 80.00, 150.00, 150.00, 0.00, 0.00, '2024-06-21 19:50:33', '2024-06-21 19:50:33', 14),
(419, 1, '7503028615643', 0, 5, 0, 0, 0.00, 70.00, 0.00, 130.00, 0.00, 0.00, '2024-06-21 20:09:09', '2024-06-21 20:09:09', 14),
(420, 1, '7503028615650', 0, 2, 0, 0, 0.00, 70.00, 0.00, 130.00, 0.00, 0.00, '2024-06-21 20:09:51', '2024-06-21 20:09:51', 14),
(421, 3, '7503028615643', 5, 7, 0, 0, 70.00, 70.00, 130.00, 130.00, 0.00, 0.00, '2024-06-21 20:13:13', '2024-06-21 20:13:13', 14),
(422, 1, '7503032542430', 0, 5, 0, 0, 0.00, 80.00, 0.00, 180.00, 0.00, 0.00, '2024-06-21 20:32:12', '2024-06-21 20:32:12', 14),
(423, 3, '7503028615643', 7, 12, 0, 0, 70.00, 70.00, 130.00, 130.00, 0.00, 0.00, '2024-06-21 20:35:59', '2024-06-21 20:35:59', 14),
(424, 1, '909080', 0, 4, 0, 0, 0.00, 50.00, 0.00, 140.00, 0.00, 0.00, '2024-06-21 20:54:16', '2024-06-21 20:54:16', 14),
(425, 3, '909080', 4, 5, 0, 0, 50.00, 50.00, 140.00, 140.00, 0.00, 0.00, '2024-06-21 20:56:24', '2024-06-21 20:56:24', 14),
(426, 1, '7503028615124', 0, 10, 0, 0, 0.00, 40.00, 0.00, 90.00, 0.00, 0.00, '2024-06-22 01:06:00', '2024-06-22 01:06:00', 14),
(427, 1, '4055405', 0, 2, 0, 0, 0.00, 50.00, 0.00, 150.00, 0.00, 0.00, '2024-06-22 01:06:42', '2024-06-22 01:06:42', 14),
(428, 1, '7503030523394', 0, 3, 0, 0, 0.00, 45.00, 0.00, 80.00, 0.00, 0.00, '2024-06-24 19:22:04', '2024-06-24 19:22:04', 14),
(429, 1, '7503031669947', 0, 7, 0, 0, 0.00, 40.00, 0.00, 95.00, 0.00, 0.00, '2024-06-24 19:26:50', '2024-06-24 19:26:50', 14),
(430, 1, '7500907000026', 0, 5, 0, 0, 0.00, 40.00, 0.00, 95.00, 0.00, 0.00, '2024-06-25 00:33:47', '2024-06-25 00:33:47', 14),
(431, 1, '7503028615100', 0, 6, 0, 0, 0.00, 45.00, 0.00, 90.00, 0.00, 0.00, '2024-06-25 00:44:31', '2024-06-25 00:44:31', 14),
(432, 1, '658525', 0, 8, 0, 0, 0.00, 30.00, 0.00, 80.00, 0.00, 0.00, '2024-06-25 01:02:45', '2024-06-25 01:02:45', 14),
(433, 1, '6975331850126', 0, 3, 0, 0, 0.00, 29.00, 0.00, 60.00, 0.00, 0.00, '2024-06-25 19:48:16', '2024-06-25 19:48:16', 14),
(434, 1, 'ZP1162', 0, 3, 0, 0, 0.00, 29.00, 0.00, 60.00, 0.00, 0.00, '2024-06-25 19:52:54', '2024-06-25 19:52:54', 14),
(435, 1, 'ZK8067', 0, 3, 0, 0, 0.00, 20.00, 0.00, 50.00, 0.00, 0.00, '2024-06-25 20:00:02', '2024-06-25 20:00:02', 14),
(436, 3, '6975331850126', 3, 4, 0, 0, 29.00, 29.00, 60.00, 60.00, 0.00, 0.00, '2024-06-25 20:10:53', '2024-06-25 20:10:53', 14),
(437, 3, '6975331850126', 4, 3, 0, 0, 29.00, 29.00, 60.00, 60.00, 0.00, 0.00, '2024-06-25 20:10:59', '2024-06-25 20:10:59', 14),
(438, 2, 'A5030R00', 0, 0, 0, 0, 50.00, 50.00, 150.00, 150.00, 0.00, 0.00, '2024-07-01 19:22:58', '2024-07-01 19:22:58', 14),
(439, 4, 'A5030R00', 0, 0, 0, 0, 50.00, 50.00, 150.00, 150.00, 0.00, 0.00, '2024-07-01 19:22:58', '2024-07-01 19:22:58', 14),
(440, 1, 'BL45', 0, 12, 0, 0, 0.00, 13.00, 0.00, 25.00, 0.00, 0.00, '2024-07-10 19:25:43', '2024-07-10 19:25:43', 14),
(441, 3, 'BL45', 12, 14, 0, 0, 13.00, 13.00, 25.00, 25.00, 0.00, 0.00, '2024-07-10 19:56:24', '2024-07-10 19:56:24', 14),
(442, 1, '1155', 0, 12, 0, 0, 0.00, 15.00, 0.00, 35.00, 0.00, 0.00, '2024-07-11 20:36:05', '2024-07-11 20:36:05', 14),
(443, 1, '7506129404826', 0, 2, 0, 0, 0.00, 80.00, 0.00, 160.00, 0.00, 0.00, '2024-07-11 20:54:18', '2024-07-11 20:54:18', 14),
(444, 1, '7506129441340', 0, 1, 0, 0, 0.00, 100.00, 0.00, 200.00, 0.00, 0.00, '2024-07-11 20:56:08', '2024-07-11 20:56:08', 14),
(445, 1, '7872571279016', 0, 2, 0, 0, 0.00, 30.00, 0.00, 45.00, 0.00, 0.00, '2024-07-11 20:58:21', '2024-07-11 20:58:21', 14),
(446, 1, '7872571278262', 0, 1, 0, 0, 0.00, 30.00, 0.00, 45.00, 0.00, 0.00, '2024-07-11 20:59:04', '2024-07-11 20:59:04', 14),
(447, 1, '7702111831490', 0, 1, 0, 0, 0.00, 30.00, 0.00, 45.00, 0.00, 0.00, '2024-07-11 21:02:51', '2024-07-11 21:02:51', 14),
(448, 1, '7872571544954', 0, 1, 0, 0, 0.00, 30.00, 0.00, 45.00, 0.00, 0.00, '2024-07-11 21:03:28', '2024-07-11 21:03:28', 14),
(449, 1, 'Dino', 0, 3, 0, 0, 0.00, 35.00, 0.00, 80.00, 0.00, 0.00, '2024-07-12 00:08:25', '2024-07-12 00:08:25', 14),
(450, 1, '6926752094859', 0, 1, 0, 0, 0.00, 40.00, 0.00, 100.00, 0.00, 0.00, '2024-07-12 00:10:09', '2024-07-12 00:10:09', 14),
(451, 1, '7592145629787', 0, 5, 0, 0, 0.00, 20.00, 0.00, 40.00, 0.00, 0.00, '2024-07-12 00:11:16', '2024-07-12 00:11:16', 14),
(452, 1, '6926393333003', 0, 1, 0, 0, 0.00, 40.00, 0.00, 100.00, 0.00, 0.00, '2024-07-12 00:14:51', '2024-07-12 00:14:51', 14),
(453, 1, 'sparkle', 0, 6, 0, 0, 0.00, 10.00, 0.00, 70.00, 0.00, 0.00, '2024-07-12 00:23:56', '2024-07-12 00:23:56', 14),
(454, 1, '8376550141879', 0, 2, 0, 0, 0.00, 30.00, 0.00, 70.00, 0.00, 0.00, '2024-07-12 00:26:47', '2024-07-12 00:26:47', 14),
(455, 1, 'sirena78', 0, 2, 0, 0, 0.00, 40.00, 0.00, 85.00, 0.00, 0.00, '2024-07-12 00:31:00', '2024-07-12 00:31:00', 14),
(456, 1, '7506129441265', 0, 1, 0, 0, 0.00, 30.00, 0.00, 65.00, 0.00, 0.00, '2024-07-12 00:31:58', '2024-07-12 00:31:58', 14),
(457, 1, '7702111275300', 0, 1, 0, 0, 0.00, 20.00, 0.00, 30.00, 0.00, 0.00, '2024-07-12 00:33:00', '2024-07-12 00:33:00', 14),
(458, 1, '6974308440674', 0, 1, 0, 0, 0.00, 30.00, 0.00, 60.00, 0.00, 0.00, '2024-07-12 00:34:10', '2024-07-12 00:34:10', 14),
(459, 1, '6926393333331', 0, 1, 0, 0, 0.00, 80.00, 0.00, 160.00, 0.00, 0.00, '2024-07-12 00:53:35', '2024-07-12 00:53:35', 14),
(460, 1, 'unicornio', 0, 2, 0, 0, 0.00, 35.00, 0.00, 70.00, 0.00, 0.00, '2024-07-12 00:59:24', '2024-07-12 00:59:24', 14),
(461, 1, '6970595863851', 0, 1, 0, 0, 0.00, 50.00, 0.00, 100.00, 0.00, 0.00, '2024-07-12 01:01:42', '2024-07-12 01:01:42', 14),
(462, 1, 'sparkle ch', 0, 6, 0, 0, 0.00, 20.00, 0.00, 35.00, 0.00, 0.00, '2024-07-12 01:03:28', '2024-07-12 01:03:28', 14),
(463, 1, 'Catgato', 0, 1, 0, 0, 0.00, 35.00, 0.00, 70.00, 0.00, 0.00, '2024-07-12 01:06:18', '2024-07-12 01:06:18', 14),
(464, 1, '8577111116255', 0, 2, 0, 0, 0.00, 30.00, 0.00, 60.00, 0.00, 0.00, '2024-07-12 18:17:08', '2024-07-12 18:17:08', 14),
(465, 1, '19H84000002', 0, 1, 0, 0, 0.00, 30.00, 0.00, 60.00, 0.00, 0.00, '2024-07-12 18:18:18', '2024-07-12 18:18:18', 14),
(466, 1, 'kolorear', 0, 9, 0, 0, 0.00, 10.00, 0.00, 20.00, 0.00, 0.00, '2024-07-12 18:35:14', '2024-07-12 18:35:14', 14),
(467, 1, '6928362020013', 0, 4, 0, 0, 0.00, 30.00, 0.00, 60.00, 0.00, 0.00, '2024-07-12 18:37:03', '2024-07-12 18:37:03', 14),
(468, 1, '6936009701201', 0, 2, 0, 0, 0.00, 25.00, 0.00, 50.00, 0.00, 0.00, '2024-07-12 18:38:37', '2024-07-12 18:38:37', 14),
(469, 1, '6823450656184', 0, 2, 0, 0, 0.00, 20.00, 0.00, 40.00, 0.00, 0.00, '2024-07-12 18:41:36', '2024-07-12 18:41:36', 14),
(470, 1, '6812410221067', 0, 1, 0, 0, 0.00, 60.00, 0.00, 150.00, 0.00, 0.00, '2024-07-12 18:44:05', '2024-07-12 18:44:05', 14),
(471, 1, 'konejorosa', 0, 1, 0, 0, 0.00, 60.00, 0.00, 150.00, 0.00, 0.00, '2024-07-12 18:46:26', '2024-07-12 18:46:26', 14),
(472, 1, '7702111333697', 0, 2, 0, 0, 0.00, 0.00, 0.00, 70.00, 0.00, 0.00, '2024-07-12 18:48:11', '2024-07-12 18:48:11', 14),
(473, 1, '6936200130992', 0, 1, 0, 0, 0.00, 60.00, 0.00, 120.00, 0.00, 0.00, '2024-07-12 18:52:17', '2024-07-12 18:52:17', 14),
(474, 1, '6950512600110', 0, 1, 0, 0, 0.00, 30.00, 0.00, 60.00, 0.00, 0.00, '2024-07-12 18:57:39', '2024-07-12 18:57:39', 14),
(475, 1, '6974308440872', 0, 1, 0, 0, 0.00, 40.00, 0.00, 80.00, 0.00, 0.00, '2024-07-12 18:59:19', '2024-07-12 18:59:19', 14),
(476, 1, '6501422325633', 0, 1, 0, 0, 0.00, 20.00, 0.00, 40.00, 0.00, 0.00, '2024-07-12 19:01:03', '2024-07-12 19:01:03', 14),
(477, 1, '7594313443249', 0, 1, 0, 0, 0.00, 20.00, 0.00, 35.00, 0.00, 0.00, '2024-07-12 19:02:52', '2024-07-12 19:02:52', 14),
(478, 1, '7506129402129', 0, 1, 0, 0, 0.00, 20.00, 0.00, 35.00, 0.00, 0.00, '2024-07-12 19:04:53', '2024-07-12 19:04:53', 14),
(479, 1, '675567', 0, 1, 0, 0, 0.00, 40.00, 0.00, 85.00, 0.00, 0.00, '2024-07-12 19:12:56', '2024-07-12 19:12:56', 14),
(480, 1, '6923966940385', 0, 2, 0, 0, 0.00, 20.00, 0.00, 40.00, 0.00, 0.00, '2024-07-12 19:45:21', '2024-07-12 19:45:21', 14),
(481, 3, '1155', 12, 14, 0, 0, 15.00, 15.00, 35.00, 35.00, 0.00, 0.00, '2024-07-12 19:57:44', '2024-07-12 19:57:44', 14),
(482, 3, '1155', 14, 15, 0, 0, 15.00, 15.00, 35.00, 35.00, 0.00, 0.00, '2024-07-12 19:59:51', '2024-07-12 19:59:51', 14),
(483, 3, 'SPARKLE CH', 6, 5, 0, 0, 20.00, 20.00, 35.00, 35.00, 0.00, 0.00, '2024-07-12 20:11:52', '2024-07-12 20:11:52', 14),
(484, 1, '6966158653311', 0, 5, 0, 0, 0.00, 20.00, 0.00, 35.00, 0.00, 0.00, '2024-07-12 20:28:48', '2024-07-12 20:28:48', 14),
(485, 1, '6945603169812', 0, 5, 0, 0, 0.00, 20.00, 0.00, 35.00, 0.00, 0.00, '2024-07-12 20:31:31', '2024-07-12 20:31:31', 14),
(486, 1, '2665656698667', 0, 3, 0, 0, 0.00, 20.00, 0.00, 40.00, 0.00, 0.00, '2024-07-12 20:37:22', '2024-07-12 20:37:22', 14),
(487, 1, '6945658112566', 0, 3, 0, 0, 0.00, 20.00, 0.00, 35.00, 0.00, 0.00, '2024-07-12 20:40:05', '2024-07-12 20:40:05', 14),
(488, 1, '6952147256175', 0, 3, 0, 0, 0.00, 10.00, 0.00, 18.00, 0.00, 0.00, '2024-07-12 20:53:03', '2024-07-12 20:53:03', 14),
(489, 1, '6945778766984', 0, 4, 0, 0, 0.00, 10.00, 0.00, 18.00, 0.00, 0.00, '2024-07-12 20:58:36', '2024-07-12 20:58:36', 14),
(490, 1, '6927291699130', 0, 3, 0, 0, 0.00, 15.00, 0.00, 25.00, 0.00, 0.00, '2024-07-13 00:12:50', '2024-07-13 00:12:50', 14),
(491, 1, '6841003269995', 0, 2, 0, 0, 0.00, 10.00, 0.00, 20.00, 0.00, 0.00, '2024-07-13 00:15:54', '2024-07-13 00:15:54', 14),
(492, 1, '777445343', 0, 3, 0, 0, 0.00, 25.00, 0.00, 50.00, 0.00, 0.00, '2024-07-13 00:22:31', '2024-07-13 00:22:31', 14),
(493, 1, '6936233310002', 0, 2, 0, 0, 0.00, 25.00, 0.00, 50.00, 0.00, 0.00, '2024-07-13 00:25:18', '2024-07-13 00:25:18', 14),
(494, 1, '6901234567892', 0, 5, 0, 0, 0.00, 10.00, 0.00, 20.00, 0.00, 0.00, '2024-07-13 00:28:23', '2024-07-13 00:28:23', 14),
(495, 1, '6974308441992', 0, 2, 0, 0, 0.00, 20.00, 0.00, 35.00, 0.00, 0.00, '2024-07-13 01:55:43', '2024-07-13 01:55:43', 14),
(496, 1, '602760000926', 0, 1, 0, 0, 0.00, 20.00, 0.00, 40.00, 0.00, 0.00, '2024-07-13 01:57:00', '2024-07-13 01:57:00', 14),
(497, 1, '6948619502819', 0, 1, 0, 0, 0.00, 20.00, 0.00, 35.00, 0.00, 0.00, '2024-07-13 01:58:16', '2024-07-13 01:58:16', 14),
(498, 3, '9999900', 16, 20, 0, 0, 50.00, 50.00, 120.00, 120.00, 0.00, 0.00, '2024-07-15 18:51:14', '2024-07-15 18:51:14', 14),
(499, 1, 'A1051055105', 0, 1, 0, 0, 0.00, 60.00, 0.00, 150.00, 0.00, 0.00, '2024-07-15 19:18:22', '2024-07-15 19:18:22', 14),
(500, 1, 'G53355333', 0, 1, 0, 0, 0.00, 60.00, 0.00, 150.00, 0.00, 0.00, '2024-07-15 19:19:06', '2024-07-15 19:19:06', 14),
(501, 1, 'G34433434', 0, 1, 0, 0, 0.00, 60.00, 0.00, 150.00, 0.00, 0.00, '2024-07-15 19:20:23', '2024-07-15 19:20:23', 14),
(502, 1, 'G545545545', 0, 1, 0, 0, 0.00, 60.00, 0.00, 150.00, 0.00, 0.00, '2024-07-15 19:21:01', '2024-07-15 19:21:01', 14),
(503, 1, 'G040444044', 0, 1, 0, 0, 0.00, 60.00, 0.00, 150.00, 0.00, 0.00, '2024-07-15 19:21:44', '2024-07-15 19:21:44', 14),
(504, 1, 'G13132333', 0, 1, 0, 0, 0.00, 60.00, 0.00, 150.00, 0.00, 0.00, '2024-07-15 19:22:26', '2024-07-15 19:22:26', 14),
(505, 1, 'G24244', 0, 1, 0, 0, 0.00, 60.00, 0.00, 150.00, 0.00, 0.00, '2024-07-15 19:23:33', '2024-07-15 19:23:33', 14),
(506, 1, 'turtle', 0, 1, 0, 0, 0.00, 10.00, 0.00, 25.00, 0.00, 0.00, '2024-07-16 00:20:36', '2024-07-16 00:20:36', 14),
(507, 1, '7702111833586', 0, 3, 0, 0, 0.00, 40.00, 0.00, 80.00, 0.00, 0.00, '2024-07-17 19:39:17', '2024-07-17 19:39:17', 14),
(508, 1, '6385473909963', 0, 1, 0, 0, 0.00, 70.00, 0.00, 130.00, 0.00, 0.00, '2024-07-17 19:40:43', '2024-07-17 19:40:43', 14),
(509, 1, '6652332909663', 0, 1, 0, 0, 0.00, 70.00, 0.00, 130.00, 0.00, 0.00, '2024-07-17 19:41:35', '2024-07-17 19:41:35', 14),
(510, 3, '6652332909663', 1, 2, 0, 0, 70.00, 70.00, 130.00, 130.00, 0.00, 0.00, '2024-07-17 19:42:40', '2024-07-17 19:42:40', 14),
(511, 1, '602760000353', 0, 2, 0, 0, 0.00, 15.00, 0.00, 25.00, 0.00, 0.00, '2024-07-17 19:47:16', '2024-07-17 19:47:16', 14),
(512, 1, '602760000339', 0, 2, 0, 0, 0.00, 10.00, 0.00, 22.00, 0.00, 0.00, '2024-07-17 19:48:50', '2024-07-17 19:48:50', 14),
(513, 1, '135', 0, 2, 0, 0, 0.00, 30.00, 0.00, 60.00, 0.00, 0.00, '2024-07-17 19:51:07', '2024-07-17 19:51:07', 14),
(514, 3, '7872571423310', 7, 5, 2, 2, 15.00, 15.00, 30.00, 30.00, 0.00, 0.00, '2024-07-17 19:54:08', '2024-07-17 19:54:08', 14),
(515, 3, '7506129430887', 3, 2, 1, 1, 25.00, 25.00, 35.00, 35.00, 0.00, 0.00, '2024-07-17 19:55:18', '2024-07-17 19:55:18', 14),
(516, 1, '7872570980104', 0, 1, 0, 0, 0.00, 20.00, 0.00, 30.00, 0.00, 0.00, '2024-07-17 20:00:48', '2024-07-17 20:00:48', 14),
(517, 1, '3322022538055', 0, 1, 0, 0, 0.00, 40.00, 0.00, 80.00, 0.00, 0.00, '2024-07-17 20:04:04', '2024-07-17 20:04:04', 14),
(518, 1, '6926393333188', 0, 1, 0, 0, 0.00, 50.00, 0.00, 100.00, 0.00, 0.00, '2024-07-17 20:05:10', '2024-07-17 20:05:10', 14),
(519, 3, '6936233310002', 2, 2, 0, 0, 25.00, 25.00, 50.00, 35.00, 0.00, 0.00, '2024-07-17 20:06:17', '2024-07-17 20:06:17', 14),
(520, 1, '7872571514704', 0, 4, 0, 0, 0.00, 20.00, 0.00, 40.00, 0.00, 0.00, '2024-07-17 20:07:48', '2024-07-17 20:07:48', 14),
(521, 1, '7506129441524', 0, 2, 0, 0, 0.00, 25.00, 0.00, 50.00, 0.00, 0.00, '2024-07-17 20:42:51', '2024-07-17 20:42:51', 14),
(522, 1, '7501630200080', 0, 1, 0, 0, 0.00, 10.00, 0.00, 25.00, 0.00, 0.00, '2024-07-17 20:43:46', '2024-07-17 20:43:46', 14),
(523, 3, '6652332909663', 2, 3, 0, 0, 70.00, 70.00, 130.00, 130.00, 0.00, 0.00, '2024-07-17 20:45:32', '2024-07-17 20:45:32', 14),
(524, 1, '6652323909443', 0, 1, 0, 0, 0.00, 70.00, 0.00, 130.00, 0.00, 0.00, '2024-07-17 20:47:50', '2024-07-17 20:47:50', 14),
(525, 1, 'pandaneow', 0, 1, 0, 0, 0.00, 25.00, 0.00, 50.00, 0.00, 0.00, '2024-07-17 21:00:52', '2024-07-17 21:00:52', 14),
(526, 1, 'yellow', 0, 1, 0, 0, 0.00, 0.00, 0.00, 0.00, 0.00, 0.00, '2024-07-17 21:02:18', '2024-07-17 21:02:18', 14),
(527, 1, '7502005875742', 0, 2, 0, 0, 0.00, 15.00, 0.00, 28.00, 0.00, 0.00, '2024-07-18 00:12:54', '2024-07-18 00:12:54', 14),
(528, 1, '7506129402884', 0, 4, 0, 0, 0.00, 20.00, 0.00, 30.00, 0.00, 0.00, '2024-07-18 00:15:33', '2024-07-18 00:15:33', 14),
(529, 1, '6936302022034', 0, 1, 0, 0, 0.00, 15.00, 0.00, 35.00, 0.00, 0.00, '2024-07-18 00:18:53', '2024-07-18 00:18:53', 14),
(530, 1, 'colorsag', 0, 2, 0, 0, 0.00, 15.00, 0.00, 30.00, 0.00, 0.00, '2024-07-18 00:28:12', '2024-07-18 00:28:12', 14),
(531, 1, '55665566', 0, 1, 0, 0, 0.00, 80.00, 0.00, 250.00, 0.00, 0.00, '2024-07-19 17:10:51', '2024-07-19 17:10:51', 14),
(532, 1, '18201820', 0, 1, 0, 0, 0.00, 80.00, 0.00, 250.00, 0.00, 0.00, '2024-07-19 17:11:45', '2024-07-19 17:11:45', 14),
(533, 1, '34233423', 0, 1, 0, 0, 0.00, 50.00, 0.00, 100.00, 0.00, 0.00, '2024-07-19 17:12:45', '2024-07-19 17:12:45', 14),
(534, 1, '67676778', 0, 2, 0, 0, 0.00, 80.00, 0.00, 200.00, 0.00, 0.00, '2024-07-19 17:13:34', '2024-07-19 17:13:34', 14),
(535, 1, '10251025', 0, 2, 0, 0, 0.00, 100.00, 0.00, 280.00, 0.00, 0.00, '2024-07-19 17:30:01', '2024-07-19 17:30:01', 14),
(536, 1, '19071907', 0, 2, 0, 0, 0.00, 10.00, 0.00, 250.00, 0.00, 0.00, '2024-07-19 17:34:00', '2024-07-19 17:34:00', 14),
(537, 1, '39003900', 0, 1, 0, 0, 0.00, 80.00, 0.00, 250.00, 0.00, 0.00, '2024-07-19 17:41:31', '2024-07-19 17:41:31', 14),
(538, 1, '11221122', 0, 1, 0, 0, 0.00, 100.00, 0.00, 200.00, 0.00, 0.00, '2024-07-19 17:42:48', '2024-07-19 17:42:48', 14),
(539, 1, '88958896', 0, 1, 0, 0, 0.00, 80.00, 0.00, 250.00, 0.00, 0.00, '2024-07-19 17:47:46', '2024-07-19 17:47:46', 14),
(540, 1, '88678867', 0, 1, 0, 0, 0.00, 100.00, 0.00, 200.00, 0.00, 0.00, '2024-07-19 17:49:04', '2024-07-19 17:49:04', 14),
(541, 1, '73647363', 0, 1, 0, 0, 0.00, 20.00, 0.00, 50.00, 0.00, 0.00, '2024-07-19 17:53:55', '2024-07-19 17:53:55', 14),
(542, 1, '6196190', 0, 1, 0, 0, 0.00, 100.00, 0.00, 200.00, 0.00, 0.00, '2024-07-19 17:54:50', '2024-07-19 17:54:50', 14),
(543, 1, '6786707', 0, 1, 0, 0, 0.00, 100.00, 0.00, 200.00, 0.00, 0.00, '2024-07-19 17:58:58', '2024-07-19 17:58:58', 14),
(544, 1, '55005580', 0, 1, 0, 0, 0.00, 80.00, 0.00, 250.00, 0.00, 0.00, '2024-07-19 17:59:31', '2024-07-19 17:59:31', 14),
(545, 1, '707060', 0, 1, 0, 0, 0.00, 100.00, 0.00, 200.00, 0.00, 0.00, '2024-07-19 18:05:55', '2024-07-19 18:05:55', 14),
(546, 1, '808090', 0, 1, 0, 0, 0.00, 50.00, 0.00, 150.00, 0.00, 0.00, '2024-07-19 18:06:30', '2024-07-19 18:06:30', 14),
(547, 1, '9510010', 0, 2, 0, 0, 0.00, 50.00, 0.00, 150.00, 0.00, 0.00, '2024-07-19 18:12:37', '2024-07-19 18:12:37', 14),
(548, 1, '10101510', 0, 1, 0, 0, 0.00, 150.00, 0.00, 250.00, 0.00, 0.00, '2024-07-19 18:23:04', '2024-07-19 18:23:04', 14),
(549, 1, '1520152', 0, 1, 0, 0, 0.00, 50.00, 0.00, 150.00, 0.00, 0.00, '2024-07-19 18:44:22', '2024-07-19 18:44:22', 14),
(550, 1, '12131213', 0, 2, 0, 0, 0.00, 100.00, 0.00, 200.00, 0.00, 0.00, '2024-07-19 19:03:36', '2024-07-19 19:03:36', 14),
(551, 1, '153015', 0, 1, 0, 0, 0.00, 100.00, 0.00, 200.00, 0.00, 0.00, '2024-07-19 19:16:10', '2024-07-19 19:16:10', 14),
(552, 1, '54525355', 0, 1, 0, 0, 0.00, 150.00, 0.00, 250.00, 0.00, 0.00, '2024-07-19 19:24:53', '2024-07-19 19:24:53', 14),
(553, 1, '66443366', 0, 2, 0, 0, 0.00, 100.00, 0.00, 200.00, 0.00, 0.00, '2024-07-19 19:34:31', '2024-07-19 19:34:31', 14),
(554, 1, '7778778', 0, 1, 0, 0, 0.00, 100.00, 0.00, 200.00, 0.00, 0.00, '2024-07-19 19:41:03', '2024-07-19 19:41:03', 14),
(555, 3, '12131213', 2, 3, 0, 0, 100.00, 100.00, 200.00, 200.00, 0.00, 0.00, '2024-07-19 19:41:25', '2024-07-19 19:41:25', 14),
(556, 1, '50805680', 0, 1, 0, 0, 0.00, 100.00, 0.00, 200.00, 0.00, 0.00, '2024-07-19 19:45:54', '2024-07-19 19:45:54', 14),
(557, 1, '7865796', 0, 1, 0, 0, 0.00, 100.00, 0.00, 200.00, 0.00, 0.00, '2024-07-19 19:46:26', '2024-07-19 19:46:26', 14),
(558, 1, '10451046', 0, 1, 0, 0, 0.00, 100.00, 0.00, 200.00, 0.00, 0.00, '2024-07-23 19:49:20', '2024-07-23 19:49:20', 14),
(559, 1, '00100123', 0, 1, 0, 0, 0.00, 50.00, 0.00, 150.00, 0.00, 0.00, '2024-07-23 19:50:30', '2024-07-23 19:50:30', 14),
(560, 1, '40024004', 0, 1, 0, 0, 0.00, 50.00, 0.00, 150.00, 0.00, 0.00, '2024-07-23 19:51:21', '2024-07-23 19:51:21', 14),
(561, 3, '40024004', 1, 2, 0, 0, 50.00, 50.00, 150.00, 150.00, 0.00, 0.00, '2024-07-23 19:51:41', '2024-07-23 19:51:41', 14),
(562, 1, '10610710', 0, 1, 0, 0, 0.00, 50.00, 0.00, 150.00, 0.00, 0.00, '2024-07-23 19:52:37', '2024-07-23 19:52:37', 14),
(563, 1, '32823482', 0, 1, 0, 0, 0.00, 100.00, 0.00, 200.00, 0.00, 0.00, '2024-07-23 19:53:40', '2024-07-23 19:53:40', 14),
(564, 1, '40140156', 0, 2, 0, 0, 0.00, 100.00, 0.00, 200.00, 0.00, 0.00, '2024-07-23 19:54:28', '2024-07-23 19:54:28', 14),
(565, 1, '6556554', 0, 1, 0, 0, 0.00, 100.00, 0.00, 200.00, 0.00, 0.00, '2024-07-23 19:55:20', '2024-07-23 19:55:20', 14),
(566, 1, '857465857', 0, 1, 0, 0, 0.00, 50.00, 0.00, 150.00, 0.00, 0.00, '2024-07-23 19:56:16', '2024-07-23 19:56:16', 14),
(567, 1, '73734646', 0, 1, 0, 0, 0.00, 50.00, 0.00, 150.00, 0.00, 0.00, '2024-07-23 19:56:54', '2024-07-23 19:56:54', 14),
(568, 1, '59005901', 0, 1, 0, 0, 0.00, 100.00, 0.00, 200.00, 0.00, 0.00, '2024-07-23 19:57:34', '2024-07-23 19:57:34', 14),
(569, 1, '9998009900', 0, 4, 0, 0, 0.00, 100.00, 0.00, 200.00, 0.00, 0.00, '2024-07-23 20:04:36', '2024-07-23 20:04:36', 14),
(570, 1, '65666560', 0, 1, 0, 0, 0.00, 100.00, 0.00, 200.00, 0.00, 0.00, '2024-07-23 20:09:58', '2024-07-23 20:09:58', 14),
(571, 1, '4500450345', 0, 1, 0, 0, 0.00, 50.00, 0.00, 150.00, 0.00, 0.00, '2024-07-23 20:10:34', '2024-07-23 20:10:34', 14),
(572, 1, '0303303', 0, 5, 0, 0, 0.00, 50.00, 0.00, 150.00, 0.00, 0.00, '2024-07-24 19:23:55', '2024-07-24 19:23:55', 14),
(573, 1, '59001211', 0, 1, 0, 0, 0.00, 150.00, 0.00, 250.00, 0.00, 0.00, '2024-08-06 00:52:25', '2024-08-06 00:52:25', 14),
(574, 1, '60011311', 0, 1, 0, 0, 0.00, 150.00, 0.00, 250.00, 0.00, 0.00, '2024-08-06 00:53:10', '2024-08-06 00:53:10', 14),
(575, 1, '44667700', 0, 4, 0, 0, 0.00, 50.00, 0.00, 150.00, 0.00, 0.00, '2024-08-06 00:54:17', '2024-08-06 00:54:17', 14),
(576, 1, 'anillorosa', 0, 1, 0, 0, 0.00, 150.00, 0.00, 250.00, 0.00, 0.00, '2024-08-06 01:16:47', '2024-08-06 01:16:47', 14),
(577, 1, 'estrellas ', 0, 1, 0, 0, 0.00, 150.00, 0.00, 250.00, 0.00, 0.00, '2024-08-06 01:28:56', '2024-08-06 01:28:56', 14),
(578, 1, '555111555110', 0, 1, 0, 0, 0.00, 100.00, 0.00, 200.00, 0.00, 0.00, '2024-08-06 01:29:44', '2024-08-06 01:29:44', 14),
(579, 1, '44434443', 0, 1, 0, 0, 0.00, 150.00, 0.00, 250.00, 0.00, 0.00, '2024-08-06 01:31:26', '2024-08-06 01:31:26', 14),
(580, 1, '7009270092', 0, 1, 0, 0, 0.00, 150.00, 0.00, 250.00, 0.00, 0.00, '2024-08-06 01:33:14', '2024-08-06 01:33:14', 14),
(581, 1, 'pintura', 0, 1, 0, 0, 0.00, 30.00, 0.00, 50.00, 0.00, 0.00, '2024-08-06 01:35:21', '2024-08-06 01:35:21', 14),
(582, 1, '9098959098', 0, 1, 0, 0, 0.00, 100.00, 0.00, 200.00, 0.00, 0.00, '2024-08-06 01:36:24', '2024-08-06 01:36:24', 14),
(583, 1, '33034033', 0, 1, 0, 0, 0.00, 150.00, 0.00, 250.00, 0.00, 0.00, '2024-08-07 19:48:16', '2024-08-07 19:48:16', 14),
(584, 1, '465465', 0, 1, 0, 0, 0.00, 100.00, 0.00, 200.00, 0.00, 0.00, '2024-08-07 19:49:01', '2024-08-07 19:49:01', 14),
(585, 1, '1313001300', 0, 3, 0, 0, 0.00, 150.00, 0.00, 250.00, 0.00, 0.00, '2024-08-07 19:51:56', '2024-08-07 19:51:56', 14),
(586, 1, '88660886', 0, 1, 0, 0, 0.00, 100.00, 0.00, 200.00, 0.00, 0.00, '2024-08-07 20:17:29', '2024-08-07 20:17:29', 14),
(587, 1, '5455605455', 0, 1, 0, 0, 0.00, 100.00, 0.00, 200.00, 0.00, 0.00, '2024-08-07 20:19:03', '2024-08-07 20:19:03', 14),
(588, 1, '7756007560', 0, 1, 0, 0, 0.00, 150.00, 0.00, 250.00, 0.00, 0.00, '2024-08-07 20:19:38', '2024-08-07 20:19:38', 14),
(589, 1, '12241200', 0, 2, 0, 0, 0.00, 50.00, 0.00, 150.00, 0.00, 0.00, '2024-08-07 20:21:40', '2024-08-07 20:21:40', 14),
(590, 1, '14411400', 0, 2, 0, 0, 0.00, 150.00, 0.00, 250.00, 0.00, 0.00, '2024-08-07 20:23:21', '2024-08-07 20:23:21', 14),
(591, 3, '5455605455', 1, 2, 0, 0, 100.00, 100.00, 200.00, 200.00, 0.00, 0.00, '2024-08-08 00:10:18', '2024-08-08 00:10:18', 14),
(592, 1, '89908909', 0, 2, 0, 0, 0.00, 150.00, 0.00, 280.00, 0.00, 0.00, '2024-08-08 00:24:42', '2024-08-08 00:24:42', 14),
(593, 3, '12241200', 2, 5, 0, 0, 50.00, 50.00, 150.00, 150.00, 0.00, 0.00, '2024-08-08 00:25:04', '2024-08-08 00:25:04', 14),
(594, 1, '2223422', 0, 1, 0, 0, 0.00, 100.00, 0.00, 200.00, 0.00, 0.00, '2024-08-08 00:39:30', '2024-08-08 00:39:30', 14),
(595, 1, '12122230', 0, 1, 0, 0, 0.00, 150.00, 0.00, 250.00, 0.00, 0.00, '2024-08-08 00:40:10', '2024-08-08 00:40:10', 14),
(596, 2, 'USRIPH11CBLU', 1, 1, 0, 0, 35.00, 35.00, 200.00, 200.00, 0.00, 0.00, '2024-08-08 00:42:55', '2024-08-08 00:42:55', 14),
(597, 2, 'USRIPH11CRED', 1, 1, 0, 0, 35.00, 35.00, 200.00, 200.00, 0.00, 0.00, '2024-08-08 00:42:58', '2024-08-08 00:42:58', 14),
(598, 2, 'USRIPH13CRED', 1, 1, 0, 0, 35.00, 35.00, 200.00, 200.00, 0.00, 0.00, '2024-08-08 00:43:24', '2024-08-08 00:43:24', 14),
(599, 2, 'USRIPH14CGREY', 1, 1, 0, 0, 35.00, 35.00, 200.00, 200.00, 0.00, 0.00, '2024-08-08 00:43:26', '2024-08-08 00:43:26', 14),
(600, 2, 'USRIPH14CBLAC', 2, 2, 0, 0, 35.00, 35.00, 200.00, 200.00, 0.00, 0.00, '2024-08-08 00:43:28', '2024-08-08 00:43:28', 14),
(601, 2, '66443366', 2, 2, 0, 0, 100.00, 100.00, 200.00, 200.00, 0.00, 0.00, '2024-08-08 00:43:31', '2024-08-08 00:43:31', 14),
(602, 3, '12122230', 1, 2, 0, 0, 150.00, 150.00, 250.00, 250.00, 0.00, 0.00, '2024-08-08 00:44:49', '2024-08-08 00:44:49', 14),
(603, 3, '2223422', 1, 2, 0, 0, 100.00, 100.00, 200.00, 200.00, 0.00, 0.00, '2024-08-08 00:45:01', '2024-08-08 00:45:01', 14),
(604, 1, '78677867', 0, 1, 0, 0, 0.00, 100.00, 0.00, 200.00, 0.00, 0.00, '2024-08-08 01:10:03', '2024-08-08 01:10:03', 14),
(605, 3, '12241200', 5, 6, 0, 0, 50.00, 50.00, 150.00, 150.00, 0.00, 0.00, '2024-08-08 01:13:18', '2024-08-08 01:13:18', 14),
(606, 1, '2292021290', 0, 2, 0, 0, 0.00, 0.00, 0.00, 200.00, 0.00, 0.00, '2024-08-09 00:45:47', '2024-08-09 00:45:47', 14),
(607, 1, '9769760197', 0, 1, 0, 0, 0.00, 100.00, 0.00, 200.00, 0.00, 0.00, '2024-08-09 00:46:31', '2024-08-09 00:46:31', 14),
(608, 1, '1212312312', 0, 1, 0, 0, 0.00, 150.00, 0.00, 250.00, 0.00, 0.00, '2024-08-09 00:48:25', '2024-08-09 00:48:25', 14),
(609, 1, '23230023', 0, 1, 0, 0, 0.00, 100.00, 0.00, 200.00, 0.00, 0.00, '2024-08-09 00:56:28', '2024-08-09 00:56:28', 14),
(610, 1, '8861134', 0, 2, 0, 0, 0.00, 100.00, 0.00, 200.00, 0.00, 0.00, '2024-08-09 18:55:06', '2024-08-09 18:55:06', 14),
(611, 1, '77894437789', 0, 1, 0, 0, 0.00, 150.00, 0.00, 250.00, 0.00, 0.00, '2024-08-09 19:27:02', '2024-08-09 19:27:02', 14),
(612, 1, '400403540', 0, 2, 0, 0, 0.00, 150.00, 0.00, 250.00, 0.00, 0.00, '2024-08-09 19:28:49', '2024-08-09 19:28:49', 14),
(613, 1, '565867', 0, 2, 0, 0, 0.00, 150.00, 0.00, 250.00, 0.00, 0.00, '2024-08-09 19:29:38', '2024-08-09 19:29:38', 14),
(614, 1, '5150525150', 0, 3, 0, 0, 0.00, 150.00, 0.00, 250.00, 0.00, 0.00, '2024-08-10 01:05:16', '2024-08-10 01:05:16', 14),
(615, 1, '2846001', 0, 1, 0, 0, 0.00, 100.00, 0.00, 200.00, 0.00, 0.00, '2024-08-10 01:12:18', '2024-08-10 01:12:18', 14),
(616, 1, '779128712', 0, 1, 0, 0, 0.00, 100.00, 0.00, 150.00, 0.00, 0.00, '2024-08-10 01:13:24', '2024-08-10 01:13:24', 14),
(617, 1, '88319831', 0, 1, 0, 0, 0.00, 80.00, 0.00, 180.00, 0.00, 0.00, '2024-08-10 01:13:59', '2024-08-10 01:13:59', 14),
(618, 1, '12441212344', 0, 1, 0, 0, 0.00, 50.00, 0.00, 150.00, 0.00, 0.00, '2024-08-12 18:47:11', '2024-08-12 18:47:11', 14),
(619, 1, '443023443023', 0, 2, 0, 0, 0.00, 150.00, 0.00, 250.00, 0.00, 0.00, '2024-08-12 18:48:20', '2024-08-12 18:48:20', 14),
(620, 1, '9459556945', 0, 3, 0, 0, 0.00, 150.00, 0.00, 250.00, 0.00, 0.00, '2024-08-12 18:49:46', '2024-08-12 18:49:46', 14),
(621, 1, '5560755607', 0, 1, 0, 0, 0.00, 50.00, 0.00, 150.00, 0.00, 0.00, '2024-08-12 18:50:31', '2024-08-12 18:50:31', 14),
(622, 1, '4412344123', 0, 1, 0, 0, 0.00, 50.00, 0.00, 150.00, 0.00, 0.00, '2024-08-12 18:51:43', '2024-08-12 18:51:43', 14),
(623, 3, '4412344123', 1, 2, 0, 0, 50.00, 50.00, 150.00, 150.00, 0.00, 0.00, '2024-08-12 19:00:23', '2024-08-12 19:00:23', 14),
(624, 1, '00997009988', 0, 1, 0, 0, 0.00, 100.00, 0.00, 200.00, 0.00, 0.00, '2024-08-12 19:37:34', '2024-08-12 19:37:34', 14),
(625, 1, '0034500345', 0, 1, 0, 0, 0.00, 150.00, 0.00, 250.00, 0.00, 0.00, '2024-08-12 19:38:22', '2024-08-12 19:38:22', 14),
(626, 1, '154154000', 0, 1, 0, 0, 0.00, 100.00, 0.00, 200.00, 0.00, 0.00, '2024-08-12 19:38:55', '2024-08-12 19:38:55', 14),
(627, 1, '56005650', 0, 1, 0, 0, 0.00, 100.00, 0.00, 200.00, 0.00, 0.00, '2024-08-12 19:39:32', '2024-08-12 19:39:32', 14),
(628, 1, '881233881233', 0, 1, 0, 0, 0.00, 150.00, 0.00, 250.00, 0.00, 0.00, '2024-08-12 19:40:29', '2024-08-12 19:40:29', 14),
(629, 1, '96796700', 0, 1, 0, 0, 0.00, 50.00, 0.00, 150.00, 0.00, 0.00, '2024-08-13 19:02:51', '2024-08-13 19:02:51', 14),
(630, 1, '69784700', 0, 1, 0, 0, 0.00, 100.00, 0.00, 200.00, 0.00, 0.00, '2024-08-13 19:03:33', '2024-08-13 19:03:33', 14),
(631, 1, '345000345', 0, 1, 0, 0, 0.00, 150.00, 0.00, 250.00, 0.00, 0.00, '2024-08-13 19:05:03', '2024-08-13 19:05:03', 14),
(632, 1, '55110055110', 0, 1, 0, 0, 0.00, 50.00, 0.00, 150.00, 0.00, 0.00, '2024-08-13 19:06:07', '2024-08-13 19:06:07', 14),
(633, 1, '6988188700', 0, 1, 0, 0, 0.00, 100.00, 0.00, 200.00, 0.00, 0.00, '2024-08-13 19:06:50', '2024-08-13 19:06:50', 14),
(634, 3, '00997009988', 1, 3, 0, 0, 100.00, 100.00, 200.00, 200.00, 0.00, 0.00, '2024-08-13 19:09:56', '2024-08-13 19:09:56', 14),
(635, 1, '153031154', 0, 4, 0, 0, 0.00, 100.00, 0.00, 200.00, 0.00, 0.00, '2024-08-13 19:10:54', '2024-08-13 19:10:54', 14),
(636, 1, '475913475', 0, 1, 0, 0, 0.00, 150.00, 0.00, 250.00, 0.00, 0.00, '2024-08-13 19:19:43', '2024-08-13 19:19:43', 14),
(637, 1, '9895139895', 0, 2, 0, 0, 0.00, 150.00, 0.00, 250.00, 0.00, 0.00, '2024-08-13 19:22:35', '2024-08-13 19:22:35', 14),
(638, 1, '1901901998', 0, 2, 0, 0, 0.00, 50.00, 0.00, 150.00, 0.00, 0.00, '2024-08-13 19:23:22', '2024-08-13 19:23:22', 14),
(639, 1, '0908079080', 0, 2, 0, 0, 0.00, 150.00, 0.00, 250.00, 0.00, 0.00, '2024-08-13 19:24:02', '2024-08-13 19:24:02', 14),
(640, 1, 'guess', 0, 2, 0, 0, 0.00, 150.00, 0.00, 250.00, 0.00, 0.00, '2024-08-15 18:21:32', '2024-08-15 18:21:32', 14),
(641, 1, '1313409', 0, 2, 0, 0, 0.00, 150.00, 0.00, 280.00, 0.00, 0.00, '2024-08-15 18:24:47', '2024-08-15 18:24:47', 14),
(642, 1, '14141450', 0, 3, 0, 0, 0.00, 150.00, 0.00, 250.00, 0.00, 0.00, '2024-08-15 18:43:24', '2024-08-15 18:43:24', 14),
(643, 1, '151515354', 0, 2, 0, 0, 0.00, 50.00, 0.00, 150.00, 0.00, 0.00, '2024-08-15 18:48:48', '2024-08-15 18:48:48', 14),
(644, 1, '2020211225', 0, 1, 0, 0, 0.00, 100.00, 0.00, 200.00, 0.00, 0.00, '2024-08-15 19:03:55', '2024-08-15 19:03:55', 14),
(645, 1, '2020211545', 0, 1, 0, 0, 0.00, 100.00, 0.00, 200.00, 0.00, 0.00, '2024-08-15 19:04:45', '2024-08-15 19:04:45', 14),
(646, 1, '330330374', 0, 1, 0, 0, 0.00, 150.00, 0.00, 250.00, 0.00, 0.00, '2024-08-15 19:24:55', '2024-08-15 19:24:55', 14),
(647, 1, '5512551278', 0, 1, 0, 0, 0.00, 150.00, 0.00, 250.00, 0.00, 0.00, '2024-08-15 19:25:32', '2024-08-15 19:25:32', 14),
(648, 1, '4045640456', 0, 1, 0, 0, 0.00, 150.00, 0.00, 250.00, 0.00, 0.00, '2024-08-15 19:26:10', '2024-08-15 19:26:10', 14),
(649, 1, '14151489', 0, 1, 0, 0, 0.00, 50.00, 0.00, 150.00, 0.00, 0.00, '2024-08-15 20:03:38', '2024-08-15 20:03:38', 14),
(650, 1, '19191967', 0, 1, 0, 0, 0.00, 1200.00, 0.00, 220.00, 0.00, 0.00, '2024-08-15 20:04:25', '2024-08-15 20:04:25', 14),
(651, 2, '6974308440674', 1, 1, 0, 0, 30.00, 30.00, 60.00, 60.00, 0.00, 0.00, '2024-08-15 20:15:35', '2024-08-15 20:15:35', 14),
(652, 4, '6974308440674', 1, 1, 0, 0, 30.00, 30.00, 60.00, 60.00, 0.00, 0.00, '2024-08-15 20:21:58', '2024-08-15 20:21:58', 14),
(653, 1, '822040', 0, 2, 0, 0, 0.00, 100.00, 0.00, 200.00, 0.00, 0.00, '2024-08-16 18:39:07', '2024-08-16 18:39:07', 14),
(654, 1, '846098', 0, 2, 0, 0, 0.00, 100.00, 0.00, 200.00, 0.00, 0.00, '2024-08-16 18:47:11', '2024-08-16 18:47:11', 14),
(655, 1, '80805677', 0, 1, 0, 0, 0.00, 100.00, 0.00, 200.00, 0.00, 0.00, '2024-08-16 19:08:28', '2024-08-16 19:08:28', 14),
(656, 1, '1280128095', 0, 1, 0, 0, 0.00, 120.00, 0.00, 220.00, 0.00, 0.00, '2024-08-16 19:09:41', '2024-08-16 19:09:41', 14),
(657, 1, '0808979612', 0, 1, 0, 0, 0.00, 150.00, 0.00, 250.00, 0.00, 0.00, '2024-08-16 19:10:18', '2024-08-16 19:10:18', 14),
(658, 1, '5835009', 0, 1, 0, 0, 0.00, 150.00, 0.00, 250.00, 0.00, 0.00, '2024-08-16 19:11:33', '2024-08-16 19:11:33', 14),
(659, 1, '6698001', 0, 1, 0, 0, 0.00, 100.00, 0.00, 200.00, 0.00, 0.00, '2024-08-16 19:16:08', '2024-08-16 19:16:08', 14),
(660, 1, '45784579', 0, 1, 0, 0, 0.00, 1520.00, 0.00, 280.00, 0.00, 0.00, '2024-08-16 20:01:09', '2024-08-16 20:01:09', 14),
(661, 1, '57889900', 0, 1, 0, 0, 0.00, 150.00, 0.00, 250.00, 0.00, 0.00, '2024-08-16 20:01:40', '2024-08-16 20:01:40', 14),
(662, 1, '33679800', 0, 1, 0, 0, 0.00, 150.00, 0.00, 250.00, 0.00, 0.00, '2024-08-16 20:02:28', '2024-08-16 20:02:28', 14),
(663, 1, '90884356', 0, 1, 0, 0, 0.00, 150.00, 0.00, 250.00, 0.00, 0.00, '2024-08-16 20:03:45', '2024-08-16 20:03:45', 14),
(664, 1, '2888015', 0, 1, 0, 0, 0.00, 150.00, 0.00, 250.00, 0.00, 0.00, '2024-08-16 20:17:09', '2024-08-16 20:17:09', 14),
(665, 1, '568900127', 0, 1, 0, 0, 0.00, 150.00, 0.00, 250.00, 0.00, 0.00, '2024-08-16 20:28:03', '2024-08-16 20:28:03', 14),
(666, 1, '30356788', 0, 1, 0, 0, 0.00, 150.00, 0.00, 250.00, 0.00, 0.00, '2024-08-16 20:28:57', '2024-08-16 20:28:57', 14),
(667, 1, '0350450658', 0, 1, 0, 0, 0.00, 100.00, 0.00, 200.00, 0.00, 0.00, '2024-08-16 20:35:34', '2024-08-16 20:35:34', 14),
(668, 1, '4404454460', 0, 3, 0, 0, 0.00, 100.00, 0.00, 200.00, 0.00, 0.00, '2024-08-16 20:37:36', '2024-08-16 20:37:36', 14),
(669, 1, '1112225566', 0, 2, 0, 0, 0.00, 150.00, 0.00, 250.00, 0.00, 0.00, '2024-08-16 20:42:07', '2024-08-16 20:42:07', 14),
(670, 1, '163322163', 0, 2, 0, 0, 0.00, 50.00, 0.00, 150.00, 0.00, 0.00, '2024-08-16 20:45:24', '2024-08-16 20:45:24', 14),
(671, 3, '57889900', 1, 2, 0, 0, 150.00, 150.00, 250.00, 250.00, 0.00, 0.00, '2024-08-16 20:49:02', '2024-08-16 20:49:02', 14),
(672, 1, '167543167543', 0, 2, 0, 0, 0.00, 150.00, 0.00, 250.00, 0.00, 0.00, '2024-08-16 20:56:35', '2024-08-16 20:56:35', 14),
(673, 2, 'J753464524', 1, 1, 0, 0, 50.00, 50.00, 150.00, 150.00, 0.00, 0.00, '2024-08-16 21:00:13', '2024-08-16 21:00:13', 14),
(674, 2, 'J7P1333', 0, 0, 0, 0, 50.00, 50.00, 150.00, 150.00, 0.00, 0.00, '2024-08-16 21:00:27', '2024-08-16 21:00:27', 14),
(675, 1, '1410561410', 0, 1, 0, 0, 0.00, 150.00, 0.00, 250.00, 0.00, 0.00, '2024-08-17 01:17:24', '2024-08-17 01:17:24', 14),
(676, 1, '1474628147628', 0, 2, 0, 0, 0.00, 100.00, 0.00, 200.00, 0.00, 0.00, '2024-08-21 20:11:18', '2024-08-21 20:11:18', 14),
(677, 1, '789322789322', 0, 2, 0, 0, 0.00, 150.00, 0.00, 250.00, 0.00, 0.00, '2024-08-21 20:16:12', '2024-08-21 20:16:12', 14),
(678, 1, '5656075607', 0, 3, 0, 0, 0.00, 150.00, 0.00, 250.00, 0.00, 0.00, '2024-08-21 20:38:00', '2024-08-21 20:38:00', 14),
(679, 1, '885488540', 0, 1, 0, 0, 0.00, 100.00, 0.00, 200.00, 0.00, 0.00, '2024-08-21 20:38:37', '2024-08-21 20:38:37', 14),
(680, 1, '70817081', 0, 1, 0, 0, 0.00, 50.00, 0.00, 100.00, 0.00, 0.00, '2024-08-21 20:39:32', '2024-08-21 20:39:32', 14),
(681, 1, '4765473565', 0, 1, 0, 0, 0.00, 150.00, 0.00, 250.00, 0.00, 0.00, '2024-08-21 20:55:28', '2024-08-21 20:55:28', 14),
(682, 1, '6540654010', 0, 1, 0, 0, 0.00, 50.00, 0.00, 150.00, 0.00, 0.00, '2024-08-21 20:56:03', '2024-08-21 20:56:03', 14),
(683, 3, '1901901998', 2, 3, 0, 0, 50.00, 50.00, 150.00, 150.00, 0.00, 0.00, '2024-08-22 00:13:33', '2024-08-22 00:13:33', 14),
(684, 3, '151515354', 2, 5, 0, 0, 50.00, 50.00, 150.00, 150.00, 0.00, 0.00, '2024-08-22 00:13:46', '2024-08-22 00:13:46', 14),
(685, 3, '151515354', 5, 6, 0, 0, 50.00, 50.00, 150.00, 150.00, 0.00, 0.00, '2024-08-22 00:18:10', '2024-08-22 00:18:10', 14),
(686, 1, '6781678120', 0, 1, 0, 0, 0.00, 100.00, 0.00, 200.00, 0.00, 0.00, '2024-08-22 00:20:09', '2024-08-22 00:20:09', 14),
(687, 3, '779128712', 1, 3, 0, 0, 100.00, 100.00, 150.00, 150.00, 0.00, 0.00, '2024-08-22 00:23:28', '2024-08-22 00:23:28', 14),
(688, 1, '88964589645', 0, 2, 0, 0, 0.00, 150.00, 0.00, 250.00, 0.00, 0.00, '2024-08-22 00:48:45', '2024-08-22 00:48:45', 14),
(689, 1, '56574324', 0, 2, 0, 0, 0.00, 100.00, 0.00, 200.00, 0.00, 0.00, '2024-08-22 17:45:55', '2024-08-22 17:45:55', 14),
(690, 3, '56574324', 2, 3, 0, 0, 100.00, 100.00, 200.00, 200.00, 0.00, 0.00, '2024-08-22 17:48:20', '2024-08-22 17:48:20', 14),
(691, 1, '1010016105', 0, 3, 0, 0, 0.00, 150.00, 0.00, 250.00, 0.00, 0.00, '2024-08-22 18:06:56', '2024-08-22 18:06:56', 14),
(692, 1, '774210774210', 0, 1, 0, 0, 0.00, 150.00, 0.00, 250.00, 0.00, 0.00, '2024-08-22 18:13:02', '2024-08-22 18:13:02', 14),
(693, 1, '22745622456', 0, 1, 0, 0, 0.00, 150.00, 0.00, 250.00, 0.00, 0.00, '2024-08-22 18:16:49', '2024-08-22 18:16:49', 14),
(694, 1, '104748104648', 0, 1, 0, 0, 0.00, 100.00, 0.00, 200.00, 0.00, 0.00, '2024-08-22 18:36:34', '2024-08-22 18:36:34', 14),
(695, 1, '43430110043', 0, 3, 0, 0, 0.00, 100.00, 0.00, 200.00, 0.00, 0.00, '2024-08-22 19:15:37', '2024-08-22 19:15:37', 14),
(696, 1, '451312451312', 0, 2, 0, 0, 0.00, 150.00, 0.00, 250.00, 0.00, 0.00, '2024-08-22 19:32:47', '2024-08-22 19:32:47', 14),
(697, 1, '0217594021', 0, 1, 0, 0, 0.00, 100.00, 0.00, 200.00, 0.00, 0.00, '2024-08-22 19:39:45', '2024-08-22 19:39:45', 14),
(698, 1, '7506129430801', 0, 5, 0, 0, 0.00, 25.00, 0.00, 35.00, 0.00, 0.00, '2024-08-28 18:50:30', '2024-08-28 18:50:30', 14),
(699, 1, '75020415', 0, 11, 0, 0, 0.00, 10.00, 0.00, 20.00, 0.00, 0.00, '2024-08-29 00:14:36', '2024-08-29 00:14:36', 14),
(700, 1, '7702111273504', 0, 2, 0, 0, 0.00, 30.00, 0.00, 70.00, 0.00, 0.00, '2024-08-29 00:17:56', '2024-08-29 00:17:56', 14),
(701, 1, 'BIC R', 0, 33, 0, 0, 0.00, 5.00, 0.00, 7.00, 0.00, 0.00, '2024-08-29 00:20:43', '2024-08-29 00:20:43', 14),
(702, 3, '7502005875643', 2, 5, 0, 0, 18.23, 18.23, 25.00, 25.00, 0.00, 0.00, '2024-08-29 00:22:45', '2024-08-29 00:22:45', 14),
(703, 2, '7503030727198', 9, 9, 0, 0, 80.00, 80.00, 150.00, 150.00, 0.00, 0.00, '2024-08-30 00:48:30', '2024-08-30 00:48:30', 14),
(704, 1, '747837', 0, 9, 0, 0, 0.00, 200.00, 0.00, 300.00, 0.00, 0.00, '2024-08-30 00:49:18', '2024-08-30 00:49:18', 14),
(705, 1, 'carteras', 0, 11, 0, 0, 0.00, 50.00, 0.00, 150.00, 0.00, 0.00, '2024-08-30 18:51:59', '2024-08-30 18:51:59', 14),
(706, 1, 'navajas', 0, 4, 0, 0, 0.00, 50.00, 0.00, 100.00, 0.00, 0.00, '2024-08-30 19:00:06', '2024-08-30 19:00:06', 14),
(707, 1, 'karterasg', 0, 3, 0, 0, 0.00, 80.00, 0.00, 120.00, 0.00, 0.00, '2024-08-30 19:25:58', '2024-08-30 19:25:58', 14),
(708, 1, 'karterasc', 0, 2, 0, 0, 0.00, 30.00, 0.00, 80.00, 0.00, 0.00, '2024-08-30 19:37:56', '2024-08-30 19:37:56', 14),
(709, 1, '884839', 0, 1, 0, 0, 0.00, 40.00, 0.00, 80.00, 0.00, 0.00, '2024-08-30 19:46:01', '2024-08-30 19:46:01', 14),
(710, 1, 'cubilete', 0, 1, 0, 0, 0.00, 50.00, 0.00, 160.00, 0.00, 0.00, '2024-08-30 19:48:00', '2024-08-30 19:48:00', 14),
(711, 1, '8886660000008', 0, 2, 0, 0, 0.00, 150.00, 0.00, 250.00, 0.00, 0.00, '2024-08-30 20:08:36', '2024-08-30 20:08:36', 14),
(712, 1, 'LED837', 0, 1, 0, 0, 0.00, 60.00, 0.00, 160.00, 0.00, 0.00, '2024-08-30 20:30:26', '2024-08-30 20:30:26', 14),
(713, 1, '7680904', 0, 1, 0, 0, 0.00, 150.00, 0.00, 250.00, 0.00, 0.00, '2024-08-30 20:34:32', '2024-08-30 20:34:32', 14),
(714, 1, 'H0546655', 0, 9, 0, 0, 0.00, 200.00, 0.00, 350.00, 0.00, 0.00, '2024-08-30 20:52:52', '2024-08-30 20:52:52', 14),
(715, 1, '0100281568', 0, 1, 0, 0, 0.00, 40.00, 0.00, 80.00, 0.00, 0.00, '2024-08-30 21:02:01', '2024-08-30 21:02:01', 14),
(716, 1, 'flornaranja', 0, 1, 0, 0, 0.00, 20.00, 0.00, 50.00, 0.00, 0.00, '2024-08-30 21:02:55', '2024-08-30 21:02:55', 14),
(717, 1, 'ring', 0, 5, 0, 0, 0.00, 20.00, 0.00, 40.00, 0.00, 0.00, '2024-08-30 21:07:48', '2024-08-30 21:07:48', 14),
(718, 1, 'naipes', 0, 5, 0, 0, 0.00, 50.00, 0.00, 120.00, 0.00, 0.00, '2024-08-30 21:31:20', '2024-08-30 21:31:20', 14),
(719, 1, '7503108888110', 0, 2, 0, 0, 0.00, 100.00, 0.00, 200.00, 0.00, 0.00, '2024-08-31 00:21:28', '2024-08-31 00:21:28', 14),
(720, 1, '6987925200125', 0, 1, 0, 0, 0.00, 20.00, 0.00, 40.00, 0.00, 0.00, '2024-09-03 18:00:15', '2024-09-03 18:00:15', 14),
(721, 3, '8886660000008', 2, 3, 0, 0, 150.00, 150.00, 250.00, 250.00, 0.00, 0.00, '2024-09-03 18:06:33', '2024-09-03 18:06:33', 14),
(722, 1, 'SANJUDAS', 0, 3, 0, 0, 0.00, 20.00, 0.00, 30.00, 0.00, 0.00, '2024-09-03 18:40:39', '2024-09-03 18:40:39', 14),
(723, 1, 'smart', 0, 1, 0, 0, 0.00, 100.00, 0.00, 200.00, 0.00, 0.00, '2024-09-03 18:44:46', '2024-09-03 18:44:46', 14),
(724, 1, 'relojh', 0, 1, 0, 0, 0.00, 100.00, 0.00, 200.00, 0.00, 0.00, '2024-09-03 18:46:34', '2024-09-03 18:46:34', 14),
(725, 1, 'osocolor', 0, 3, 0, 0, 0.00, 50.00, 0.00, 100.00, 0.00, 0.00, '2024-09-03 18:58:00', '2024-09-03 18:58:00', 14),
(726, 3, 'H0546655', 9, 10, 0, 0, 200.00, 200.00, 350.00, 350.00, 0.00, 0.00, '2024-09-03 18:58:17', '2024-09-03 18:58:17', 14),
(727, 1, 'piedras', 0, 4, 0, 0, 0.00, 50.00, 0.00, 100.00, 0.00, 0.00, '2024-09-03 19:09:06', '2024-09-03 19:09:06', 14),
(728, 1, '6820201113125', 0, 3, 0, 0, 0.00, 150.00, 0.00, 350.00, 0.00, 0.00, '2024-09-03 20:16:16', '2024-09-03 20:16:16', 14),
(729, 1, '7501366016009', 0, 2, 0, 0, 0.00, 150.00, 0.00, 350.00, 0.00, 0.00, '2024-09-03 20:17:05', '2024-09-03 20:17:05', 14),
(730, 1, 'b60', 0, 3, 0, 0, 0.00, 100.00, 0.00, 300.00, 0.00, 0.00, '2024-09-03 20:26:05', '2024-09-03 20:26:05', 14),
(731, 1, '7503032542782', 0, 2, 0, 0, 0.00, 150.00, 0.00, 350.00, 0.00, 0.00, '2024-09-03 20:27:22', '2024-09-03 20:27:22', 14),
(732, 1, '02720466', 0, 2, 0, 0, 0.00, 150.00, 0.00, 350.00, 0.00, 0.00, '2024-09-03 20:30:33', '2024-09-03 20:30:33', 14),
(733, 2, '28MVPGD0052935035', 2, 2, 0, 0, 50.00, 50.00, 250.00, 250.00, 0.00, 0.00, '2024-09-03 20:41:00', '2024-09-03 20:41:00', 14),
(734, 1, 'x15', 0, 1, 0, 0, 0.00, 150.00, 0.00, 300.00, 0.00, 0.00, '2024-09-03 21:00:12', '2024-09-03 21:00:12', 14),
(735, 1, '6970648213121', 0, 1, 0, 0, 0.00, 150.00, 0.00, 350.00, 0.00, 0.00, '2024-09-03 21:01:51', '2024-09-03 21:01:51', 14),
(736, 1, '590012328611', 0, 2, 0, 0, 0.00, 150.00, 0.00, 350.00, 0.00, 0.00, '2024-09-03 21:03:27', '2024-09-03 21:03:27', 14),
(737, 1, '0798190206783', 0, 1, 0, 0, 0.00, 150.00, 0.00, 300.00, 0.00, 0.00, '2024-09-03 21:05:07', '2024-09-03 21:05:07', 14),
(738, 1, '6972895046514', 0, 1, 0, 0, 0.00, 150.00, 0.00, 350.00, 0.00, 0.00, '2024-09-03 21:23:12', '2024-09-03 21:23:12', 14),
(739, 1, 'pro6s', 0, 4, 0, 0, 0.00, 150.00, 0.00, 300.00, 0.00, 0.00, '2024-09-03 21:31:00', '2024-09-03 21:31:00', 14),
(740, 1, 'xinmic7', 0, 3, 0, 0, 0.00, 150.00, 0.00, 250.00, 0.00, 0.00, '2024-09-04 00:05:41', '2024-09-04 00:05:41', 14),
(741, 1, 'yisenro', 0, 1, 0, 0, 0.00, 150.00, 0.00, 300.00, 0.00, 0.00, '2024-09-04 00:16:11', '2024-09-04 00:16:11', 14),
(742, 1, '6974368773415', 0, 2, 0, 0, 0.00, 150.00, 0.00, 350.00, 0.00, 0.00, '2024-09-04 00:21:04', '2024-09-04 00:21:04', 14),
(743, 1, '01749402', 0, 2, 0, 0, 0.00, 150.00, 0.00, 350.00, 0.00, 0.00, '2024-09-04 00:27:43', '2024-09-04 00:27:43', 14),
(744, 1, '6974368774658', 0, 1, 0, 0, 0.00, 150.00, 0.00, 350.00, 0.00, 0.00, '2024-09-04 00:36:31', '2024-09-04 00:36:31', 14),
(745, 1, '719804578', 0, 1, 0, 0, 0.00, 100.00, 0.00, 200.00, 0.00, 0.00, '2024-09-04 00:37:11', '2024-09-04 00:37:11', 14),
(746, 1, 'audtws', 0, 1, 0, 0, 0.00, 150.00, 0.00, 250.00, 0.00, 0.00, '2024-09-04 00:37:52', '2024-09-04 00:37:52', 14),
(747, 3, '6974368773415', 2, 3, 0, 0, 150.00, 150.00, 350.00, 350.00, 0.00, 0.00, '2024-09-04 00:44:17', '2024-09-04 00:44:17', 14),
(748, 1, '6928396781829', 0, 1, 0, 0, 0.00, 120.00, 0.00, 220.00, 0.00, 0.00, '2024-09-04 01:16:46', '2024-09-04 01:16:46', 14),
(749, 1, '7501616113007', 0, 1, 0, 0, 0.00, 30.00, 0.00, 60.00, 0.00, 0.00, '2024-09-04 01:20:56', '2024-09-04 01:20:56', 14),
(750, 1, 'ms2219', 0, 1, 0, 0, 0.00, 120.00, 0.00, 220.00, 0.00, 0.00, '2024-09-04 01:22:43', '2024-09-04 01:22:43', 14),
(751, 1, '4895174129888', 0, 1, 0, 0, 0.00, 150.00, 0.00, 250.00, 0.00, 0.00, '2024-09-04 01:27:47', '2024-09-04 01:27:47', 14),
(752, 1, '7501616110006', 0, 1, 0, 0, 0.00, 20.00, 0.00, 50.00, 0.00, 0.00, '2024-09-04 18:58:46', '2024-09-04 18:58:46', 14),
(753, 3, 'H0546655', 10, 11, 0, 0, 200.00, 200.00, 350.00, 350.00, 0.00, 0.00, '2024-09-04 19:07:53', '2024-09-04 19:07:53', 14),
(754, 1, 'ljkled', 0, 1, 0, 0, 0.00, 150.00, 0.00, 300.00, 0.00, 0.00, '2024-09-04 19:37:04', '2024-09-04 19:37:04', 14),
(755, 1, '622a', 0, 1, 0, 0, 0.00, 50.00, 0.00, 150.00, 0.00, 0.00, '2024-09-04 19:37:56', '2024-09-04 19:37:56', 14),
(756, 1, '7696582105122', 0, 1, 0, 0, 0.00, 50.00, 0.00, 80.00, 0.00, 0.00, '2024-09-04 19:41:54', '2024-09-04 19:41:54', 14),
(757, 1, '74949001', 0, 2, 0, 0, 0.00, 50.00, 0.00, 150.00, 0.00, 0.00, '2024-09-04 19:56:16', '2024-09-04 19:56:16', 14),
(758, 1, '7500938002389', 0, 1, 0, 0, 0.00, 150.00, 0.00, 300.00, 0.00, 0.00, '2024-09-04 20:50:37', '2024-09-04 20:50:37', 14),
(759, 1, '7503027214953', 0, 2, 0, 0, 0.00, 150.00, 0.00, 300.00, 0.00, 0.00, '2024-09-05 00:36:37', '2024-09-05 00:36:37', 14),
(760, 1, '7503027214670', 0, 2, 0, 0, 0.00, 150.00, 0.00, 350.00, 0.00, 0.00, '2024-09-05 00:37:26', '2024-09-05 00:37:26', 14),
(761, 1, 'animal1', 0, 1, 0, 0, 0.00, 70.00, 0.00, 150.00, 0.00, 0.00, '2024-09-05 18:01:50', '2024-09-05 18:01:50', 14),
(762, 1, '764451054851', 0, 1, 0, 0, 0.00, 30.00, 0.00, 60.00, 0.00, 0.00, '2024-09-06 18:55:17', '2024-09-06 18:55:17', 14),
(763, 3, 'N30467', 17, 20, 0, 0, 15.00, 15.00, 25.00, 25.00, 0.00, 0.00, '2024-09-06 18:58:39', '2024-09-06 18:58:39', 14),
(764, 1, 'WIR\'FX05', 0, 2, 0, 0, 0.00, 20.00, 0.00, 40.00, 0.00, 0.00, '2024-09-06 19:00:41', '2024-09-06 19:00:41', 14),
(765, 1, '046014783683', 0, 1, 0, 0, 0.00, 700.00, 0.00, 1500.00, 0.00, 0.00, '2024-09-07 00:26:35', '2024-09-07 00:26:35', 14),
(766, 3, 'G505G77', 0, 1, 0, 0, 50.00, 50.00, 150.00, 150.00, 0.00, 0.00, '2024-09-11 02:22:53', '2024-09-11 02:22:53', 14),
(767, 1, 'whcht580', 0, 1, 0, 0, 0.00, 200.00, 0.00, 350.00, 0.00, 0.00, '2024-09-12 18:22:42', '2024-09-12 18:22:42', 14),
(768, 1, '58100912', 0, 1, 0, 0, 0.00, 200.00, 0.00, 350.00, 0.00, 0.00, '2024-09-12 18:23:21', '2024-09-12 18:23:21', 14),
(769, 1, '950bt', 0, 1, 0, 0, 0.00, 200.00, 0.00, 350.00, 0.00, 0.00, '2024-09-12 18:24:05', '2024-09-12 18:24:05', 14),
(770, 1, 'etiketa', 0, 5, 0, 0, 0.00, 5.00, 0.00, 15.00, 0.00, 0.00, '2024-09-12 19:11:54', '2024-09-12 19:11:54', 14),
(771, 1, 'elementos', 0, 3, 0, 0, 0.00, 10.00, 0.00, 20.00, 0.00, 0.00, '2024-09-12 21:11:30', '2024-09-12 21:11:30', 14),
(772, 1, 'pi 14', 0, 1, 0, 0, 0.00, 100.00, 0.00, 220.00, 0.00, 0.00, '2024-09-13 19:27:48', '2024-09-13 19:27:48', 14),
(773, 1, '1415', 0, 1, 0, 0, 0.00, 100.00, 0.00, 200.00, 0.00, 0.00, '2024-09-13 19:28:39', '2024-09-13 19:28:39', 14),
(774, 1, 'r123', 0, 1, 0, 0, 0.00, 150.00, 0.00, 250.00, 0.00, 0.00, '2024-09-13 19:30:42', '2024-09-13 19:30:42', 14),
(775, 1, '14 p', 0, 1, 0, 0, 0.00, 150.00, 0.00, 250.00, 0.00, 0.00, '2024-09-13 19:31:37', '2024-09-13 19:31:37', 14),
(776, 3, '14 P', 1, 2, 0, 0, 150.00, 150.00, 250.00, 250.00, 0.00, 0.00, '2024-09-13 19:43:54', '2024-09-13 19:43:54', 14),
(777, 3, 'PI 14', 1, 3, 0, 0, 100.00, 100.00, 220.00, 220.00, 0.00, 0.00, '2024-09-13 19:46:01', '2024-09-13 19:46:01', 14),
(778, 1, 'R 14', 0, 1, 0, 0, 0.00, 100.00, 0.00, 200.00, 0.00, 0.00, '2024-09-13 20:05:08', '2024-09-13 20:05:08', 14),
(779, 1, 'si 14', 0, 1, 0, 0, 0.00, 50.00, 0.00, 150.00, 0.00, 0.00, '2024-09-13 20:09:52', '2024-09-13 20:09:52', 14),
(780, 1, 'rp1', 0, 1, 0, 0, 0.00, 150.00, 0.00, 250.00, 0.00, 0.00, '2024-09-13 20:19:24', '2024-09-13 20:19:24', 14),
(781, 1, '14 px', 0, 2, 0, 0, 0.00, 150.00, 0.00, 280.00, 0.00, 0.00, '2024-09-13 20:21:08', '2024-09-13 20:21:08', 14),
(782, 1, '1515', 0, 1, 0, 0, 0.00, 100.00, 0.00, 200.00, 0.00, 0.00, '2024-09-13 20:26:23', '2024-09-13 20:26:23', 14),
(783, 1, 'r 88', 0, 1, 0, 0, 0.00, 100.00, 0.00, 200.00, 0.00, 0.00, '2024-09-13 20:28:34', '2024-09-13 20:28:34', 14),
(784, 1, '1010', 0, 1, 0, 0, 0.00, 100.00, 0.00, 200.00, 0.00, 0.00, '2024-09-13 20:33:21', '2024-09-13 20:33:21', 14),
(785, 1, 's55', 0, 1, 0, 0, 0.00, 50.00, 0.00, 150.00, 0.00, 0.00, '2024-09-13 20:46:18', '2024-09-13 20:46:18', 14),
(786, 1, 'bb 14', 0, 1, 0, 0, 0.00, 100.00, 0.00, 200.00, 0.00, 0.00, '2024-09-14 00:30:46', '2024-09-14 00:30:46', 14),
(787, 1, '74848150', 0, 4, 0, 0, 0.00, 150.00, 0.00, 250.00, 0.00, 0.00, '2024-09-24 18:52:57', '2024-09-24 18:52:57', 14),
(788, 1, '9065930', 0, 4, 0, 0, 0.00, 150.00, 0.00, 280.00, 0.00, 0.00, '2024-09-24 18:57:29', '2024-09-24 18:57:29', 14),
(789, 1, '748282948', 0, 1, 0, 0, 0.00, 10.00, 0.00, 200.00, 0.00, 0.00, '2024-09-24 19:02:22', '2024-09-24 19:02:22', 14),
(790, 1, '74682739', 0, 1, 0, 0, 0.00, 100.00, 0.00, 200.00, 0.00, 0.00, '2024-09-24 19:12:48', '2024-09-24 19:12:48', 14),
(791, 1, '8493920174', 0, 1, 0, 0, 0.00, 50.00, 0.00, 150.00, 0.00, 0.00, '2024-09-24 19:13:26', '2024-09-24 19:13:26', 14),
(792, 1, '749785777', 0, 2, 0, 0, 0.00, 150.00, 0.00, 280.00, 0.00, 0.00, '2024-09-24 19:20:08', '2024-09-24 19:20:08', 14),
(793, 1, '77485800', 0, 2, 0, 0, 0.00, 150.00, 0.00, 250.00, 0.00, 0.00, '2024-09-24 19:29:50', '2024-09-24 19:29:50', 14),
(794, 1, '474859', 0, 1, 0, 0, 0.00, 150.00, 0.00, 250.00, 0.00, 0.00, '2024-09-24 20:54:05', '2024-09-24 20:54:05', 14),
(795, 1, '7591684', 0, 1, 0, 0, 0.00, 100.00, 0.00, 200.00, 0.00, 0.00, '2024-09-24 20:54:50', '2024-09-24 20:54:50', 14),
(796, 1, '23131230021', 0, 1, 0, 0, 0.00, 150.00, 0.00, 250.00, 0.00, 0.00, '2024-09-24 20:58:25', '2024-09-24 20:58:25', 14),
(797, 1, '946482640', 0, 2, 0, 0, 0.00, 50.00, 0.00, 150.00, 0.00, 0.00, '2024-09-24 21:00:26', '2024-09-24 21:00:26', 14),
(798, 1, '995643786', 0, 1, 0, 0, 0.00, 150.00, 0.00, 250.00, 0.00, 0.00, '2024-09-24 21:05:15', '2024-09-24 21:05:15', 14),
(799, 1, '5758680', 0, 1, 0, 0, 0.00, 150.00, 0.00, 250.00, 0.00, 0.00, '2024-09-24 21:06:02', '2024-09-24 21:06:02', 14),
(800, 1, '436586864', 0, 2, 0, 0, 0.00, 150.00, 0.00, 250.00, 0.00, 0.00, '2024-09-24 23:58:44', '2024-09-24 23:58:44', 14);
INSERT INTO `inventario_movimientos` (`id`, `id_tipo_movimiento`, `codigo_producto`, `existencia_anterior`, `existencia_movimiento`, `existencia_minima_anterior`, `existencia_minima_movimiento`, `precio_costo_anterior`, `precio_costo_movimiento`, `precio_venta_anterior`, `precio_venta_movimiento`, `precio_mayoreo_anterior`, `precio_mayoreo_movimiento`, `created_at`, `updated_at`, `id_usuario_movimiento`) VALUES
(801, 1, '6447584637', 0, 2, 0, 0, 0.00, 150.00, 0.00, 280.00, 0.00, 0.00, '2024-09-24 23:59:44', '2024-09-24 23:59:44', 14),
(802, 1, '942764849', 0, 1, 0, 0, 0.00, 100.00, 0.00, 200.00, 0.00, 0.00, '2024-09-25 00:09:39', '2024-09-25 00:09:39', 14),
(803, 1, '55846648', 0, 1, 0, 0, 0.00, 150.00, 0.00, 250.00, 0.00, 0.00, '2024-09-25 00:12:57', '2024-09-25 00:12:57', 14),
(804, 1, '874684572638', 0, 2, 0, 0, 0.00, 100.00, 0.00, 200.00, 0.00, 0.00, '2024-09-25 17:37:55', '2024-09-25 17:37:55', 14),
(805, 1, '56867465', 0, 2, 0, 0, 0.00, 100.00, 0.00, 200.00, 0.00, 0.00, '2024-09-25 17:44:18', '2024-09-25 17:44:18', 14),
(806, 1, '538252847', 0, 1, 0, 0, 0.00, 50.00, 0.00, 150.00, 0.00, 0.00, '2024-09-25 17:53:09', '2024-09-25 17:53:09', 14),
(807, 1, '477367668', 0, 1, 0, 0, 0.00, 50.00, 0.00, 150.00, 0.00, 0.00, '2024-09-25 17:54:28', '2024-09-25 17:54:28', 14),
(808, 1, '5385383', 0, 1, 0, 0, 0.00, 100.00, 0.00, 200.00, 0.00, 0.00, '2024-09-25 17:58:34', '2024-09-25 17:58:34', 14),
(809, 1, '46477665', 0, 2, 0, 0, 0.00, 150.00, 0.00, 250.00, 0.00, 0.00, '2024-09-25 18:52:26', '2024-09-25 18:52:26', 14),
(810, 3, '740617298697', 4, 0, 0, 0, 100.00, 100.00, 280.00, 280.00, 0.00, 0.00, '2024-09-27 00:58:14', '2024-09-27 00:58:14', 14),
(811, 2, '740617298697', 0, 0, 0, 0, 100.00, 100.00, 280.00, 280.00, 0.00, 0.00, '2024-09-27 00:58:18', '2024-09-27 00:58:18', 14),
(812, 2, '774210774210', 0, 0, 0, 0, 150.00, 150.00, 250.00, 250.00, 0.00, 0.00, '2024-10-03 01:15:46', '2024-10-03 01:15:46', 14),
(813, 1, '6952525808095', 0, 1, 0, 0, 0.00, 60.00, 0.00, 120.00, 0.00, 0.00, '2024-10-11 18:27:17', '2024-10-11 18:27:17', 14),
(814, 1, '6935783628001', 0, 1, 0, 0, 0.00, 70.00, 0.00, 130.00, 0.00, 0.00, '2024-10-11 18:28:49', '2024-10-11 18:28:49', 14),
(815, 1, '6925625488825', 0, 1, 0, 0, 0.00, 50.00, 0.00, 150.00, 0.00, 0.00, '2024-10-11 18:29:57', '2024-10-11 18:29:57', 14),
(816, 1, '6947363109664', 0, 1, 0, 0, 0.00, 50.00, 0.00, 150.00, 0.00, 0.00, '2024-10-11 18:31:22', '2024-10-11 18:31:22', 14),
(817, 1, '8577111148317', 0, 1, 0, 0, 0.00, 20.00, 0.00, 60.00, 0.00, 0.00, '2024-10-11 18:32:15', '2024-10-11 18:32:15', 14),
(818, 1, '7606652513702', 0, 1, 0, 0, 0.00, 40.00, 0.00, 80.00, 0.00, 0.00, '2024-10-11 18:33:17', '2024-10-11 18:33:17', 14),
(819, 3, '7606652513702', 1, 2, 0, 0, 40.00, 40.00, 80.00, 80.00, 0.00, 0.00, '2024-10-11 18:33:48', '2024-10-11 18:33:48', 14),
(820, 1, '684648', 0, 4, 0, 0, 0.00, 40.00, 0.00, 80.00, 0.00, 0.00, '2024-10-11 19:00:22', '2024-10-11 19:00:22', 14),
(821, 1, '8433802979212', 0, 4, 0, 0, 0.00, 50.00, 0.00, 100.00, 0.00, 0.00, '2024-10-11 19:10:12', '2024-10-11 19:10:12', 14),
(822, 1, '647837449', 0, 2, 0, 0, 0.00, 20.00, 0.00, 50.00, 0.00, 0.00, '2024-10-11 19:23:48', '2024-10-11 19:23:48', 14),
(823, 1, '8433802979250', 0, 1, 0, 0, 0.00, 40.00, 0.00, 80.00, 0.00, 0.00, '2024-10-11 19:26:32', '2024-10-11 19:26:32', 14),
(824, 1, 'B08HKV65M8', 0, 1, 0, 0, 0.00, 40.00, 0.00, 80.00, 0.00, 0.00, '2024-10-11 19:28:48', '2024-10-11 19:28:48', 14),
(825, 1, '6972543659158', 0, 1, 0, 0, 0.00, 50.00, 0.00, 150.00, 0.00, 0.00, '2024-10-11 19:33:32', '2024-10-11 19:33:32', 14),
(826, 1, '6916395613456', 0, 1, 0, 0, 0.00, 80.00, 0.00, 180.00, 0.00, 0.00, '2024-10-11 19:36:41', '2024-10-11 19:36:41', 14),
(827, 1, '7503032542652', 0, 1, 0, 0, 0.00, 150.00, 0.00, 250.00, 0.00, 0.00, '2024-10-11 19:38:33', '2024-10-11 19:38:33', 14),
(828, 1, '6928396782314', 0, 1, 0, 0, 0.00, 150.00, 0.00, 250.00, 0.00, 0.00, '2024-10-11 19:41:33', '2024-10-11 19:41:33', 14),
(829, 1, '7503030935067', 0, 1, 0, 0, 0.00, 250.00, 0.00, 350.00, 0.00, 0.00, '2024-10-11 19:42:53', '2024-10-11 19:42:53', 14),
(830, 1, 'M330\'33H\'2', 0, 1, 0, 0, 0.00, 60.00, 0.00, 120.00, 0.00, 0.00, '2024-10-11 19:45:38', '2024-10-11 19:45:38', 14),
(831, 3, '6936200130992', 1, 1, 0, 0, 60.00, 60.00, 120.00, 120.00, 0.00, 0.00, '2024-10-11 19:50:30', '2024-10-11 19:50:30', 14),
(832, 1, '07503048808131', 0, 3, 0, 0, 0.00, 50.00, 0.00, 100.00, 0.00, 0.00, '2024-10-15 19:40:08', '2024-10-15 19:40:08', 14),
(833, 1, 'MO.14', 0, 1, 0, 0, 0.00, 50.00, 0.00, 100.00, 0.00, 0.00, '2024-10-15 19:41:22', '2024-10-15 19:41:22', 14),
(834, 3, 'MO.14', 1, 3, 0, 0, 50.00, 50.00, 100.00, 100.00, 0.00, 0.00, '2024-10-15 19:41:37', '2024-10-15 19:41:37', 14),
(835, 1, 'mousecolor', 0, 3, 0, 0, 0.00, 50.00, 0.00, 120.00, 0.00, 0.00, '2024-10-15 19:49:42', '2024-10-15 19:49:42', 14),
(836, 1, '6955727730430', 0, 1, 0, 0, 0.00, 50.00, 0.00, 120.00, 0.00, 0.00, '2024-10-15 19:52:34', '2024-10-15 19:52:34', 14),
(837, 1, '8770000000126', 0, 1, 0, 0, 0.00, 50.00, 0.00, 150.00, 0.00, 0.00, '2024-10-15 19:53:32', '2024-10-15 19:53:32', 14),
(838, 1, '7505929253009', 0, 2, 0, 0, 0.00, 100.00, 0.00, 200.00, 0.00, 0.00, '2024-10-15 20:01:18', '2024-10-15 20:01:18', 14),
(839, 1, '7505592392562', 0, 1, 0, 0, 0.00, 100.00, 0.00, 200.00, 0.00, 0.00, '2024-10-15 20:02:03', '2024-10-15 20:02:03', 14),
(840, 1, 'STVT56317', 0, 1, 0, 0, 0.00, 100.00, 0.00, 200.00, 0.00, 0.00, '2024-10-15 20:03:18', '2024-10-15 20:03:18', 14),
(841, 1, 'LVQN71836', 0, 1, 0, 0, 0.00, 150.00, 0.00, 300.00, 0.00, 0.00, '2024-10-15 20:05:33', '2024-10-15 20:05:33', 14),
(842, 1, '6974368773033', 0, 3, 0, 0, 0.00, 150.00, 0.00, 250.00, 0.00, 0.00, '2024-10-15 20:07:20', '2024-10-15 20:07:20', 14),
(843, 1, '7505592392524', 0, 1, 0, 0, 0.00, 50.00, 0.00, 150.00, 0.00, 0.00, '2024-10-15 20:08:00', '2024-10-15 20:08:00', 14),
(844, 1, '7506086660150', 0, 1, 0, 0, 0.00, 150.00, 0.00, 250.00, 0.00, 0.00, '2024-10-15 20:09:06', '2024-10-15 20:09:06', 14),
(845, 2, 'Y99808', 1, 1, 0, 0, 100.00, 100.00, 200.00, 200.00, 0.00, 0.00, '2024-10-19 02:32:36', '2024-10-19 02:32:36', 14),
(846, 3, 'Y99808', 1, 0, 0, 0, 100.00, 100.00, 200.00, 200.00, 0.00, 0.00, '2024-10-19 02:33:06', '2024-10-19 02:33:06', 14),
(847, 3, 'Y99505', 0, 0, 0, 0, 100.00, 100.00, 200.00, 200.00, 0.00, 0.00, '2024-10-19 02:33:56', '2024-10-19 02:33:56', 14),
(848, 2, 'Y99606', 1, 1, 0, 0, 1000.00, 1000.00, 200.00, 200.00, 0.00, 0.00, '2024-10-19 02:34:24', '2024-10-19 02:34:24', 14),
(849, 4, 'Y99606', 1, 1, 0, 0, 1000.00, 1000.00, 200.00, 200.00, 0.00, 0.00, '2024-10-19 02:34:39', '2024-10-19 02:34:39', 14),
(850, 2, 'Y99505', 0, 0, 0, 0, 100.00, 100.00, 200.00, 200.00, 0.00, 0.00, '2024-10-19 02:34:59', '2024-10-19 02:34:59', 14),
(851, 2, 'Y99909', 0, 0, 0, 0, 100.00, 100.00, 200.00, 200.00, 0.00, 0.00, '2024-10-19 02:35:04', '2024-10-19 02:35:04', 14),
(852, 2, 'Y99707', 0, 0, 0, 0, 100.00, 100.00, 200.00, 200.00, 0.00, 0.00, '2024-10-19 02:35:07', '2024-10-19 02:35:07', 14),
(853, 1, '590012328704', 0, 1, 0, 0, 0.00, 100.00, 0.00, 200.00, 0.00, 0.00, '2024-10-19 02:37:08', '2024-10-19 02:37:08', 14),
(854, 3, 'OP15790', 1, 2, 0, 0, 50.00, 50.00, 150.00, 150.00, 0.00, 0.00, '2024-10-19 18:40:39', '2024-10-19 18:40:39', 14),
(855, 2, '96047462528', 1, 1, 0, 0, 70.00, 70.00, 150.00, 150.00, 0.00, 0.00, '2024-10-19 18:45:35', '2024-10-19 18:45:35', 14),
(856, 3, '96047462528', 1, 0, 0, 0, 70.00, 70.00, 150.00, 150.00, 0.00, 0.00, '2024-10-19 18:45:47', '2024-10-19 18:45:47', 14),
(857, 3, 'USORUDOZTEBLADEA71', 1, 0, 0, 0, 43.00, 43.00, 150.00, 150.00, 0.00, 0.00, '2024-10-19 18:46:19', '2024-10-19 18:46:19', 14),
(858, 2, 'USORUDOZTEBLADEA71', 0, 0, 0, 0, 43.00, 43.00, 150.00, 150.00, 0.00, 0.00, '2024-10-19 18:46:24', '2024-10-19 18:46:24', 14),
(859, 3, '687575857', 1, 1, 0, 0, 100.00, 100.00, 250.00, 150.00, 0.00, 0.00, '2024-10-19 18:53:33', '2024-10-19 18:53:33', 14),
(860, 2, 'OPA535N', 1, 1, 0, 0, 50.00, 50.00, 150.00, 150.00, 0.00, 0.00, '2024-10-19 19:09:16', '2024-10-19 19:09:16', 14),
(861, 1, 'a53op', 0, 1, 0, 0, 0.00, 60.00, 0.00, 150.00, 0.00, 0.00, '2024-10-19 19:12:05', '2024-10-19 19:12:05', 14),
(862, 3, 'A53OP', 1, 1, 0, 0, 60.00, 60.00, 150.00, 150.00, 0.00, 0.00, '2024-10-19 19:13:23', '2024-10-19 19:13:23', 14),
(863, 3, 'A53OP', 1, 1, 0, 0, 60.00, 60.00, 150.00, 150.00, 0.00, 0.00, '2024-10-19 19:13:56', '2024-10-19 19:13:56', 14),
(864, 3, 'OPA535N', 1, 0, 0, 0, 50.00, 50.00, 150.00, 150.00, 0.00, 0.00, '2024-10-19 19:14:06', '2024-10-19 19:14:06', 14),
(865, 3, 'E1345653', 1, 1, 0, 0, 150.00, 100.00, 250.00, 150.00, 0.00, 0.00, '2024-10-19 21:16:43', '2024-10-19 21:16:43', 14),
(866, 1, '1688331', 0, 1, 0, 0, 0.00, 100.00, 0.00, 200.00, 0.00, 0.00, '2024-10-21 18:14:43', '2024-10-21 18:14:43', 14),
(867, 3, 'S22325675', 2, 3, 0, 0, 50.00, 50.00, 150.00, 150.00, 0.00, 0.00, '2024-10-21 18:15:13', '2024-10-21 18:15:13', 14),
(868, 3, 'C22324657', 1, 2, 0, 0, 100.00, 100.00, 200.00, 200.00, 0.00, 0.00, '2024-10-21 18:32:23', '2024-10-21 18:32:23', 14),
(869, 1, '232838', 0, 1, 0, 0, 0.00, 50.00, 0.00, 150.00, 0.00, 0.00, '2024-10-21 18:33:24', '2024-10-21 18:33:24', 14),
(870, 1, 'batman0', 0, 1, 0, 0, 0.00, 100.00, 0.00, 200.00, 0.00, 0.00, '2024-10-21 19:29:02', '2024-10-21 19:29:02', 14),
(871, 2, '622A', 0, 0, 0, 0, 50.00, 50.00, 150.00, 150.00, 0.00, 0.00, '2024-10-21 19:39:40', '2024-10-21 19:39:40', 14),
(872, 1, 'barbie1', 0, 2, 0, 0, 0.00, 60.00, 0.00, 100.00, 0.00, 0.00, '2024-10-22 19:51:27', '2024-10-22 19:51:27', 14),
(873, 1, 'barbie2', 0, 1, 0, 0, 0.00, 750.00, 0.00, 120.00, 0.00, 0.00, '2024-10-22 19:52:58', '2024-10-22 19:52:58', 14),
(874, 1, '943726284', 0, 2, 0, 0, 0.00, 50.00, 0.00, 150.00, 0.00, 0.00, '2024-10-23 18:35:26', '2024-10-23 18:35:26', 14),
(875, 1, '7482884', 0, 1, 0, 0, 0.00, 100.00, 0.00, 200.00, 0.00, 0.00, '2024-10-23 18:40:55', '2024-10-23 18:40:55', 14),
(876, 1, '6139498', 0, 1, 0, 0, 0.00, 100.00, 0.00, 200.00, 0.00, 0.00, '2024-10-23 18:42:46', '2024-10-23 18:42:46', 14),
(877, 1, '64383829', 0, 1, 0, 0, 0.00, 50.00, 0.00, 150.00, 0.00, 0.00, '2024-10-23 18:51:08', '2024-10-23 18:51:08', 14),
(878, 1, '7282528', 0, 1, 0, 0, 0.00, 50.00, 0.00, 150.00, 0.00, 0.00, '2024-10-23 18:52:10', '2024-10-23 18:52:10', 14),
(879, 1, '6674638', 0, 1, 0, 0, 0.00, 100.00, 0.00, 200.00, 0.00, 0.00, '2024-10-23 18:59:17', '2024-10-23 18:59:17', 14),
(880, 1, '7974726', 0, 1, 0, 0, 0.00, 100.00, 0.00, 200.00, 0.00, 0.00, '2024-10-23 18:59:53', '2024-10-23 18:59:53', 14),
(881, 1, '82884377', 0, 2, 0, 0, 0.00, 100.00, 0.00, 200.00, 0.00, 0.00, '2024-10-23 19:05:21', '2024-10-23 19:05:21', 14),
(882, 1, '6383628', 0, 1, 0, 0, 0.00, 50.00, 0.00, 150.00, 0.00, 0.00, '2024-10-23 19:13:42', '2024-10-23 19:13:42', 14),
(883, 1, '5372727', 0, 1, 0, 0, 0.00, 100.00, 0.00, 200.00, 0.00, 0.00, '2024-10-23 19:14:18', '2024-10-23 19:14:18', 14),
(884, 1, '558689112', 0, 1, 0, 0, 0.00, 100.00, 0.00, 200.00, 0.00, 0.00, '2024-10-23 19:17:50', '2024-10-23 19:17:50', 14),
(885, 1, '5387269', 0, 1, 0, 0, 0.00, 100.00, 0.00, 200.00, 0.00, 0.00, '2024-10-23 19:19:16', '2024-10-23 19:19:16', 14),
(886, 1, 'KB01', 0, 1, 0, 0, 0.00, 150.00, 0.00, 250.00, 0.00, 0.00, '2024-10-23 20:21:35', '2024-10-23 20:21:35', 14),
(887, 1, '908004675', 0, 4, 0, 0, 0.00, 80.00, 0.00, 180.00, 0.00, 0.00, '2024-10-23 20:36:36', '2024-10-23 20:36:36', 14),
(888, 3, '647484', 2, 3, 0, 0, 15.00, 15.00, 30.00, 30.00, 0.00, 0.00, '2024-10-24 00:58:12', '2024-10-24 00:58:12', 14),
(889, 1, '6986393388366', 0, 2, 0, 0, 0.00, 10.00, 0.00, 20.00, 0.00, 0.00, '2024-10-24 01:03:34', '2024-10-24 01:03:34', 14),
(890, 2, 'A1051055105', 0, 0, 0, 0, 60.00, 60.00, 150.00, 150.00, 0.00, 0.00, '2024-10-24 21:07:12', '2024-10-24 21:07:12', 14),
(891, 2, 'SMA105M10S', 0, 0, 0, 0, 50.00, 50.00, 150.00, 150.00, 0.00, 0.00, '2024-10-24 21:07:16', '2024-10-24 21:07:16', 14),
(892, 1, 'GGSW83727', 0, 1, 0, 0, 0.00, 50.00, 0.00, 150.00, 0.00, 0.00, '2024-10-25 18:51:27', '2024-10-25 18:51:27', 14),
(893, 2, 'OPA78HOLDER', 1, 1, 0, 0, 100.00, 100.00, 250.00, 250.00, 0.00, 0.00, '2024-10-28 19:19:44', '2024-10-28 19:19:44', 14),
(894, 4, 'OPA78HOLDER', 1, 1, 0, 0, 100.00, 100.00, 250.00, 250.00, 0.00, 0.00, '2024-10-28 19:20:03', '2024-10-28 19:20:03', 14),
(895, 2, 'OPA78HOLDER', 1, 1, 0, 0, 100.00, 100.00, 250.00, 250.00, 0.00, 0.00, '2024-10-28 20:17:03', '2024-10-28 20:17:03', 14),
(896, 1, 'a78op', 0, 1, 0, 0, 0.00, 98.00, 0.00, 250.00, 0.00, 0.00, '2024-10-28 20:22:52', '2024-10-28 20:22:52', 14),
(897, 1, 't3', 0, 1, 0, 0, 0.00, 60.00, 0.00, 300.00, 0.00, 0.00, '2024-10-29 02:41:59', '2024-10-29 02:41:59', 14),
(898, 2, 'BB 14', 1, 1, 0, 0, 100.00, 100.00, 200.00, 200.00, 0.00, 0.00, '2024-11-01 01:54:58', '2024-11-01 01:54:58', 14),
(899, 3, 'BB 14', 1, 0, 0, 0, 100.00, 100.00, 200.00, 200.00, 0.00, 0.00, '2024-11-01 01:55:06', '2024-11-01 01:55:06', 14),
(900, 2, 'A03C083', 1, 1, 0, 0, 150.00, 150.00, 250.00, 250.00, 0.00, 0.00, '2024-11-02 16:53:18', '2024-11-02 16:53:18', 14),
(901, 3, 'A03C083', 1, 0, 0, 0, 150.00, 150.00, 250.00, 250.00, 0.00, 0.00, '2024-11-02 16:53:29', '2024-11-02 16:53:29', 14),
(902, 2, 'A035748', 1, 1, 0, 0, 100.00, 100.00, 200.00, 200.00, 0.00, 0.00, '2024-11-02 16:53:44', '2024-11-02 16:53:44', 14),
(903, 3, 'A035748', 1, 0, 0, 0, 100.00, 100.00, 200.00, 200.00, 0.00, 0.00, '2024-11-02 16:53:52', '2024-11-02 16:53:52', 14),
(904, 2, '7282528', 1, 1, 0, 0, 50.00, 50.00, 150.00, 150.00, 0.00, 0.00, '2024-11-02 16:54:19', '2024-11-02 16:54:19', 14),
(905, 3, '7282528', 1, 0, 0, 0, 50.00, 50.00, 150.00, 150.00, 0.00, 0.00, '2024-11-02 16:54:24', '2024-11-02 16:54:24', 14),
(906, 3, 'BARBIE2', 1, 2, 0, 0, 750.00, 750.00, 120.00, 120.00, 0.00, 0.00, '2024-11-02 17:36:03', '2024-11-02 17:36:03', 14),
(907, 1, 'copia', 0, -1, 0, -1, 0.00, 1.00, 0.00, 20.00, 0.00, 0.00, '2024-11-02 18:35:30', '2024-11-02 18:35:30', 14),
(908, 1, '100', 0, -1, 0, -1, 0.00, 95.00, 0.00, 100.00, 0.00, 0.00, '2024-11-02 18:38:06', '2024-11-02 18:38:06', 14),
(909, 3, '101', 0, -1, 0, -1, 0.00, 1.00, 5.00, 5.00, 0.00, 3.00, '2024-11-05 19:55:06', '2024-11-05 19:55:06', 14),
(910, 3, 'CARPETACARTA', 20, 54, 10, 10, 2.00, 2.00, 4.00, 4.00, 0.00, 0.00, '2024-11-05 20:09:04', '2024-11-05 20:09:04', 14),
(911, 3, 'CARPETASOBRESMART', 4, 8, 0, 0, 14.00, 14.00, 22.00, 22.00, 0.00, 0.00, '2024-11-05 20:25:36', '2024-11-05 20:25:36', 14),
(912, 1, 'sobreoficiosmart', 0, 1, 0, 0, 0.00, 16.00, 0.00, 25.00, 0.00, 0.00, '2024-11-05 20:26:33', '2024-11-05 20:26:33', 14),
(913, 1, 'carpetacostilla', 0, 3, 0, 0, 0.00, 10.00, 0.00, 15.00, 0.00, 0.00, '2024-11-05 20:31:43', '2024-11-05 20:31:43', 14),
(914, 1, 'sobrehorizontal', 0, 3, 0, 0, 0.00, 15.00, 0.00, 22.00, 0.00, 0.00, '2024-11-05 20:33:54', '2024-11-05 20:33:54', 14),
(915, 1, 'sobrecarta', 0, 18, 0, 0, 0.00, 5.00, 0.00, 8.00, 0.00, 0.00, '2024-11-05 20:39:44', '2024-11-05 20:39:44', 14),
(916, 1, '4', 0, 146, 0, 0, 0.00, 3.00, 0.00, 5.00, 0.00, 0.00, '2024-11-05 20:47:08', '2024-11-05 20:47:08', 14),
(917, 1, 'SOBREEXTRAOFICIO', 0, 49, 0, 0, 0.00, 7.00, 0.00, 10.00, 0.00, 0.00, '2024-11-05 20:51:41', '2024-11-05 20:51:41', 14),
(918, 1, 'HOJASCOLOR', 0, 0, 0, 0, 0.00, 1.00, 0.00, 2.00, 0.00, 0.00, '2024-11-05 20:59:34', '2024-11-05 20:59:34', 14),
(919, 2, 'HOJASDECOLORES', 345, 345, 20, 20, 1.00, 1.00, 2.00, 2.00, 0.00, 0.00, '2024-11-05 23:44:22', '2024-11-05 23:44:22', 14),
(920, 3, 'HOJASCOLOR', 0, 277, 0, 2, 1.00, 1.00, 2.00, 2.00, 0.00, 0.00, '2024-11-05 23:44:40', '2024-11-05 23:44:40', 14),
(921, 3, 'OP174501', 1, 0, 0, 0, 50.00, 50.00, 150.00, 150.00, 0.00, 0.00, '2024-11-06 01:31:32', '2024-11-06 01:31:32', 14),
(922, 1, 'uni1', 0, 1, 0, 0, 0.00, 50.00, 0.00, 80.00, 0.00, 70.00, '2024-11-06 18:54:50', '2024-11-06 18:54:50', 14),
(923, 1, 'cray', 0, 1, 0, 0, 0.00, 25.00, 0.00, 35.00, 0.00, 30.00, '2024-11-06 18:58:35', '2024-11-06 18:58:35', 14),
(924, 1, 'stit1', 0, 1, 0, 0, 0.00, 40.00, 0.00, 70.00, 0.00, 30.00, '2024-11-06 19:07:58', '2024-11-06 19:07:58', 14),
(925, 1, 'chu6', 0, 1, 0, 0, 0.00, 40.00, 0.00, 70.00, 0.00, 30.00, '2024-11-06 19:25:10', '2024-11-06 19:25:10', 14),
(926, 1, 'mou6', 0, 6, 0, 0, 0.00, 15.00, 0.00, 35.00, 0.00, 20.00, '2024-11-06 19:36:07', '2024-11-06 19:36:07', 14),
(927, 1, 'std5', 0, 10, 0, 1, 0.00, 15.00, 0.00, 30.00, 0.00, 20.00, '2024-11-06 19:53:06', '2024-11-06 19:53:06', 14),
(928, 1, 'mo1', 0, 6, 0, 0, 0.00, 15.00, 0.00, 35.00, 0.00, 20.00, '2024-11-07 01:38:56', '2024-11-07 01:38:56', 14),
(929, 1, 'mo5', 0, 4, 0, 1, 0.00, 19.00, 0.00, 40.00, 0.00, 25.00, '2024-11-07 01:44:49', '2024-11-07 01:44:49', 14),
(930, 3, '6972544691058', 4, 2, 0, 0, 25.00, 25.00, 35.00, 35.00, 0.00, 0.00, '2024-11-07 01:55:44', '2024-11-07 01:55:44', 14),
(931, 1, 'pr8', 0, 2, 0, 0, 0.00, 40.00, 0.00, 60.00, 0.00, 50.00, '2024-11-07 02:37:20', '2024-11-07 02:37:20', 14),
(932, 1, 'lapiceras', 0, 6, 0, 1, 0.00, 25.00, 0.00, 40.00, 0.00, 30.00, '2024-11-07 02:41:30', '2024-11-07 02:41:30', 14),
(933, 1, 'lapicera unicornio', 0, 1, 0, 0, 0.00, 50.00, 0.00, 90.00, 0.00, 80.00, '2024-11-07 02:46:17', '2024-11-07 02:46:17', 14),
(934, 1, 'lapicera trasparente', 0, 2, 0, 0, 0.00, 10.00, 0.00, 20.00, 0.00, 15.00, '2024-11-07 02:51:01', '2024-11-07 02:51:01', 14),
(935, 1, 'chica r', 0, 4, 0, 1, 0.00, 10.00, 0.00, 17.00, 0.00, 15.00, '2024-11-07 03:05:02', '2024-11-07 03:05:02', 14),
(936, 1, 'regalo econonica', 0, 3, 0, 0, 0.00, 5.00, 0.00, 10.00, 0.00, 8.00, '2024-11-07 03:06:05', '2024-11-07 03:06:05', 14),
(937, 1, 'regalo mediana', 0, 5, 0, 0, 0.00, 15.00, 0.00, 20.00, 0.00, 18.00, '2024-11-07 03:07:04', '2024-11-07 03:07:04', 14),
(938, 1, 'regalo grande ', 0, 15, 0, 1, 0.00, 20.00, 0.00, 35.00, 0.00, 30.00, '2024-11-07 03:08:20', '2024-11-07 03:08:20', 14),
(939, 1, 'REGALO MEDINA', 0, 17, 0, 1, 0.00, 15.00, 0.00, 30.00, 0.00, 25.00, '2024-11-07 18:40:35', '2024-11-07 18:40:35', 14),
(940, 3, 'N30467', 20, 13, 0, 0, 15.00, 15.00, 25.00, 25.00, 0.00, 0.00, '2024-11-07 18:47:46', '2024-11-07 18:47:46', 14),
(941, 3, '6974766320686', 9, 8, 0, 0, 5.00, 5.00, 15.00, 15.00, 0.00, 0.00, '2024-11-07 18:49:26', '2024-11-07 18:49:26', 14),
(942, 1, '99888', 0, 1, 0, 0, 0.00, 100.00, 0.00, 150.00, 0.00, 120.00, '2024-11-07 19:22:51', '2024-11-07 19:22:51', 14),
(943, 2, 'STVT56317', 1, 1, 0, 0, 100.00, 100.00, 200.00, 200.00, 0.00, 0.00, '2024-11-07 19:43:01', '2024-11-07 19:43:01', 14),
(944, 3, 'STVT56317', 1, 0, 0, 0, 100.00, 100.00, 200.00, 200.00, 0.00, 0.00, '2024-11-07 19:43:11', '2024-11-07 19:43:11', 14),
(945, 1, 'l888', 0, 1, 0, 1, 0.00, 30.00, 0.00, 50.00, 0.00, 45.00, '2024-11-07 19:54:28', '2024-11-07 19:54:28', 14),
(946, 2, '647484', 3, 3, 0, 0, 15.00, 15.00, 30.00, 30.00, 0.00, 0.00, '2024-11-07 20:17:50', '2024-11-07 20:17:50', 14),
(947, 4, '647484', 3, 3, 0, 0, 15.00, 15.00, 30.00, 30.00, 0.00, 0.00, '2024-11-07 20:17:59', '2024-11-07 20:17:59', 14),
(948, 2, '6986393388366', 2, 2, 0, 0, 10.00, 10.00, 20.00, 20.00, 0.00, 0.00, '2024-11-07 20:18:20', '2024-11-07 20:18:20', 14),
(949, 3, '6986393388366', 2, 0, 0, 0, 10.00, 10.00, 20.00, 20.00, 0.00, 0.00, '2024-11-07 20:18:26', '2024-11-07 20:18:26', 14),
(950, 3, '647484', 3, 0, 0, 0, 15.00, 15.00, 30.00, 30.00, 0.00, 0.00, '2024-11-07 20:19:00', '2024-11-07 20:19:00', 14),
(951, 2, '647484', 0, 0, 0, 0, 15.00, 15.00, 30.00, 30.00, 0.00, 0.00, '2024-11-07 20:19:06', '2024-11-07 20:19:06', 14),
(952, 1, '4647576', 0, 3, 0, 0, 0.00, 30.00, 0.00, 30.00, 0.00, 25.00, '2024-11-07 20:19:55', '2024-11-07 20:19:55', 14),
(953, 3, '6942139318851', 5, 3, 0, 0, 15.00, 15.00, 25.00, 25.00, 0.00, 0.00, '2024-11-08 00:15:05', '2024-11-08 00:15:05', 14),
(954, 3, '8003003ZP1704', 6, 5, 0, 0, 6.00, 6.00, 15.00, 15.00, 0.00, 0.00, '2024-11-08 00:19:26', '2024-11-08 00:19:26', 14),
(955, 1, '740617332742', 0, 1, 0, 0, 0.00, 300.00, 0.00, 400.00, 0.00, 350.00, '2024-11-08 02:41:52', '2024-11-08 02:41:52', 14),
(956, 3, '7892165', 9, 3, 0, 0, 70.00, 70.00, 200.00, 200.00, 0.00, 0.00, '2024-11-08 02:46:17', '2024-11-08 02:46:17', 14),
(957, 1, '7503046942066', 0, 3, 0, 1, 0.00, 70.00, 0.00, 130.00, 0.00, 100.00, '2024-11-08 02:47:44', '2024-11-08 02:47:44', 14),
(958, 3, '65330', 4, 2, 0, 0, 100.00, 100.00, 200.00, 200.00, 0.00, 0.00, '2024-11-08 02:48:07', '2024-11-08 02:48:07', 14),
(959, 3, '740617298697', 0, 2, 0, 0, 100.00, 100.00, 280.00, 280.00, 0.00, 0.00, '2024-11-08 02:48:54', '2024-11-08 02:48:54', 14),
(960, 3, '740617298680', 5, 3, 0, 0, 60.00, 60.00, 180.00, 180.00, 0.00, 0.00, '2024-11-08 02:49:56', '2024-11-08 02:49:56', 14),
(961, 3, 'R38486', 3, 2, 0, 0, 25.00, 25.00, 40.00, 40.00, 0.00, 0.00, '2024-11-08 18:52:59', '2024-11-08 18:52:59', 14),
(962, 3, '909088', 3, 2, 0, 0, 8.00, 8.00, 20.00, 20.00, 0.00, 0.00, '2024-11-08 19:02:52', '2024-11-08 19:02:52', 14),
(963, 1, '8577111019228', 0, 3, 0, 0, 0.00, 15.00, 0.00, 35.00, 0.00, 0.00, '2024-11-08 19:04:22', '2024-11-08 19:04:22', 14),
(964, 1, 'Astro', 0, 1, 0, 0, 0.00, 30.00, 0.00, 50.00, 0.00, 0.00, '2024-11-08 19:05:40', '2024-11-08 19:05:40', 14),
(965, 3, '071641063228', 2, 0, 0, 0, 15.00, 15.00, 30.00, 30.00, 0.00, 0.00, '2024-11-08 19:25:24', '2024-11-08 19:25:24', 14),
(966, 3, '7501030667018', 2, 0, 0, 0, 15.00, 15.00, 30.00, 30.00, 0.00, 0.00, '2024-11-08 19:25:45', '2024-11-08 19:25:45', 14),
(967, 1, '0303', 0, 23, 0, 0, 0.00, 10.00, 0.00, 15.00, 0.00, 12.00, '2024-11-08 20:25:17', '2024-11-08 20:25:17', 14),
(968, 1, '75388', 0, 1, 0, 0, 0.00, 10.00, 0.00, 18.00, 0.00, 12.00, '2024-11-08 20:26:36', '2024-11-08 20:26:36', 14),
(969, 1, '88888', 0, 6, 0, 0, 0.00, 15.00, 0.00, 30.00, 0.00, 25.00, '2024-11-08 20:55:12', '2024-11-08 20:55:12', 14),
(970, 3, 'ETIKETA', 5, 3, 0, 0, 5.00, 5.00, 15.00, 15.00, 0.00, 0.00, '2024-11-08 20:56:35', '2024-11-08 20:56:35', 14),
(971, 1, 'b778', 0, 3, 0, 0, 0.00, 10.00, 0.00, 15.00, 0.00, 12.00, '2024-11-08 20:59:08', '2024-11-08 20:59:08', 14),
(972, 1, 'c888', 0, 1, 0, 0, 0.00, 80.00, 0.00, 100.00, 0.00, 90.00, '2024-11-08 21:02:57', '2024-11-08 21:02:57', 14),
(973, 1, '6931040218763', 0, 1, 0, 0, 0.00, 20.00, 0.00, 30.00, 0.00, 25.00, '2024-11-08 21:08:44', '2024-11-08 21:08:44', 14),
(974, 3, '446688', 2, 1, 0, 0, 10.00, 10.00, 25.00, 25.00, 0.00, 0.00, '2024-11-08 21:10:56', '2024-11-08 21:10:56', 14),
(975, 2, 'G791478', 0, 0, 0, 0, 50.00, 50.00, 150.00, 150.00, 0.00, 0.00, '2024-11-09 19:13:19', '2024-11-09 19:13:19', 14),
(976, 3, '7505114881031', 2, 1, 0, 0, 35.00, 35.00, 75.00, 75.00, 0.00, 0.00, '2024-11-09 20:02:58', '2024-11-09 20:02:58', 14),
(977, 3, '7505969614006', 2, 1, 0, 0, 20.00, 20.00, 50.00, 50.00, 0.00, 0.00, '2024-11-09 20:03:50', '2024-11-09 20:03:50', 14),
(978, 3, '9999900', 18, 24, 0, 0, 50.00, 50.00, 120.00, 120.00, 0.00, 0.00, '2024-11-09 20:23:30', '2024-11-09 20:23:30', 14),
(979, 3, '8003003ZP1704', 5, 4, 0, 0, 6.00, 6.00, 15.00, 15.00, 0.00, 0.00, '2024-11-09 21:00:09', '2024-11-09 21:00:09', 14),
(980, 3, '9999900', 24, 14, 0, 0, 50.00, 50.00, 120.00, 120.00, 0.00, 0.00, '2024-11-09 21:11:47', '2024-11-09 21:11:47', 14),
(981, 1, '99999', 0, 10, 0, 0, 0.00, 50.00, 0.00, 100.00, 0.00, 80.00, '2024-11-09 21:48:42', '2024-11-09 21:48:42', 14),
(982, 1, 're12f', 0, 1, 0, 0, 0.00, 80.00, 0.00, 200.00, 0.00, 90.00, '2024-11-10 01:18:54', '2024-11-10 01:18:54', 14),
(983, 1, 'a12', 0, 1, 0, 0, 0.00, 50.00, 0.00, 150.00, 0.00, 80.00, '2024-11-10 01:21:01', '2024-11-10 01:21:01', 14),
(984, 1, '15rojo', 0, 1, 0, 0, 0.00, 90.00, 0.00, 150.00, 0.00, 100.00, '2024-11-10 01:32:07', '2024-11-10 01:32:07', 14),
(985, 1, 'a03c', 0, 1, 0, 0, 0.00, 100.00, 0.00, 200.00, 0.00, 150.00, '2024-11-10 01:34:06', '2024-11-10 01:34:06', 14),
(986, 2, 'OPR3105GA5', 1, 1, 0, 0, 50.00, 50.00, 150.00, 150.00, 0.00, 0.00, '2024-11-10 01:40:41', '2024-11-10 01:40:41', 14),
(987, 3, 'OPR3105GA5', 1, 0, 0, 0, 50.00, 50.00, 150.00, 150.00, 0.00, 0.00, '2024-11-10 01:40:52', '2024-11-10 01:40:52', 14),
(988, 1, 'gsr', 0, 1, 0, 0, 0.00, 50.00, 0.00, 150.00, 0.00, 100.00, '2024-11-10 01:43:13', '2024-11-10 01:43:13', 14),
(989, 1, 'opa40', 0, 1, 0, 0, 0.00, 100.00, 0.00, 200.00, 0.00, 150.00, '2024-11-10 01:51:50', '2024-11-10 01:51:50', 14),
(990, 1, '15ps', 0, 1, 0, 0, 0.00, 100.00, 0.00, 250.00, 0.00, 200.00, '2024-11-10 23:57:45', '2024-11-10 23:57:45', 14),
(991, 1, 'core3', 0, 1, 0, 0, 0.00, 50.00, 0.00, 150.00, 0.00, 100.00, '2024-11-10 23:58:42', '2024-11-10 23:58:42', 14),
(992, 1, 'a05a', 0, 1, 0, 0, 0.00, 100.00, 0.00, 200.00, 0.00, 80.00, '2024-11-11 00:49:40', '2024-11-11 00:49:40', 14),
(993, 1, '18181', 0, 2, 0, 0, 0.00, 60.00, 0.00, 150.00, 0.00, 100.00, '2024-11-11 01:04:47', '2024-11-11 01:04:47', 14),
(994, 1, 'a04', 0, 1, 0, 0, 0.00, 60.00, 0.00, 150.00, 0.00, 100.00, '2024-11-11 01:23:01', '2024-11-11 01:23:01', 14),
(995, 3, 'A0456', 1, 1, 0, 0, 100.00, 100.00, 200.00, 150.00, 0.00, 0.00, '2024-11-11 01:23:39', '2024-11-11 01:23:39', 14),
(996, 3, 'A04E122233', 2, 0, 0, 0, 150.00, 150.00, 250.00, 250.00, 0.00, 0.00, '2024-11-11 01:41:15', '2024-11-11 01:41:15', 14),
(997, 1, 'a04e1', 0, 2, 0, 0, 0.00, 100.00, 0.00, 250.00, 0.00, 200.00, '2024-11-11 01:42:10', '2024-11-11 01:42:10', 14),
(998, 1, 'a04e', 0, 1, 0, 0, 0.00, 60.00, 0.00, 150.00, 0.00, 100.00, '2024-11-11 01:43:48', '2024-11-11 01:43:48', 14),
(999, 1, '1681', 0, 1, 0, 0, 0.00, 100.00, 0.00, 200.00, 0.00, 150.00, '2024-11-11 01:45:54', '2024-11-11 01:45:54', 14),
(1000, 2, 'SA04045', 1, 1, 0, 0, 50.00, 50.00, 150.00, 150.00, 0.00, 0.00, '2024-11-11 01:48:07', '2024-11-11 01:48:07', 14),
(1001, 3, 'SA04045', 1, 0, 0, 0, 50.00, 50.00, 150.00, 150.00, 0.00, 0.00, '2024-11-11 01:48:13', '2024-11-11 01:48:13', 14),
(1002, 2, 'A04S19980', 1, 1, 0, 0, 150.00, 150.00, 250.00, 250.00, 0.00, 0.00, '2024-11-11 01:49:29', '2024-11-11 01:49:29', 14),
(1003, 3, 'A04S19980', 1, 0, 0, 0, 150.00, 150.00, 250.00, 250.00, 0.00, 0.00, '2024-11-11 01:49:34', '2024-11-11 01:49:34', 14),
(1004, 3, 'E654445', 2, 1, 0, 0, 50.00, 50.00, 150.00, 150.00, 0.00, 0.00, '2024-11-11 02:01:59', '2024-11-11 02:01:59', 14),
(1005, 3, 'E2222164657', 1, 1, 0, 0, 150.00, 150.00, 250.00, 150.00, 0.00, 0.00, '2024-11-11 02:15:50', '2024-11-11 02:15:50', 14),
(1006, 3, 'PL20513040', 1, 1, 0, 0, 100.00, 100.00, 200.00, 150.00, 0.00, 0.00, '2024-11-11 16:55:52', '2024-11-11 16:55:52', 14),
(1007, 1, 'g73t', 0, 1, 0, 0, 0.00, 100.00, 0.00, 200.00, 0.00, 150.00, '2024-11-11 17:38:12', '2024-11-11 17:38:12', 14),
(1008, 1, 'g04a', 0, 1, 0, 0, 0.00, 80.00, 0.00, 200.00, 0.00, 150.00, '2024-11-11 17:39:56', '2024-11-11 17:39:56', 14),
(1009, 1, 'g04s', 0, 1, 0, 0, 0.00, 60.00, 0.00, 150.00, 0.00, 120.00, '2024-11-11 17:51:07', '2024-11-11 17:51:07', 14),
(1010, 1, 'g04', 0, 1, 0, 0, 0.00, 100.00, 0.00, 200.00, 0.00, 150.00, '2024-11-11 17:52:27', '2024-11-11 17:52:27', 14),
(1011, 3, 'G5282930', 1, 1, 0, 0, 150.00, 100.00, 250.00, 150.00, 0.00, 0.00, '2024-11-11 18:13:57', '2024-11-11 18:13:57', 14),
(1012, 3, 'G6060516', 2, 2, 0, 0, 100.00, 100.00, 200.00, 150.00, 0.00, 0.00, '2024-11-11 18:33:27', '2024-11-11 18:33:27', 14),
(1013, 1, 'mp3', 0, 1, 0, 0, 0.00, 200.00, 0.00, 400.00, 0.00, 300.00, '2024-11-11 18:51:48', '2024-11-11 18:51:48', 14),
(1014, 3, 'G6060520', 1, 1, 0, 0, 150.00, 150.00, 250.00, 200.00, 0.00, 130.00, '2024-11-11 19:01:19', '2024-11-11 19:01:19', 14),
(1015, 3, 'A0345098', 5, 4, 0, 0, 50.00, 50.00, 150.00, 150.00, 0.00, 0.00, '2024-11-11 19:08:20', '2024-11-11 19:08:20', 14),
(1016, 3, 'A03502668', 1, 2, 0, 0, 50.00, 50.00, 150.00, 150.00, 0.00, 0.00, '2024-11-11 19:23:58', '2024-11-11 19:23:58', 14),
(1017, 3, 'A03502668', 2, 3, 0, 0, 50.00, 50.00, 150.00, 150.00, 0.00, 0.00, '2024-11-11 19:24:44', '2024-11-11 19:24:44', 14),
(1018, 3, 'A0345098', 4, 5, 0, 0, 50.00, 50.00, 150.00, 150.00, 0.00, 0.00, '2024-11-11 20:14:12', '2024-11-11 20:14:12', 14),
(1019, 1, '2312133003178', 0, 1, 0, 0, 0.00, 100.00, 0.00, 200.00, 0.00, 150.00, '2024-11-11 20:45:40', '2024-11-11 20:45:40', 14),
(1020, 2, 'A545P1D3', 1, 1, 0, 0, 100.00, 100.00, 200.00, 200.00, 0.00, 0.00, '2024-11-11 20:57:42', '2024-11-11 20:57:42', 14),
(1021, 3, 'A545P1D3', 1, 0, 0, 0, 100.00, 100.00, 200.00, 200.00, 0.00, 0.00, '2024-11-11 20:57:59', '2024-11-11 20:57:59', 14),
(1022, 1, 'a54s', 0, 1, 0, 0, 0.00, 100.00, 0.00, 200.00, 0.00, 150.00, '2024-11-11 21:00:49', '2024-11-11 21:00:49', 14),
(1023, 1, 'a53s', 0, 1, 0, 0, 0.00, 100.00, 0.00, 200.00, 0.00, 120.00, '2024-11-11 21:04:51', '2024-11-11 21:04:51', 14),
(1024, 3, 'A5236890', 1, 1, 0, 0, 100.00, 100.00, 220.00, 200.00, 0.00, 0.00, '2024-11-11 23:53:07', '2024-11-11 23:53:07', 14),
(1025, 3, 'D153A52', 3, 2, 0, 0, 150.00, 150.00, 250.00, 250.00, 0.00, 0.00, '2024-11-11 23:54:53', '2024-11-11 23:54:53', 14),
(1026, 1, 'a52m', 0, 1, 0, 0, 0.00, 100.00, 0.00, 200.00, 0.00, 150.00, '2024-11-12 00:02:22', '2024-11-12 00:02:22', 14),
(1027, 3, 'A51755187', 1, 1, 0, 0, 150.00, 150.00, 250.00, 200.00, 0.00, 0.00, '2024-11-12 00:04:13', '2024-11-12 00:04:13', 14),
(1028, 1, '50', 0, -1, 0, -1, 0.00, 48.00, 0.00, 50.00, 0.00, 0.00, '2024-11-12 00:07:33', '2024-11-12 00:07:33', 14),
(1029, 1, '30', 0, -1, 0, -1, 0.00, 29.00, 0.00, 30.00, 0.00, 0.00, '2024-11-12 00:08:56', '2024-11-12 00:08:56', 14),
(1030, 1, '20', 0, -1, 0, -1, 0.00, 29.00, 0.00, 30.00, 0.00, 0.00, '2024-11-12 00:09:42', '2024-11-12 00:09:42', 14),
(1031, 3, '102', 70, 70, 20, 20, 1.00, 0.50, 1.00, 2.00, 0.00, 0.00, '2024-11-12 00:14:10', '2024-11-12 00:14:10', 14),
(1032, 3, '102', 70, -1, 20, -1, 0.50, 0.50, 2.00, 1.00, 0.00, 0.00, '2024-11-12 00:14:19', '2024-11-12 00:14:19', 14),
(1033, 3, '20', -1, 1, -1, 1, 29.00, 19.00, 30.00, 20.00, 0.00, 0.00, '2024-11-12 00:15:05', '2024-11-12 00:15:05', 14),
(1034, 3, '20', 1, -1, 1, -1, 19.00, 19.00, 20.00, 20.00, 0.00, 0.00, '2024-11-12 00:15:12', '2024-11-12 00:15:12', 14),
(1035, 1, '590012328439', 0, 1, 0, 0, 0.00, 60.00, 0.00, 150.00, 0.00, 100.00, '2024-11-12 00:21:19', '2024-11-12 00:21:19', 14),
(1036, 1, 'a35a', 0, 1, 0, 0, 0.00, 100.00, 0.00, 200.00, 0.00, 150.00, '2024-11-12 00:35:01', '2024-11-12 00:35:01', 14),
(1037, 1, 'a35cc', 0, 1, 0, 0, 0.00, 100.00, 0.00, 200.00, 0.00, 150.00, '2024-11-12 00:53:52', '2024-11-12 00:53:52', 14),
(1038, 1, '123', 0, 1, 0, 0, 0.00, 100.00, 0.00, 200.00, 0.00, 150.00, '2024-11-12 01:47:29', '2024-11-12 01:47:29', 14),
(1039, 2, 'A3457890', 3, 3, 0, 0, 100.00, 100.00, 200.00, 200.00, 0.00, 0.00, '2024-11-12 01:49:55', '2024-11-12 01:49:55', 14),
(1040, 3, 'A3457890', 3, 0, 0, 0, 100.00, 100.00, 200.00, 200.00, 0.00, 0.00, '2024-11-12 01:50:47', '2024-11-12 01:50:47', 14),
(1041, 1, '1234', 0, 1, 0, 0, 0.00, 100.00, 0.00, 200.00, 0.00, 150.00, '2024-11-12 01:52:25', '2024-11-12 01:52:25', 14),
(1042, 3, '1234', 1, 3, 0, 0, 100.00, 100.00, 200.00, 200.00, 150.00, 150.00, '2024-11-12 01:53:04', '2024-11-12 01:53:04', 14),
(1043, 1, 'p2244', 0, 2, 0, 0, 0.00, 100.00, 0.00, 150.00, 0.00, 120.00, '2024-11-12 01:57:22', '2024-11-12 01:57:22', 14),
(1044, 3, 'A24R', 1, 0, 0, 0, 50.00, 50.00, 150.00, 150.00, 0.00, 0.00, '2024-11-12 02:24:32', '2024-11-12 02:24:32', 14),
(1045, 2, '2312023009020', 1, 1, 0, 0, 80.00, 80.00, 200.00, 200.00, 0.00, 0.00, '2024-11-12 02:28:45', '2024-11-12 02:28:45', 14),
(1046, 2, '590012328338', 0, 0, 0, 0, 64.00, 64.00, 150.00, 150.00, 0.00, 0.00, '2024-11-12 02:29:06', '2024-11-12 02:29:06', 14),
(1047, 3, '2312023009020', 1, 0, 0, 0, 80.00, 80.00, 200.00, 200.00, 0.00, 0.00, '2024-11-12 02:29:15', '2024-11-12 02:29:15', 14),
(1048, 2, '590012328748', 1, 1, 0, 0, 90.00, 90.00, 250.00, 250.00, 0.00, 0.00, '2024-11-12 02:31:33', '2024-11-12 02:31:33', 14),
(1049, 3, '590012328748', 1, 0, 0, 0, 90.00, 90.00, 250.00, 250.00, 0.00, 0.00, '2024-11-12 02:31:42', '2024-11-12 02:31:42', 14),
(1050, 1, 'A255490', 0, 1, 0, 0, 0.00, 90.00, 0.00, 200.00, 0.00, 0.00, '2024-11-12 16:58:38', '2024-11-12 16:58:38', 14),
(1051, 1, 'a22 n', 0, 1, 0, 0, 0.00, 95.00, 0.00, 200.00, 0.00, 0.00, '2024-11-12 18:26:26', '2024-11-12 18:26:26', 14),
(1052, 1, 'a21s ', 0, 2, 0, 0, 0.00, 60.00, 0.00, 150.00, 0.00, 0.00, '2024-11-12 18:33:36', '2024-11-12 18:33:36', 14),
(1053, 1, 'c a15', 0, 1, 0, 0, 0.00, 90.00, 0.00, 200.00, 0.00, 0.00, '2024-11-12 18:58:01', '2024-11-12 18:58:01', 14),
(1054, 1, 'a15a', 0, 1, 0, 0, 0.00, 90.00, 0.00, 200.00, 0.00, 0.00, '2024-11-12 18:59:31', '2024-11-12 18:59:31', 14),
(1055, 3, 'A15041', 1, 2, 0, 0, 100.00, 100.00, 200.00, 200.00, 0.00, 0.00, '2024-11-12 19:05:21', '2024-11-12 19:05:21', 14),
(1056, 2, '2311133002396', 1, 1, 0, 0, 80.00, 80.00, 200.00, 200.00, 0.00, 0.00, '2024-11-12 19:05:53', '2024-11-12 19:05:53', 14),
(1057, 3, '2311133002396', 1, 0, 0, 0, 80.00, 80.00, 200.00, 200.00, 0.00, 0.00, '2024-11-12 19:06:16', '2024-11-12 19:06:16', 14),
(1058, 2, 'A158599', 0, 0, 0, 0, 80.00, 80.00, 250.00, 250.00, 0.00, 0.00, '2024-11-12 19:06:47', '2024-11-12 19:06:47', 14),
(1059, 1, 'a13 t', 0, 1, 0, 0, 0.00, 60.00, 0.00, 100.00, 0.00, 0.00, '2024-11-12 19:25:19', '2024-11-12 19:25:19', 14),
(1060, 1, 'a12 ro', 0, 1, 0, 0, 0.00, 75.00, 0.00, 150.00, 0.00, 0.00, '2024-11-12 19:46:50', '2024-11-12 19:46:50', 14),
(1061, 1, 'C4145959', 0, 1, 0, 0, 0.00, 85.00, 0.00, 250.00, 0.00, 0.00, '2024-11-12 19:53:47', '2024-11-12 19:53:47', 14),
(1062, 1, 'C4146262', 0, 1, 0, 0, 0.00, 65.00, 0.00, 150.00, 0.00, 0.00, '2024-11-12 19:54:46', '2024-11-12 19:54:46', 14),
(1063, 3, 'C4146262', 1, 2, 0, 0, 65.00, 65.00, 150.00, 150.00, 0.00, 0.00, '2024-11-12 19:55:35', '2024-11-12 19:55:35', 14),
(1064, 1, '9T9669', 0, 1, 0, 0, 0.00, 80.00, 0.00, 150.00, 0.00, 0.00, '2024-11-12 19:56:17', '2024-11-12 19:56:17', 14),
(1065, 1, 'C4146060', 0, 1, 0, 0, 0.00, 85.00, 0.00, 200.00, 0.00, 0.00, '2024-11-12 19:56:51', '2024-11-12 19:56:51', 14),
(1066, 1, 'C4146161', 0, 1, 0, 0, 0.00, 85.00, 0.00, 200.00, 0.00, 0.00, '2024-11-12 19:57:35', '2024-11-12 19:57:35', 14);

-- --------------------------------------------------------

--
-- Estructura de tabla para la tabla `inventario_tipos_movimientos`
--

CREATE TABLE `inventario_tipos_movimientos` (
  `id` bigint(20) UNSIGNED NOT NULL,
  `descripcion` varchar(15) NOT NULL,
  `descripcion_plural` varchar(20) NOT NULL,
  `created_at` timestamp NULL DEFAULT NULL,
  `updated_at` timestamp NULL DEFAULT NULL
) ENGINE=InnoDB DEFAULT CHARSET=utf8mb4 COLLATE=utf8mb4_unicode_ci;

--
-- Volcado de datos para la tabla `inventario_tipos_movimientos`
--

INSERT INTO `inventario_tipos_movimientos` (`id`, `descripcion`, `descripcion_plural`, `created_at`, `updated_at`) VALUES
(1, 'ALTA', 'ALTAS', NULL, NULL),
(2, 'DESACTIVACIÓN', 'DESACTIVACIONES', NULL, NULL),
(3, 'MODIFICACIÓN', 'MODIFICACIONES', NULL, NULL),
(4, 'REACTIVACIÓN', 'REACTIVACIONES', NULL, NULL);

-- --------------------------------------------------------

--
-- Estructura de tabla para la tabla `marcas_equipos`
--

CREATE TABLE `marcas_equipos` (
  `id` bigint(20) UNSIGNED NOT NULL,
  `id_tipo_equipo` bigint(20) UNSIGNED DEFAULT NULL,
  `nombre` varchar(20) NOT NULL,
  `disponible` tinyint(1) NOT NULL,
  `created_at` timestamp NULL DEFAULT NULL,
  `updated_at` timestamp NULL DEFAULT NULL
) ENGINE=InnoDB DEFAULT CHARSET=utf8mb4 COLLATE=utf8mb4_unicode_ci;

--
-- Volcado de datos para la tabla `marcas_equipos`
--

INSERT INTO `marcas_equipos` (`id`, `id_tipo_equipo`, `nombre`, `disponible`, `created_at`, `updated_at`) VALUES
(1, 1, 'MOTOROLA', 1, '2023-09-28 18:44:09', '2023-09-28 18:44:09'),
(2, 1, 'SAMSUNG', 1, '2023-10-05 21:16:36', '2023-10-05 21:16:36'),
(3, 2, 'HUAWEI', 1, '2023-10-05 21:17:19', '2023-10-05 21:17:19'),
(4, 1, 'OPPO', 1, '2023-10-07 06:00:02', '2023-10-07 06:00:02'),
(5, 1, 'SONY', 1, '2023-10-07 06:08:58', '2023-10-07 06:08:58'),
(6, 1, 'ALPHA', 0, '2023-10-07 06:19:52', '2024-06-26 19:22:19'),
(7, 1, 'XIAOMI', 1, '2023-10-07 06:20:32', '2023-10-07 06:20:32'),
(8, 1, 'APPLE', 1, '2023-10-07 07:38:17', '2023-10-07 07:38:17'),
(9, 2, 'LENOVO', 1, '2023-10-07 07:55:31', '2023-10-07 07:55:31'),
(10, 1, 'LANIX', 1, '2023-10-07 10:43:56', '2023-10-07 10:43:56'),
(11, 1, 'HONOR', 1, '2023-10-07 10:53:23', '2023-10-07 10:53:23'),
(12, 1, 'BLACKBERRY', 0, '2023-10-08 01:50:41', '2024-06-26 19:22:26'),
(13, 1, 'LG', 1, '2023-10-08 01:51:34', '2023-10-08 01:51:34'),
(14, 1, 'ROBOIX', 0, '2023-10-08 01:52:56', '2024-06-26 19:22:13'),
(15, 1, 'HP', 0, '2023-10-08 02:03:41', '2024-06-26 19:22:35'),
(16, 1, 'GENÉRICA', 1, '2023-10-09 23:51:29', '2023-10-09 23:51:29'),
(17, 1, 'HUAWEI', 1, '2023-10-14 07:55:22', '2023-10-14 07:55:22'),
(18, 3, 'HP', 1, '2023-10-18 04:56:06', '2023-10-18 04:56:06'),
(19, 4, 'BROTHER', 1, '2023-10-18 05:01:19', '2023-10-18 05:01:19'),
(20, 5, 'LG', 1, '2023-10-18 05:03:42', '2023-10-18 05:03:42'),
(21, 6, 'ASUS', 1, '2023-10-19 00:11:29', '2023-10-19 00:11:29'),
(22, 7, 'GENÉRICA', 1, '2023-10-19 04:48:02', '2023-10-19 04:48:02'),
(23, 1, 'REALME', 1, '2024-02-05 18:26:40', '2024-02-05 18:26:40'),
(24, 3, 'ACER', 1, '2024-02-06 16:25:54', '2024-02-06 16:25:54'),
(25, 2, 'KEMPLER AND STRAUSS', 1, '2024-02-10 20:13:37', '2024-02-10 20:13:37'),
(26, 3, 'DELL', 1, '2024-02-18 18:29:52', '2024-02-18 18:29:52'),
(27, 3, 'LANIX', 1, '2024-02-18 20:06:14', '2024-02-18 20:06:14'),
(28, 1, 'ALCATEL', 1, '2024-02-23 17:38:12', '2024-02-23 17:38:12'),
(29, 4, 'HP', 1, '2024-02-26 16:24:49', '2024-02-26 16:24:49'),
(30, 3, 'LENOVO', 1, '2024-02-26 19:42:45', '2024-02-26 19:42:45'),
(31, 1, 'ZTE', 1, '2024-02-29 19:41:46', '2024-02-29 19:41:46'),
(32, 2, 'MAXWEST', 1, '2024-03-05 19:22:55', '2024-03-05 19:22:55'),
(33, 1, 'BLUE', 1, '2024-03-12 18:13:17', '2024-03-12 18:13:17'),
(34, 1, 'HONOR', 0, '2024-03-13 01:28:08', '2024-05-07 02:52:01'),
(35, 1, 'REDMI', 0, '2024-03-21 21:16:00', '2024-05-07 02:50:45'),
(36, 4, 'EPSON', 1, '2024-03-23 01:53:02', '2024-03-23 01:53:02'),
(37, 3, 'ASUS', 1, '2024-03-25 16:40:54', '2024-03-25 16:40:54'),
(38, 3, 'OMEN', 1, '2024-04-01 18:23:47', '2024-04-01 18:23:47'),
(39, 2, 'SAMSUNG', 1, '2024-04-02 17:21:40', '2024-04-02 17:21:40'),
(40, 1, 'VIVO', 1, '2024-04-05 03:40:01', '2024-04-05 03:40:01'),
(41, 1, 'HISENSE', 1, '2024-04-09 01:33:29', '2024-04-09 01:33:29'),
(42, 1, 'TECNO', 1, '2024-04-16 20:23:15', '2024-04-16 20:23:15'),
(43, 1, 'NOKIA', 1, '2024-04-23 17:06:56', '2024-04-23 17:06:56'),
(44, 9, 'NECNON', 1, '2024-04-24 20:56:57', '2024-04-24 20:56:57'),
(45, 1, 'ZUUM', 1, '2024-04-26 00:21:43', '2024-04-26 00:21:43'),
(46, 2, 'APPLE', 1, '2024-05-04 20:05:27', '2024-05-04 20:05:27'),
(47, 9, 'KAISER', 1, '2024-05-15 19:19:02', '2024-05-15 19:19:02'),
(48, 1, 'HISENSE', 0, '2024-05-16 16:24:34', '2024-06-26 19:23:55'),
(49, 6, 'HP', 1, '2024-05-16 18:58:14', '2024-05-16 18:58:14'),
(50, 1, 'POCO', 1, '2024-06-03 19:04:38', '2024-06-03 19:04:38'),
(51, 9, 'ROBSON', 1, '2024-06-15 19:01:26', '2024-06-15 19:01:26'),
(52, 9, 'DAEWOO', 1, '2024-06-18 17:52:31', '2024-06-18 17:52:31'),
(53, 9, 'KSR', 1, '2024-07-06 18:50:58', '2024-07-06 18:50:58'),
(54, 2, 'GENERICO', 1, '2024-07-09 16:29:20', '2024-07-09 16:29:20'),
(55, 9, 'JBL', 1, '2024-08-05 18:04:19', '2024-08-05 18:04:19'),
(56, 1, 'ONE PLUS', 1, '2024-08-10 18:29:16', '2024-08-10 18:29:16'),
(57, 10, 'XBOX', 1, '2024-08-12 17:44:05', '2024-08-12 17:44:05'),
(58, 4, 'PIXMA', 0, '2024-08-24 00:34:44', '2024-08-24 00:38:44'),
(59, 4, 'CANON', 1, '2024-08-24 00:39:08', '2024-08-24 00:39:08'),
(60, 6, 'LENOVO', 1, '2024-08-28 16:43:31', '2024-08-28 16:43:31'),
(61, 3, 'MAC', 1, '2024-09-18 21:02:44', '2024-09-18 21:02:44'),
(62, 3, 'SONY', 1, '2024-09-21 00:19:10', '2024-09-21 00:19:10'),
(63, 6, 'QUARONI', 1, '2024-09-25 17:31:36', '2024-09-25 17:31:36'),
(64, 2, 'ALCATEL', 1, '2024-09-25 17:32:10', '2024-09-25 17:32:10'),
(65, 1, 'MOBILE', 1, '2024-10-16 18:06:38', '2024-10-16 18:06:38');

-- --------------------------------------------------------

--
-- Estructura de tabla para la tabla `migrations`
--

CREATE TABLE `migrations` (
  `id` int(10) UNSIGNED NOT NULL,
  `migration` varchar(255) NOT NULL,
  `batch` int(11) NOT NULL
) ENGINE=InnoDB DEFAULT CHARSET=utf8mb4 COLLATE=utf8mb4_unicode_ci;

--
-- Volcado de datos para la tabla `migrations`
--

INSERT INTO `migrations` (`id`, `migration`, `batch`) VALUES
(3, '2014_10_12_100000_create_password_resets_table', 1),
(7, '2023_09_09_145546_create_sessions_table', 1),
(27, '2014_10_12_000000_create_users_table', 2),
(28, '2014_10_12_100000_create_password_reset_tokens_table', 2),
(29, '2014_10_12_200000_add_two_factor_columns_to_users_table', 2),
(30, '2019_08_19_000000_create_failed_jobs_table', 2),
(31, '2019_12_14_000001_create_personal_access_tokens_table', 2),
(32, '2023_09_09_220141_create_sessions_table', 2),
(36, '2023_09_14_020700_create_permission_tables', 3),
(37, '2023_09_27_151115_create_marcas_equipos_table', 3),
(38, '2023_09_27_151241_create_modelos_equipos_table', 4),
(39, '2023_09_27_151338_create_fallas_equipos_table', 4),
(43, '2023_09_27_151424_create_estatus_equipos_taller_table', 5),
(44, '2023_09_27_151520_create_clientes_table', 5),
(45, '2023_09_27_151546_create_equipos_table', 5),
(48, '2023_09_27_151548_create_equipos_taller_table', 6),
(49, '2023_09_27_151606_create_imagenes_equipos_taller_table', 6),
(50, '2023_09_28_233020_create_fallas_equipos_taller_table', 7),
(51, '2023_10_03_163424_create_tipo_equipos_table', 8),
(52, '2023_10_03_164045_add_tipo_equipo_id_to_marcas_equipos', 9),
(53, '2023_10_03_164421_add_tipo_equipo_id_to_equipos', 10),
(54, '2023_10_03_171553_add_icono_to_tipos_equipos', 11),
(55, '2023_10_09_180437_add_tipo_equipo_id_to_fallas_equipos', 12),
(59, '2023_10_14_160253_remove_foreign_key_from_equipos', 13),
(60, '2023_10_14_181935_drop_clients_table', 14),
(61, '2023_10_14_182029_create_clients_table', 15),
(62, '2023_10_14_182211_remove_id_cliente_column_from_equipos', 16),
(65, '2023_10_21_220112_add_fecha_salida_to_equipos_taller', 17),
(68, '2023_10_23_230637_create_cobros_estimados_taller_table', 18),
(69, '2023_12_27_173227_create_departamentos_productos_table', 19),
(72, '2023_12_27_184325_create_productos_table', 20),
(75, '2024_01_15_174703_create_ventas_table', 21),
(76, '2024_01_15_181329_create_ventas_detalles_table', 22),
(77, '2024_01_16_211409_create_cobros_taller_table', 23),
(78, '2024_03_12_140714_add_cancelada_ventas', 24),
(79, '2024_03_12_141252_create_estatus_ventas_credito_table', 25),
(80, '2024_03_12_142615_create_ventas_credito_table', 26),
(81, '2024_03_12_143634_create_ventas_credito_detalles_table', 27),
(82, '2024_03_12_145419_add_foreign_id_ventas_credito_detalles', 28),
(83, '2024_03_12_202536_create_estatus_cobros_taller_credito_table', 29),
(84, '2024_03_12_204148_create_cobros_taller_credito_table', 30),
(85, '2024_03_12_210049_create_cobros_taller_credito_detalles_table', 31),
(86, '2024_04_11_100132_add_id_usuario_cobro_to_cobros_taller_credito_detalles_table', 32),
(87, '2024_05_09_105836_modify_ventas_credito_detalles_table', 33),
(88, '2024_05_09_150938_modify_id_abono_ventas_credito_detalles_table', 34),
(89, '2024_05_28_114031_add_id_usuario_movimiento_to_inventario_movimientos', 35),
(90, '2024_06_04_150749_add_disponible_to_equipos_table', 36),
(91, '2024_06_21_130943_add_disponible_to_users_table', 37);

-- --------------------------------------------------------

--
-- Estructura de tabla para la tabla `modelos_equipos`
--

CREATE TABLE `modelos_equipos` (
  `id` bigint(20) UNSIGNED NOT NULL,
  `id_marca` bigint(20) UNSIGNED NOT NULL,
  `nombre` varchar(20) NOT NULL,
  `disponible` tinyint(1) NOT NULL,
  `created_at` timestamp NULL DEFAULT NULL,
  `updated_at` timestamp NULL DEFAULT NULL
) ENGINE=InnoDB DEFAULT CHARSET=utf8mb4 COLLATE=utf8mb4_unicode_ci;

--
-- Volcado de datos para la tabla `modelos_equipos`
--

INSERT INTO `modelos_equipos` (`id`, `id_marca`, `nombre`, `disponible`, `created_at`, `updated_at`) VALUES
(1, 1, 'MOTO G52', 1, '2023-09-28 18:44:34', '2023-09-28 18:44:34'),
(2, 11, 'GENÉRICO', 1, '2023-10-07 10:53:24', '2023-10-07 10:53:24'),
(3, 8, 'IPHONE X', 1, '2023-10-07 11:49:45', '2023-10-07 11:49:45'),
(4, 1, 'MOTO G53', 1, '2023-10-07 20:20:47', '2023-10-07 20:20:47'),
(5, 7, 'REDMI NOTE 8', 1, '2023-10-07 21:37:31', '2024-05-07 02:54:07'),
(6, 6, 'ALTRIUM', 1, '2023-10-07 21:40:54', '2023-10-07 21:40:54'),
(7, 6, 'PLAKOUS', 1, '2023-10-07 21:43:08', '2023-10-07 21:43:08'),
(8, 10, 'LN-100', 1, '2023-10-07 21:43:27', '2023-10-07 21:43:27'),
(9, 6, 'SANDIS', 1, '2023-10-07 22:35:43', '2023-10-07 22:35:43'),
(10, 7, 'RN-98', 1, '2023-10-07 22:36:25', '2023-10-07 22:36:25'),
(11, 5, 'VAIO', 1, '2023-10-07 22:36:45', '2023-10-07 22:36:45'),
(12, 2, 'S11', 1, '2023-10-08 00:08:21', '2023-10-08 00:08:21'),
(13, 2, 'LOWER', 1, '2023-10-08 00:37:39', '2023-10-08 00:37:39'),
(14, 8, 'Z3', 1, '2023-10-08 00:40:44', '2023-10-08 00:40:44'),
(15, 11, 'HON44', 1, '2023-10-08 00:42:10', '2023-10-08 00:42:10'),
(16, 6, 'XODUS', 1, '2023-10-08 00:43:04', '2023-10-08 00:43:04'),
(17, 11, 'JEY', 1, '2023-10-08 00:45:39', '2023-10-08 00:45:39'),
(18, 10, 'KILL98', 1, '2023-10-08 01:03:04', '2023-10-08 01:03:04'),
(19, 10, 'CORTOUIS', 1, '2023-10-08 01:03:09', '2023-10-08 01:03:09'),
(20, 10, 'HELL', 1, '2023-10-08 01:03:11', '2023-10-08 01:03:11'),
(21, 8, 'U42', 1, '2023-10-08 01:11:29', '2023-10-08 01:11:29'),
(22, 8, 'ANT', 1, '2023-10-08 01:11:35', '2023-10-08 01:11:35'),
(23, 6, 'PASIR', 1, '2023-10-08 01:14:41', '2023-10-08 01:14:41'),
(24, 2, 'QUIU', 1, '2023-10-08 01:15:54', '2023-10-08 01:15:54'),
(25, 11, 'DELL', 1, '2023-10-08 01:17:06', '2023-10-08 01:17:06'),
(26, 11, 'JUNE', 1, '2023-10-08 01:20:41', '2023-10-08 01:20:41'),
(27, 11, 'WILL', 1, '2023-10-08 01:20:53', '2023-10-08 01:20:53'),
(28, 11, 'K111', 1, '2023-10-08 01:22:58', '2023-10-08 01:22:58'),
(29, 11, 'GREAT', 1, '2023-10-08 01:23:13', '2023-10-08 01:23:13'),
(30, 11, 'MARK', 1, '2023-10-08 01:23:15', '2023-10-08 01:23:15'),
(31, 11, 'H91', 1, '2023-10-08 01:23:17', '2023-10-08 01:23:17'),
(32, 2, 'G65', 1, '2023-10-08 01:24:05', '2023-10-08 01:24:05'),
(33, 2, 'A12', 1, '2023-10-08 01:24:07', '2023-10-08 01:24:07'),
(34, 8, 'IPHONE XI', 1, '2023-10-08 01:27:32', '2023-10-08 01:27:32'),
(35, 1, 'TRENDING', 1, '2023-10-08 01:34:18', '2023-10-08 01:34:18'),
(36, 6, 'E44', 1, '2023-10-08 01:37:34', '2023-10-08 01:37:34'),
(37, 7, 'REDMI NOTE X', 1, '2023-10-08 01:38:53', '2023-10-08 01:38:53'),
(38, 5, 'ERICKSON', 1, '2023-10-08 01:39:58', '2023-10-08 01:39:58'),
(39, 12, 'GENÉRICO', 1, '2023-10-08 01:50:41', '2023-10-08 01:50:41'),
(40, 13, 'GENÉRICO', 1, '2023-10-08 01:51:35', '2023-10-08 01:51:35'),
(41, 14, 'GENÉRICO', 1, '2023-10-08 01:52:56', '2023-10-08 01:52:56'),
(42, 15, 'GENÉRICO', 1, '2023-10-08 02:03:41', '2023-10-08 02:03:41'),
(43, 16, 'GENÉRICO', 1, '2023-10-09 23:51:29', '2023-10-09 23:51:29'),
(44, 16, 'G15', 1, '2023-10-10 00:12:14', '2023-10-10 00:12:14'),
(45, 9, 'LEN98', 1, '2023-10-11 10:58:33', '2023-10-11 10:58:33'),
(46, 17, 'GENÉRICO', 1, '2023-10-14 07:55:22', '2023-10-14 07:55:22'),
(47, 17, 'YE9', 1, '2023-10-14 07:56:09', '2023-10-14 07:56:09'),
(48, 18, 'PAVILIOUS', 1, '2023-10-18 04:56:06', '2023-10-18 04:56:06'),
(49, 18, 'LENOVO', 1, '2023-10-18 04:59:11', '2023-10-18 04:59:11'),
(50, 19, 'GENÉRICO', 1, '2023-10-18 05:01:19', '2023-10-18 05:01:19'),
(51, 20, 'GENÉRICO', 1, '2023-10-18 05:03:42', '2023-10-18 05:03:42'),
(52, 21, 'GENÉRICO', 1, '2023-10-19 00:11:29', '2023-10-19 00:11:29'),
(53, 22, 'GENÉRICO', 1, '2023-10-19 04:48:02', '2023-10-19 04:48:02'),
(54, 4, 'RENO 6', 1, '2023-10-24 01:27:46', '2024-06-29 03:01:59'),
(55, 7, 'REDMI 9A', 1, '2024-01-29 18:02:39', '2024-01-29 18:02:39'),
(56, 2, 'A24', 1, '2024-01-30 01:27:37', '2024-01-30 01:27:37'),
(57, 2, 'A21S', 1, '2024-01-30 19:30:46', '2024-01-30 19:30:46'),
(58, 17, 'Y9S', 1, '2024-01-30 19:32:24', '2024-01-30 19:32:24'),
(59, 1, 'CRICKET', 1, '2024-01-31 19:27:43', '2024-01-31 19:27:43'),
(60, 2, 'A52', 1, '2024-01-31 19:35:09', '2024-01-31 19:35:09'),
(61, 8, 'IPHONE 11', 1, '2024-01-31 19:36:50', '2024-01-31 19:36:50'),
(62, 8, 'IPHONE 7', 1, '2024-01-31 19:42:46', '2024-06-26 19:20:07'),
(63, 2, 'A10S', 1, '2024-02-01 01:26:59', '2024-02-01 01:26:59'),
(64, 4, 'A15', 1, '2024-02-01 01:29:18', '2024-02-01 01:29:18'),
(65, 1, 'G50', 1, '2024-02-01 16:47:16', '2024-02-01 16:47:16'),
(66, 18, '14', 1, '2024-02-01 18:31:46', '2024-02-01 18:31:46'),
(67, 2, 'A14 5G', 1, '2024-02-02 01:01:26', '2024-02-02 01:01:26'),
(68, 2, 'J4 PLUS', 1, '2024-02-03 19:28:18', '2024-02-03 19:28:18'),
(69, 23, 'GENÉRICO', 1, '2024-02-05 18:26:40', '2024-02-05 18:26:40'),
(70, 23, '11 PRO PLUS 5G', 1, '2024-02-05 18:37:50', '2024-02-05 18:37:50'),
(71, 1, 'E6 PLUS', 1, '2024-02-06 00:14:41', '2024-02-06 00:14:41'),
(72, 8, 'IPHONE 7 PLUS', 1, '2024-02-06 00:16:18', '2024-05-04 01:38:18'),
(73, 2, 'A02', 1, '2024-02-06 00:48:41', '2024-02-06 00:48:41'),
(74, 17, 'Y9 PRIME', 1, '2024-02-06 00:55:35', '2024-02-06 00:55:35'),
(75, 24, 'GENÉRICO', 1, '2024-02-06 16:25:54', '2024-02-06 16:25:54'),
(76, 24, 'ASPIRES 4349', 1, '2024-02-06 16:28:16', '2024-02-06 16:28:16'),
(77, 25, 'GENÉRICO', 1, '2024-02-10 20:13:37', '2024-02-10 20:13:37'),
(78, 26, 'GENÉRICO', 1, '2024-02-18 18:29:52', '2024-02-18 18:29:52'),
(79, 17, 'Y9 2019', 1, '2024-02-18 18:34:43', '2024-02-18 18:34:43'),
(80, 27, 'GENÉRICO', 1, '2024-02-18 20:06:14', '2024-02-18 20:06:14'),
(81, 17, 'MATE 20 LITE', 1, '2024-02-18 20:08:22', '2024-02-18 20:08:22'),
(82, 2, 'A03 CORE', 1, '2024-02-18 20:49:22', '2024-02-18 20:49:22'),
(83, 2, 'A04E', 1, '2024-02-19 17:42:30', '2024-02-19 17:42:30'),
(84, 2, 'A13', 1, '2024-02-19 17:50:10', '2024-02-19 17:50:10'),
(85, 1, 'E5 PLAY', 1, '2024-02-19 17:59:58', '2024-02-19 17:59:58'),
(86, 8, 'XS MAX', 1, '2024-02-19 18:06:10', '2024-02-19 18:06:10'),
(87, 1, 'G72', 1, '2024-02-19 18:44:15', '2024-02-19 18:44:15'),
(88, 1, 'E13', 1, '2024-02-21 01:37:54', '2024-02-21 01:37:54'),
(89, 8, 'XS', 1, '2024-02-21 19:11:57', '2024-02-21 19:11:57'),
(90, 1, 'E20', 1, '2024-02-21 21:29:17', '2024-02-21 21:29:17'),
(91, 1, 'G30', 1, '2024-02-21 21:32:08', '2024-02-21 21:32:08'),
(92, 8, 'IPHONE 6S PLUS', 1, '2024-02-22 02:12:21', '2024-05-04 01:38:27'),
(93, 1, 'E7', 1, '2024-02-22 18:33:43', '2024-02-22 18:33:43'),
(94, 7, 'REDMI A2', 1, '2024-02-23 17:35:16', '2024-02-23 17:35:16'),
(95, 28, 'GENÉRICO', 1, '2024-02-23 17:38:12', '2024-02-23 17:38:12'),
(96, 2, 'A11', 1, '2024-02-23 17:40:51', '2024-02-23 17:40:51'),
(97, 1, 'E4', 1, '2024-02-23 20:37:53', '2024-02-23 20:37:53'),
(98, 7, 'POCO X3', 1, '2024-02-24 01:27:54', '2024-02-24 01:27:54'),
(99, 2, 'A02S', 1, '2024-02-24 20:50:52', '2024-02-24 20:50:52'),
(100, 8, 'IPHONE 13', 1, '2024-02-25 02:23:55', '2024-02-25 02:23:55'),
(101, 29, 'GENÉRICO', 1, '2024-02-26 16:24:49', '2024-02-26 16:24:49'),
(102, 2, 'J8', 1, '2024-02-26 19:39:58', '2024-02-26 19:39:58'),
(103, 30, 'GENÉRICO', 1, '2024-02-26 19:42:45', '2024-02-26 19:42:45'),
(104, 4, 'F5 PRO', 1, '2024-02-27 20:04:51', '2024-02-27 20:04:51'),
(105, 2, 'M33', 1, '2024-02-28 02:09:15', '2024-02-28 02:09:15'),
(106, 31, 'GENÉRICO', 1, '2024-02-29 19:41:46', '2024-02-29 19:41:46'),
(107, 31, 'L9', 1, '2024-02-29 19:41:56', '2024-02-29 19:41:56'),
(108, 2, 'A04', 1, '2024-02-29 19:45:49', '2024-02-29 19:45:49'),
(109, 13, 'Q60', 1, '2024-03-01 17:11:08', '2024-03-01 17:11:08'),
(110, 8, 'IPHONE 8 PLUS', 1, '2024-03-02 17:57:03', '2024-03-02 17:57:03'),
(111, 2, 'J6', 1, '2024-03-02 18:06:30', '2024-03-02 18:06:30'),
(112, 4, 'A54', 1, '2024-03-02 18:36:44', '2024-03-02 18:36:44'),
(113, 2, 'A53', 1, '2024-03-02 20:58:25', '2024-03-02 20:58:25'),
(114, 2, 'Z FOLD4', 1, '2024-03-03 00:20:05', '2024-03-03 00:20:05'),
(115, 1, 'E7I POWER', 1, '2024-03-04 18:24:10', '2024-03-04 18:24:10'),
(116, 31, 'L220', 1, '2024-03-04 18:33:00', '2024-03-04 18:33:00'),
(117, 7, 'REDMI NOTE 10S', 1, '2024-03-04 18:49:22', '2024-03-04 18:49:22'),
(118, 18, 'GENERICO', 1, '2024-03-04 18:57:50', '2024-03-04 18:57:50'),
(119, 2, 'A03S', 1, '2024-03-04 20:05:28', '2024-03-04 20:05:28'),
(120, 17, 'Y6 2019', 1, '2024-03-05 01:09:39', '2024-03-05 01:21:28'),
(121, 8, 'IPHONE 14 PRO MAX', 1, '2024-03-05 01:56:28', '2024-03-05 01:56:28'),
(122, 1, 'EDGE 30', 1, '2024-03-05 18:17:55', '2024-03-05 18:17:55'),
(123, 2, 'A03', 1, '2024-03-05 18:41:25', '2024-03-05 18:41:25'),
(124, 32, 'GENÉRICO', 1, '2024-03-05 19:22:55', '2024-03-05 19:22:55'),
(125, 2, 'A32', 1, '2024-03-05 20:17:50', '2024-03-05 20:17:50'),
(126, 8, 'IPHONE 12 PRO', 1, '2024-03-06 02:20:42', '2024-03-06 02:20:42'),
(127, 2, 'A50', 1, '2024-03-06 02:52:37', '2024-03-06 02:52:37'),
(128, 1, 'G7 PLUS', 1, '2024-03-06 18:59:48', '2024-03-06 18:59:48'),
(129, 2, 'A31', 1, '2024-03-07 18:18:29', '2024-03-07 18:18:29'),
(130, 4, 'RENO 7', 1, '2024-03-07 20:18:10', '2024-03-07 20:18:10'),
(131, 1, 'E32', 1, '2024-03-08 20:56:34', '2024-03-08 20:56:34'),
(132, 2, 'GRAND PRIME', 1, '2024-03-11 18:31:16', '2024-03-11 18:31:16'),
(133, 2, 'GENERICO', 1, '2024-03-11 18:41:14', '2024-03-11 18:41:14'),
(134, 1, 'G60S', 1, '2024-03-11 21:14:51', '2024-03-11 21:14:51'),
(135, 1, 'GENERICO', 1, '2024-03-11 23:56:01', '2024-03-11 23:56:01'),
(136, 33, 'GENÉRICO', 1, '2024-03-12 18:13:17', '2024-03-12 18:13:17'),
(137, 1, 'E22', 1, '2024-03-12 19:12:13', '2024-03-12 19:12:13'),
(138, 34, 'GENÉRICO', 1, '2024-03-13 01:28:08', '2024-03-13 01:28:08'),
(139, 11, 'L33', 1, '2024-03-13 01:28:30', '2024-03-13 01:28:30'),
(140, 17, 'NOVA 9 SE', 1, '2024-03-13 03:45:42', '2024-03-13 03:45:42'),
(141, 31, 'A51', 1, '2024-03-14 01:50:55', '2024-03-14 01:50:55'),
(142, 4, 'A77', 1, '2024-03-14 17:05:15', '2024-03-14 17:05:15'),
(143, 7, 'REDMI 10', 1, '2024-03-14 20:19:21', '2024-03-14 20:19:21'),
(144, 2, 'A10', 1, '2024-03-15 17:59:55', '2024-03-15 17:59:55'),
(145, 4, 'A57', 1, '2024-03-18 20:51:30', '2024-03-18 20:51:30'),
(146, 8, 'IPHONE 6S', 1, '2024-03-18 21:01:59', '2024-05-04 01:37:54'),
(147, 8, 'IPHONE 11 PRO MAX', 1, '2024-03-21 21:05:12', '2024-03-21 21:05:12'),
(148, 35, 'GENÉRICO', 1, '2024-03-21 21:16:00', '2024-03-21 21:16:00'),
(149, 7, 'REDMI 9A 2022', 0, '2024-03-22 22:03:39', '2024-06-26 19:14:54'),
(150, 36, 'GENÉRICO', 1, '2024-03-23 01:53:02', '2024-03-23 01:53:02'),
(151, 36, 'L3210', 1, '2024-03-23 01:53:17', '2024-03-23 01:53:17'),
(152, 2, 'S10', 1, '2024-03-23 17:42:32', '2024-03-23 17:42:32'),
(153, 17, 'Y9A', 1, '2024-03-24 01:51:51', '2024-03-24 01:51:51'),
(154, 2, 'GALAXY S7 VERIZON', 1, '2024-03-25 16:39:19', '2024-03-25 16:39:19'),
(155, 37, 'GENÉRICO', 1, '2024-03-25 16:40:54', '2024-03-25 16:40:54'),
(156, 1, 'E6 PLAY', 1, '2024-03-25 17:57:24', '2024-03-25 17:57:24'),
(157, 31, 'BLADE', 1, '2024-03-28 16:44:29', '2024-03-28 16:44:29'),
(158, 17, 'Y5P', 1, '2024-03-28 18:01:34', '2024-03-28 18:01:34'),
(159, 31, 'BLADE V41', 1, '2024-03-28 21:01:35', '2024-03-28 21:01:35'),
(160, 38, 'GENÉRICO', 1, '2024-04-01 18:23:47', '2024-04-01 18:23:47'),
(161, 1, 'ONE FUSION', 1, '2024-04-02 17:19:54', '2024-04-02 17:19:54'),
(162, 39, 'GENÉRICO', 1, '2024-04-02 17:21:40', '2024-04-02 17:21:40'),
(163, 8, 'IPHONE 7', 0, '2024-04-02 18:08:41', '2024-06-26 19:20:09'),
(164, 2, 'A71', 1, '2024-04-03 01:42:41', '2024-04-03 01:42:41'),
(165, 1, 'E40', 1, '2024-04-03 03:11:46', '2024-04-03 03:11:46'),
(166, 17, 'Y9S', 1, '2024-04-04 00:16:49', '2024-04-04 00:16:49'),
(167, 1, 'E6I', 1, '2024-04-04 03:02:03', '2024-04-04 03:02:03'),
(168, 40, 'GENÉRICO', 1, '2024-04-05 03:40:01', '2024-04-05 03:40:01'),
(169, 40, '2206', 1, '2024-04-05 03:40:13', '2024-04-05 03:40:13'),
(170, 1, 'G71', 1, '2024-04-05 03:41:48', '2024-04-05 03:41:48'),
(171, 41, 'GENÉRICO', 1, '2024-04-09 01:33:29', '2024-04-09 01:33:29'),
(172, 17, 'Y6 2018', 1, '2024-04-10 17:05:53', '2024-04-10 17:05:53'),
(173, 17, 'P30 LITE', 1, '2024-04-12 00:48:33', '2024-04-12 00:48:33'),
(174, 35, 'NOTE 8', 1, '2024-04-13 17:51:17', '2024-04-13 17:51:17'),
(175, 35, 'NOTE 12 4G', 1, '2024-04-15 17:19:36', '2024-04-15 17:19:36'),
(176, 2, 'J5', 1, '2024-04-15 17:20:41', '2024-04-15 17:20:41'),
(177, 8, 'IPHONE 11 PRO', 1, '2024-04-15 17:28:37', '2024-04-15 17:28:37'),
(178, 1, 'G7 POWER', 1, '2024-04-16 18:00:31', '2024-04-16 18:00:31'),
(179, 42, 'GENÉRICO', 1, '2024-04-16 20:23:15', '2024-04-16 20:23:15'),
(180, 31, 'A5 2020', 1, '2024-04-17 02:33:12', '2024-04-17 02:33:12'),
(181, 2, 'A33', 1, '2024-04-17 19:05:16', '2024-04-17 19:05:16'),
(182, 7, 'REDMI 9T', 0, '2024-04-18 02:36:59', '2024-06-26 19:15:15'),
(183, 35, 'NOTE 10S', 1, '2024-04-19 16:43:22', '2024-04-19 16:43:22'),
(184, 17, 'Y8S', 1, '2024-04-22 17:32:07', '2024-04-22 17:32:07'),
(185, 1, 'G20', 1, '2024-04-22 19:12:51', '2024-04-22 19:12:51'),
(186, 4, 'A17', 1, '2024-04-22 19:14:52', '2024-04-22 19:14:52'),
(187, 35, 'NOTE 9', 1, '2024-04-23 00:31:20', '2024-04-23 00:31:20'),
(188, 17, 'Y7A', 1, '2024-04-23 01:02:40', '2024-04-23 01:02:40'),
(189, 11, '9X', 1, '2024-04-23 02:43:14', '2024-04-23 02:43:14'),
(190, 43, 'GENÉRICO', 1, '2024-04-23 17:06:56', '2024-04-23 17:06:56'),
(191, 8, 'IPHONE 12', 1, '2024-04-24 00:21:38', '2024-05-04 01:37:39'),
(192, 1, 'G61', 1, '2024-04-24 00:58:06', '2024-04-24 00:58:06'),
(193, 44, 'GENÉRICO', 1, '2024-04-24 20:56:57', '2024-04-24 20:56:57'),
(194, 35, 'NOTE 7', 1, '2024-04-25 02:22:00', '2024-04-25 02:22:00'),
(195, 45, 'GENÉRICO', 1, '2024-04-26 00:21:43', '2024-04-26 00:21:43'),
(196, 4, 'A53', 1, '2024-04-30 17:00:45', '2024-04-30 17:00:45'),
(197, 31, 'BLADE A34', 1, '2024-05-03 18:00:35', '2024-05-03 18:00:35'),
(198, 17, 'Y7P', 1, '2024-05-03 21:06:42', '2024-05-03 21:06:42'),
(199, 24, 'ASPIRE N23G1', 1, '2024-05-04 18:16:40', '2024-05-04 18:16:40'),
(200, 46, 'GENÉRICO', 1, '2024-05-04 20:05:27', '2024-05-04 20:05:27'),
(201, 46, 'IPAD', 1, '2024-05-04 20:05:36', '2024-05-04 20:05:36'),
(202, 17, 'NOVA Y70', 1, '2024-05-05 01:25:29', '2024-05-05 01:25:29'),
(203, 7, 'POCO M5S', 1, '2024-05-07 02:46:01', '2024-05-07 02:46:01'),
(204, 7, 'REDMI 9T', 1, '2024-05-07 02:47:16', '2024-06-20 19:00:24'),
(205, 2, 'M31', 1, '2024-05-08 01:06:16', '2024-05-08 01:06:16'),
(206, 1, 'G9 PLUS', 1, '2024-05-14 00:24:14', '2024-05-14 00:24:14'),
(207, 2, 'A22', 1, '2024-05-14 19:49:38', '2024-05-14 19:49:38'),
(208, 47, 'GENÉRICO', 1, '2024-05-15 19:19:02', '2024-05-15 19:19:02'),
(209, 48, 'GENÉRICO', 1, '2024-05-16 16:24:34', '2024-05-16 16:24:34'),
(210, 49, 'GENÉRICO', 1, '2024-05-16 18:58:14', '2024-05-16 18:58:14'),
(211, 2, 'A30S', 1, '2024-05-21 03:31:40', '2024-05-21 03:31:40'),
(212, 8, '8', 1, '2024-05-22 17:55:12', '2024-05-22 17:55:12'),
(213, 17, 'P SMART R9', 1, '2024-05-22 17:56:39', '2024-05-22 17:56:39'),
(214, 7, 'REDMI 8', 1, '2024-05-23 18:18:17', '2024-06-26 19:43:55'),
(215, 35, '9', 0, '2024-05-27 16:26:12', '2024-06-26 19:44:09'),
(216, 2, 'A23', 1, '2024-06-01 00:17:58', '2024-06-01 00:17:58'),
(217, 50, 'GENÉRICO', 1, '2024-06-03 19:04:38', '2024-06-03 19:04:38'),
(218, 50, 'F5 PRO 5G', 1, '2024-06-03 19:05:09', '2024-06-03 19:05:09'),
(219, 1, 'G6 PLAY', 1, '2024-06-04 01:31:35', '2024-06-04 01:31:35'),
(220, 1, 'G STYLUS 5G', 1, '2024-06-04 03:07:06', '2024-06-04 03:07:06'),
(221, 1, 'G6 PLUS', 1, '2024-06-06 20:33:45', '2024-06-06 20:33:45'),
(222, 2, 'A05', 1, '2024-06-09 00:28:08', '2024-06-09 00:28:08'),
(223, 2, 'M12', 1, '2024-06-09 02:05:39', '2024-06-09 02:05:39'),
(224, 8, 'XR', 1, '2024-06-10 18:04:29', '2024-06-10 18:04:29'),
(225, 13, 'X230H', 1, '2024-06-11 02:41:01', '2024-06-11 02:41:01'),
(226, 1, 'G6', 1, '2024-06-11 16:23:08', '2024-06-11 16:23:08'),
(227, 7, 'REDMI NOTE 12S', 1, '2024-06-12 02:11:24', '2024-06-26 19:29:22'),
(228, 51, 'GENÉRICO', 1, '2024-06-15 19:01:26', '2024-06-15 19:01:26'),
(229, 7, 'REDMI 10 2022', 1, '2024-06-18 01:05:49', '2024-06-18 23:20:57'),
(230, 2, 'GALAXY S22', 1, '2024-06-18 01:31:17', '2024-06-18 01:31:17'),
(231, 52, 'GENÉRICO', 1, '2024-06-18 17:52:31', '2024-06-18 17:52:31'),
(232, 2, 'S20', 1, '2024-06-25 02:53:28', '2024-06-25 02:53:28'),
(233, 1, 'E6S', 1, '2024-06-25 21:15:03', '2024-06-25 21:15:03'),
(234, 2, 'A15', 1, '2024-06-26 18:20:38', '2024-06-26 18:20:38'),
(235, 7, 'REDMI NOTE 7', 1, '2024-06-26 19:35:31', '2024-06-26 19:35:31'),
(236, 7, 'REDMI NOTE 9', 1, '2024-06-26 19:36:03', '2024-06-26 19:37:14'),
(237, 7, 'REDMI NOTE 12 4G', 1, '2024-06-26 19:40:44', '2024-06-26 19:40:44'),
(238, 7, 'GENÉRICO', 1, '2024-06-26 19:41:45', '2024-06-26 19:41:45'),
(239, 1, 'E4 PLUS', 1, '2024-07-01 18:19:58', '2024-07-01 18:19:58'),
(240, 1, 'G14', 1, '2024-07-05 20:36:24', '2024-07-05 20:36:24'),
(241, 53, 'GENÉRICO', 1, '2024-07-06 18:50:58', '2024-07-06 18:50:58'),
(242, 1, 'G9 PLAY', 1, '2024-07-07 03:03:03', '2024-07-07 03:03:03'),
(243, 31, 'A54', 1, '2024-07-08 17:03:10', '2024-07-08 17:03:10'),
(244, 31, 'V40 VITA', 1, '2024-07-08 19:08:09', '2024-07-08 19:08:09'),
(245, 31, 'AXON 50 LITE', 1, '2024-07-08 19:24:24', '2024-07-08 19:24:24'),
(246, 54, 'GENÉRICO', 1, '2024-07-09 16:29:20', '2024-07-09 16:29:20'),
(247, 2, 'A6 PLUS', 1, '2024-07-15 17:50:23', '2024-07-15 17:50:23'),
(248, 1, 'G41', 1, '2024-07-16 19:27:10', '2024-07-16 19:27:10'),
(249, 2, 'A30', 1, '2024-07-18 01:16:31', '2024-07-18 01:16:31'),
(250, 2, 'A05S', 1, '2024-07-19 19:48:06', '2024-07-19 19:48:06'),
(251, 1, 'G82', 1, '2024-07-22 18:16:22', '2024-07-22 18:16:22'),
(252, 31, 'BLADE A54', 1, '2024-07-27 00:17:56', '2024-07-27 00:17:56'),
(253, 4, 'A16', 1, '2024-07-31 02:01:59', '2024-07-31 02:01:59'),
(254, 4, 'A38', 1, '2024-08-01 01:37:48', '2024-08-01 01:37:48'),
(255, 1, 'G34', 1, '2024-08-02 00:10:14', '2024-08-02 00:10:14'),
(256, 7, 'POCO F3', 1, '2024-08-03 22:24:10', '2024-08-03 22:24:10'),
(257, 55, 'GENÉRICO', 1, '2024-08-05 18:04:19', '2024-08-05 18:04:19'),
(258, 17, 'P40 LITE', 1, '2024-08-05 20:14:09', '2024-08-05 20:14:09'),
(259, 50, 'M5S', 1, '2024-08-05 20:15:05', '2024-08-05 20:15:05'),
(260, 2, 'A01 CORE', 1, '2024-08-08 18:13:50', '2024-08-08 18:13:50'),
(261, 56, 'GENÉRICO', 1, '2024-08-10 18:29:16', '2024-08-10 18:29:16'),
(262, 57, 'GENÉRICO', 1, '2024-08-12 17:44:05', '2024-08-12 17:44:05'),
(263, 8, '13 PRO', 1, '2024-08-12 21:26:18', '2024-08-12 21:26:18'),
(264, 11, 'X6A', 1, '2024-08-13 21:02:21', '2024-08-13 21:02:21'),
(265, 2, 'J7 PRIME', 1, '2024-08-14 17:01:04', '2024-08-14 17:01:04'),
(266, 2, 'A92', 1, '2024-08-15 17:02:15', '2024-08-15 17:02:15'),
(267, 2, 'A9 2018', 1, '2024-08-15 19:13:41', '2024-08-15 19:13:41'),
(268, 4, 'RENO 5 LITE', 1, '2024-08-15 19:16:31', '2024-08-15 19:16:31'),
(269, 36, 'L3110', 1, '2024-08-20 00:21:19', '2024-08-20 00:21:19'),
(270, 11, 'X8A', 1, '2024-08-20 02:48:19', '2024-08-20 02:48:19'),
(271, 7, 'REDMI A1', 1, '2024-08-23 00:44:13', '2024-08-23 00:44:13'),
(272, 13, 'K42', 1, '2024-08-23 01:22:09', '2024-08-23 01:22:09'),
(273, 58, 'GENÉRICO', 1, '2024-08-24 00:34:44', '2024-08-24 00:34:44'),
(274, 59, 'GENÉRICO', 1, '2024-08-24 00:39:08', '2024-08-24 00:39:08'),
(275, 31, 'V50', 1, '2024-08-25 02:11:22', '2024-08-25 02:11:22'),
(276, 2, 'J4 CORE', 1, '2024-08-26 17:08:30', '2024-08-26 17:08:30'),
(277, 1, 'G9 POWER', 1, '2024-08-26 18:29:11', '2024-08-26 18:29:11'),
(278, 60, 'GENÉRICO', 1, '2024-08-28 16:43:31', '2024-08-28 16:43:31'),
(279, 31, 'V10 VITA', 1, '2024-08-28 17:28:08', '2024-08-28 17:28:08'),
(280, 1, 'G5 S PLUS', 1, '2024-08-29 00:57:40', '2024-08-29 03:30:35'),
(281, 1, 'G54', 1, '2024-09-05 00:19:14', '2024-09-05 00:19:14'),
(282, 11, 'X6S', 1, '2024-09-11 00:15:53', '2024-09-11 00:15:53'),
(283, 36, 'L120', 1, '2024-09-14 20:56:11', '2024-09-14 20:56:11'),
(284, 61, 'GENÉRICO', 1, '2024-09-18 21:02:44', '2024-09-18 21:02:44'),
(285, 62, 'GENÉRICO', 1, '2024-09-21 00:19:10', '2024-09-21 00:19:10'),
(286, 63, 'GENÉRICO', 1, '2024-09-25 17:31:36', '2024-09-25 17:31:36'),
(287, 64, 'GENÉRICO', 1, '2024-09-25 17:32:10', '2024-09-25 17:32:10'),
(288, 1, 'G22', 1, '2024-09-28 00:39:55', '2024-09-28 00:39:55'),
(289, 1, 'G8 POWER LITE', 1, '2024-09-30 16:32:04', '2024-09-30 16:32:04'),
(290, 1, 'E7 PLUS', 1, '2024-09-30 19:16:05', '2024-09-30 19:16:05'),
(291, 40, 'Y22S', 1, '2024-10-03 00:55:04', '2024-10-03 00:55:04'),
(292, 65, 'GENÉRICO', 1, '2024-10-16 18:06:38', '2024-10-16 18:06:38'),
(293, 2, 'A34', 1, '2024-10-25 21:01:10', '2024-10-25 21:01:10'),
(294, 4, 'A12', 1, '2024-10-29 00:20:20', '2024-10-29 00:20:20'),
(295, 36, 'L3251', 1, '2024-10-30 00:56:46', '2024-10-30 00:56:46'),
(296, 1, 'G8 PLUS', 1, '2024-10-31 00:34:04', '2024-10-31 00:34:04'),
(297, 36, 'L3150', 1, '2024-10-31 20:59:28', '2024-10-31 20:59:28'),
(298, 1, 'G7 PLAY', 1, '2024-11-07 17:09:11', '2024-11-07 17:09:11');

-- --------------------------------------------------------

--
-- Estructura de tabla para la tabla `model_has_permissions`
--

CREATE TABLE `model_has_permissions` (
  `permission_id` bigint(20) UNSIGNED NOT NULL,
  `model_type` varchar(255) NOT NULL,
  `model_id` bigint(20) UNSIGNED NOT NULL
) ENGINE=InnoDB DEFAULT CHARSET=utf8mb4 COLLATE=utf8mb4_unicode_ci;

-- --------------------------------------------------------

--
-- Estructura de tabla para la tabla `model_has_roles`
--

CREATE TABLE `model_has_roles` (
  `role_id` bigint(20) UNSIGNED NOT NULL,
  `model_type` varchar(255) NOT NULL,
  `model_id` bigint(20) UNSIGNED NOT NULL
) ENGINE=InnoDB DEFAULT CHARSET=utf8mb4 COLLATE=utf8mb4_unicode_ci;

--
-- Volcado de datos para la tabla `model_has_roles`
--

INSERT INTO `model_has_roles` (`role_id`, `model_type`, `model_id`) VALUES
(1, 'App\\Models\\User', 1),
(1, 'App\\Models\\User', 14),
(3, 'App\\Models\\User', 13);

-- --------------------------------------------------------

--
-- Estructura de tabla para la tabla `password_resets`
--

CREATE TABLE `password_resets` (
  `email` varchar(255) NOT NULL,
  `token` varchar(255) NOT NULL,
  `created_at` timestamp NULL DEFAULT NULL
) ENGINE=InnoDB DEFAULT CHARSET=utf8mb4 COLLATE=utf8mb4_unicode_ci;

-- --------------------------------------------------------

--
-- Estructura de tabla para la tabla `password_reset_tokens`
--

CREATE TABLE `password_reset_tokens` (
  `email` varchar(255) NOT NULL,
  `token` varchar(255) NOT NULL,
  `created_at` timestamp NULL DEFAULT NULL
) ENGINE=InnoDB DEFAULT CHARSET=utf8mb4 COLLATE=utf8mb4_unicode_ci;

-- --------------------------------------------------------

--
-- Estructura de tabla para la tabla `permissions`
--

CREATE TABLE `permissions` (
  `id` bigint(20) UNSIGNED NOT NULL,
  `name` varchar(255) NOT NULL,
  `guard_name` varchar(255) NOT NULL,
  `created_at` timestamp NULL DEFAULT NULL,
  `updated_at` timestamp NULL DEFAULT NULL
) ENGINE=InnoDB DEFAULT CHARSET=utf8mb4 COLLATE=utf8mb4_unicode_ci;

--
-- Volcado de datos para la tabla `permissions`
--

INSERT INTO `permissions` (`id`, `name`, `guard_name`, `created_at`, `updated_at`) VALUES
(1, 'configurar-usuarios', 'web', '2023-09-29 00:16:46', '2023-09-29 00:16:46');

-- --------------------------------------------------------

--
-- Estructura de tabla para la tabla `personal_access_tokens`
--

CREATE TABLE `personal_access_tokens` (
  `id` bigint(20) UNSIGNED NOT NULL,
  `tokenable_type` varchar(255) NOT NULL,
  `tokenable_id` bigint(20) UNSIGNED NOT NULL,
  `name` varchar(255) NOT NULL,
  `token` varchar(64) NOT NULL,
  `abilities` text DEFAULT NULL,
  `last_used_at` timestamp NULL DEFAULT NULL,
  `expires_at` timestamp NULL DEFAULT NULL,
  `created_at` timestamp NULL DEFAULT NULL,
  `updated_at` timestamp NULL DEFAULT NULL
) ENGINE=InnoDB DEFAULT CHARSET=utf8mb4 COLLATE=utf8mb4_unicode_ci;

-- --------------------------------------------------------

--
-- Estructura de tabla para la tabla `productos`
--

CREATE TABLE `productos` (
  `codigo` varchar(20) NOT NULL,
  `descripcion` varchar(60) NOT NULL,
  `precio_costo` decimal(7,2) NOT NULL,
  `precio_venta` decimal(7,2) NOT NULL,
  `precio_mayoreo` decimal(7,2) NOT NULL,
  `inventario` int(11) NOT NULL,
  `inventario_minimo` int(11) NOT NULL,
  `id_departamento` bigint(20) UNSIGNED NOT NULL,
  `disponible` tinyint(4) NOT NULL DEFAULT 1
) ENGINE=InnoDB DEFAULT CHARSET=utf8mb4 COLLATE=utf8mb4_unicode_ci;

--
-- Volcado de datos para la tabla `productos`
--

INSERT INTO `productos` (`codigo`, `descripcion`, `precio_costo`, `precio_venta`, `precio_mayoreo`, `inventario`, `inventario_minimo`, `id_departamento`, `disponible`) VALUES
('00100123', 'PROTECTOR ESPACIO3 IPHONE 7/8', 50.00, 150.00, 0.00, 1, 0, 2, 1),
('0034500345', 'PROTECTOR PRADA BLANCO IPHONE 12/12 PRO', 150.00, 250.00, 0.00, 1, 0, 2, 1),
('00997009988', 'PROTECTOR CRISTAL IPHONE 12', 100.00, 200.00, 0.00, 3, 0, 2, 1),
('0100281568', 'POP SOCKET OSO TRANSPARENTE', 40.00, 80.00, 0.00, 1, 0, 2, 1),
('01749402', 'AUDIFONOS WIRELESS BLANCOS GOMA', 150.00, 350.00, 0.00, 2, 0, 2, 1),
('0217594021', 'PROTECTOR CRISTAL IPHONE 14 PRO', 100.00, 200.00, 0.00, 1, 0, 2, 1),
('02720466', 'AIR PODS BLANCOS', 150.00, 350.00, 0.00, 2, 0, 2, 1),
('0303', 'CORRECTOR PLUMA', 10.00, 15.00, 12.00, 23, 0, 12, 1),
('0303303', 'PROTECTOR GUCCI/DIOR IPHONE 13', 50.00, 150.00, 0.00, 5, 0, 2, 1),
('0350450658', 'PROTECTOR ROJO/TRANSPARENTE IPHONE 13 PRO MAX', 100.00, 200.00, 0.00, 1, 0, 2, 1),
('041540007432', 'PUNTILLAS PAPER MATE 1.3 MM', 100.00, 15.00, 0.00, 3, 0, 2, 1),
('046014783683', 'RADIO DE 2 VIAS MIDLAND', 700.00, 1500.00, 0.00, 1, 0, 4, 1),
('071641063228', 'MARCADOR SHARPIE DORADO', 15.00, 30.00, 0.00, 0, 0, 12, 1),
('07503048808131', 'MOUSE OPTICO CON CABLE MOD. 17', 50.00, 100.00, 0.00, 3, 0, 7, 1),
('0798190206783', 'AUDIFONOS INALAMBRICOS FRESHFUN', 150.00, 300.00, 0.00, 1, 0, 2, 1),
('0808979612', 'PROTECTOR ROJO IPHONE 14 PRO', 150.00, 250.00, 0.00, 1, 0, 2, 1),
('0908079080', 'PROTECTOR SWAROVSKI NEGRO/PLATA IPHONE 12 PRO MAX', 150.00, 250.00, 0.00, 2, 0, 2, 1),
('100', 'RECARGA DE $100', 95.00, 100.00, 0.00, -1, -1, 16, 1),
('101', 'IMPRESION A COLOR', 1.00, 5.00, 3.00, -1, -1, 12, 1),
('1010', 'PROTECTOR PIEL NEGRO IPHONE 14 PRO MAX', 100.00, 200.00, 0.00, 1, 0, 2, 1),
('1010016105', 'PROTECTOR ROJO/NEGRO/ROSA IPHONE 11', 150.00, 250.00, 0.00, 3, 0, 2, 1),
('10101510', 'PROTECTOR IP XR 2 EN 1 LILA CON ROSA', 150.00, 250.00, 0.00, 1, 0, 2, 1),
('102', 'IMPRESION BLANCO Y NEGRO', 0.50, 1.00, 0.00, -1, -1, 12, 1),
('10251025', 'PROTECTOR MAGNETICO PIEL IPHONE XR', 100.00, 280.00, 0.00, 2, 0, 2, 1),
('10451046', 'PROTECTOR TRANSPARENTE IP XS', 100.00, 200.00, 0.00, 1, 0, 2, 1),
('104748104648', 'PROTECTOR CRISTAL POE ZTE A54/A34', 100.00, 200.00, 0.00, 1, 0, 2, 1),
('10610710', 'PROTECTOR FLORES IPHONE 7', 50.00, 150.00, 0.00, 1, 0, 2, 1),
('1112225566', 'PROTECTOR AZUL/ROSA IPHONE 13 PRO MAX', 150.00, 250.00, 0.00, 2, 0, 2, 1),
('11221122', 'PROTECTOR CRISTAL ROSA IP XR', 100.00, 200.00, 0.00, 1, 0, 2, 1),
('1155', 'LIBRETITA PERSONAJES', 15.00, 35.00, 0.00, 14, 0, 12, 1),
('12122230', 'PROTECTOR AUTO FOCUS MAGNETICO IPHONE 11', 150.00, 250.00, 0.00, 2, 0, 2, 1),
('1212312312', 'PROTECTOR AUTO FOCUS IPHONE 14', 150.00, 250.00, 0.00, 1, 0, 2, 1),
('12131213', 'PROTECTOR CRISTAL IPHONE XS', 100.00, 200.00, 0.00, 3, 0, 2, 1),
('12241200', 'PROTECTOR SILICON ROSA/AZUL IPHONE 11', 50.00, 150.00, 0.00, 5, 0, 2, 1),
('123', 'PROTECTOR SAMSUNG A34 TRASPARENTE', 100.00, 200.00, 150.00, 1, 0, 2, 1),
('1234', 'PROTECTOR SAMSUNG A34 TRASPARENTE/VERDE MENTA', 100.00, 200.00, 150.00, 3, 0, 2, 1),
('123456A2425', 'PROTECTOR  SAMSUNG A24 4G  NEGRO CON BLANCO 3 EN 1', 150.00, 250.00, 0.00, 1, 0, 2, 1),
('12441212344', 'PROTECTOR TRANSPARENTE CON ANILLO IPHONE 12 PM', 50.00, 150.00, 0.00, 1, 0, 2, 1),
('1280128095', 'PROTECTOR PIEL ROSA IPHONE 14 PRO', 120.00, 220.00, 0.00, 1, 0, 2, 1),
('1313001300', 'PROTECTOR MAGSAFE', 150.00, 250.00, 0.00, 3, 0, 2, 1),
('1313409', 'PROTECTOR PIEL MAGNETICO IPHONE 14', 150.00, 280.00, 0.00, 2, 0, 2, 1),
('135', 'DIARIO CON PLUMA', 30.00, 60.00, 0.00, 2, 0, 12, 1),
('14 P', 'PROTECTOR MAGNETICO VERDE/AZUL IPHONE 14 PLUS', 150.00, 250.00, 0.00, 2, 0, 2, 1),
('14 PX', 'PROTECTOR PIEL MAGNETICO IPHONE 14 PRO MAX', 150.00, 280.00, 0.00, 2, 0, 2, 1),
('1410561410', 'PROTECTOR RAYAS ROJAS IPHONE 12/12 PRO', 150.00, 250.00, 0.00, 1, 0, 2, 1),
('14141450', 'PROTECTOR MOCA NEGRO/GRIS IPHONE 14', 150.00, 250.00, 0.00, 3, 0, 2, 1),
('1415', 'PROTECTOR SPIDERMAN IPHONE 14 PLUS', 100.00, 200.00, 0.00, 1, 0, 2, 1),
('14151489', 'PROTECTOR GLITTER IPHONE 14 PRO', 50.00, 150.00, 0.00, 1, 0, 2, 1),
('14411400', 'PROTECTOR PRADA NEGRO/BLANCO IPHONE 11', 150.00, 250.00, 0.00, 1, 0, 2, 1),
('1474628147628', 'PROTECTOR TRANSPARENTE CON ROSA/NEGRO IP 13 PRO', 100.00, 200.00, 0.00, 2, 0, 2, 1),
('1515', 'PROTECTOR RUDO VIOLETA IPHONE 14 PRO MAX', 100.00, 200.00, 0.00, 1, 0, 2, 1),
('151515354', 'PROTECTOR SILICON IPHONE 14', 50.00, 150.00, 0.00, 5, 0, 2, 1),
('1520152', 'PROTECTOR POP IT COLORES IPHONE X/XS', 50.00, 150.00, 0.00, 0, 0, 2, 1),
('153015', 'PROTECTOR SOPORTE NEGRO IPHONE X', 100.00, 200.00, 0.00, 1, 0, 2, 1),
('153031154', 'PROTECTOR PIEL IPHONE 12', 100.00, 200.00, 0.00, 3, 0, 2, 1),
('154154000', 'PROTECTOR TRANSPARENTE IPHONE 12 PRO MAX', 100.00, 200.00, 0.00, 1, 0, 2, 1),
('15PS', 'PROTECTOR IPHONE 15 PRO MAX SOPORTE', 100.00, 250.00, 200.00, 1, 0, 2, 1),
('15ROJO', 'PROTECTOR IPHONE 15 PRO MAX ROJO', 90.00, 150.00, 100.00, 1, 0, 2, 1),
('16206890', 'USB 16GB ADATA', 55.00, 150.00, 0.00, 10, 0, 7, 1),
('163322163', 'PROTECTOR SILICON COLORES IPHONE 13 PRO MAX', 50.00, 150.00, 0.00, 2, 0, 2, 1),
('167543167543', 'PROTECTOR MAGNETICO PLATA/AZUL IP 13 PM', 150.00, 250.00, 0.00, 2, 0, 2, 1),
('1681', 'SAMSUNG A04/A04E GLITTER', 100.00, 200.00, 150.00, 1, 0, 2, 1),
('1688331', 'PROTECTOR MOTOROLA G22 3 EN 1', 100.00, 200.00, 0.00, 1, 0, 2, 1),
('18181', 'PROTECTOR SAMSUNG A05S SILICON', 60.00, 150.00, 100.00, 2, 0, 2, 1),
('18201820', 'PROTECTOR TRANSPARENTE IPHONE XS MAX', 80.00, 250.00, 0.00, 1, 0, 2, 1),
('1901901998', 'PROTECTOR SILICON IPHONE 12/12 PRO', 50.00, 150.00, 0.00, 3, 0, 2, 1),
('190198001733', 'EAR PODS LIGHTNING IPHONE', 100.00, 200.00, 0.00, 10, 0, 2, 1),
('19071907', 'PROTECTOR MAGNETICO PLASTICO IPHONE XR', 10.00, 250.00, 0.00, 2, 0, 2, 1),
('19191967', 'PROTECTOR NEGRO MAGNETICO IPHONE 13/14', 1200.00, 220.00, 0.00, 1, 0, 2, 1),
('194252192399', 'CARGADOR MAGNETICO IPHONE', 150.00, 350.00, 0.00, 4, 0, 2, 1),
('19H84000002', 'LIBRETA UNICORNIO', 30.00, 60.00, 0.00, 1, 0, 12, 1),
('20', 'RECARGA DE $20', 19.00, 20.00, 0.00, -1, -1, 16, 1),
('2020211225', 'PROTECTOR ROJO 3 EN 1 IPHONE 14', 100.00, 200.00, 0.00, 1, 0, 2, 1),
('2020211545', 'PROTECTOR NEGRO 3 EN 1 IPHONE 14 PRO', 100.00, 200.00, 0.00, 1, 0, 2, 1),
('20222', 'AUDIFONOS HUAWEI NEGROS', 25.00, 50.00, 0.00, 3, 0, 2, 1),
('2223422', 'PROTECTOR RUDO MOCA IPHONE 11', 100.00, 200.00, 0.00, 2, 0, 2, 1),
('22745622456', 'PROTECTOR ROSA SOPORTE IPHONE 12', 150.00, 250.00, 0.00, 0, 0, 2, 1),
('2292021290', 'PROTECTOR ROJO/NEGRO IPHONE 13/14', 0.00, 200.00, 0.00, 2, 0, 2, 1),
('2307281721913', 'MULTI CONTACTO USB 2.9 HUB', 60.00, 100.00, 0.00, 1, 0, 7, 1),
('2311133002396', 'PROTECTOR 3 EN 1 AZUL/TRANSP SAMSUNG A15', 80.00, 200.00, 0.00, 0, 0, 2, 0),
('2312023009020', 'PROTECTOR 3 EN 1 NEGRO/TRANSP A24/A25', 80.00, 200.00, 0.00, 0, 0, 2, 0),
('2312023009044', 'PROTECTOR  SAMSUNG  A24/A25 3 EN 1 TRASPARENTE', 80.00, 200.00, 0.00, 1, 0, 2, 1),
('2312123002112', 'PROTECTOR 3 EN 1 MAGNETICO TRANSP IPH 15 PRO', 94.00, 250.00, 0.00, 1, 0, 2, 1),
('2312133003178', 'PROTECTOR SAMSUNG A53 PLATA', 100.00, 200.00, 150.00, 1, 0, 2, 1),
('23131230021', 'PROTECTOR IPHONE 15 PRO GRIS/TRANSPARENTE', 150.00, 250.00, 0.00, 1, 0, 2, 1),
('23230023', 'PROTECTOR ROSA IPHONE 12 MINI', 100.00, 200.00, 0.00, 1, 0, 2, 1),
('232838', 'PROTECTOR  MOTOROLA G22 ROSA', 50.00, 150.00, 0.00, 1, 0, 2, 1),
('2665656698667', 'LIBRETA UNICORNIO AZUL/CAFE', 20.00, 40.00, 0.00, 3, 0, 12, 1),
('2846001', 'PROTECTOR AZUL/TRANSPARENTE IPHONE 13', 100.00, 200.00, 0.00, 1, 0, 2, 1),
('2888015', 'PROTECTOR GUESS PIEDRAS IPHONE 13 PRO MAX', 150.00, 250.00, 0.00, 1, 0, 2, 1),
('28MVPGD0052935035', 'AUDIFONOS INALAMBRICOS E7S', 50.00, 250.00, 0.00, 2, 0, 2, 0),
('30', 'RECARGA DE $30', 29.00, 30.00, 0.00, -1, -1, 16, 1),
('30356788', 'PROTECTOR MAGNETICO LILA IPHONE 13 PRO MAX', 150.00, 250.00, 0.00, 1, 0, 2, 1),
('32823482', 'PROTECTOR 3 EN 1 LISO IPHONE 7/8', 100.00, 200.00, 0.00, 1, 0, 2, 1),
('330330374', 'PROTECTOR AUTOFOCUS MAGNETICO AMARILLO IPHONE 14', 150.00, 250.00, 0.00, 1, 0, 2, 1),
('33034033', 'PROTECTOR CRISTAL MAGSAFE IPHONE 11', 150.00, 250.00, 0.00, 1, 0, 2, 1),
('3322022538055', 'LIBRETA MARMOLEADA ROSA', 40.00, 80.00, 0.00, 1, 0, 12, 1),
('33679800', 'PROTECTOR MAGNETICO PLATA IPHONE 13 PRO', 150.00, 250.00, 0.00, 1, 0, 2, 1),
('34233423', 'PROTECTOR TRANSPARENTE CON ROJO IP XS MAX', 50.00, 100.00, 0.00, 1, 0, 2, 1),
('345000345', 'PROTECTOR PRADA IPHONE 12/12  PRO', 150.00, 250.00, 0.00, 1, 0, 2, 1),
('39003900', 'PROTECTOR LILA MEGNETICO IP XR', 80.00, 250.00, 0.00, 1, 0, 2, 1),
('3X20', 'FOTOS INFANTILES', 20.00, 20.00, 0.00, 49, 10, 12, 1),
('4', 'CARPETA TAMAÑO OFICIO', 3.00, 5.00, 0.00, 146, 0, 12, 1),
('40024004', 'PROTECTOR SILICON IPHONE 7/8', 50.00, 150.00, 0.00, 2, 0, 2, 1),
('400403540', 'PROTECTOR ROJO 2 EN 1 IPHONE 13', 150.00, 250.00, 0.00, 2, 0, 2, 1),
('40140156', 'PROTECTOR ANILLO ROJO IP 6/7/8', 100.00, 200.00, 0.00, 2, 0, 2, 1),
('4045640456', 'PROTECTOR AZUL PIEL IPHONE 14', 150.00, 250.00, 0.00, 1, 0, 2, 1),
('4055405', 'LAMPARA CHICA CABEZA', 50.00, 150.00, 0.00, 2, 0, 10, 1),
('416332565835', 'PROTECTOR MAGNETICO LILA IPHONE XR', 100.00, 250.00, 0.00, 1, 0, 2, 1),
('4251822151210', 'COLORES FROZEN', 23.00, 35.00, 0.00, 1, 0, 12, 1),
('43430110043', 'PROTECTOR PIEL IPHONE 14 PRO MAX', 100.00, 200.00, 0.00, 3, 0, 2, 1),
('436586864', 'PROTECTOR IPHONE 15 PM AUTO FOCUS', 150.00, 250.00, 0.00, 2, 0, 2, 1),
('4404454460', 'PROTECTOR CRISTAL BLANCO/DISEÑO IPHONE 13 PRO MAX', 100.00, 200.00, 0.00, 3, 0, 2, 1),
('4412344123', 'PROTECTOR SILICON IPHONE 12 PRO MAX', 50.00, 150.00, 0.00, 2, 0, 2, 1),
('443023443023', 'PROTECTOR AUTO FOCUS IPHONE 12 PRO MAX', 150.00, 250.00, 0.00, 2, 0, 2, 1),
('44434443', 'PROTECTOR ROJO IPHONE 11 PRO MAX', 150.00, 250.00, 0.00, 1, 0, 2, 1),
('44667700', 'PROTECTOR SILICON IPHONE 11 PRO MAX', 50.00, 150.00, 0.00, 4, 0, 2, 1),
('446688', 'TIJERAS CHICAS SCISSORS', 10.00, 25.00, 0.00, 1, 0, 2, 1),
('4500450345', 'PROTECTOR SILICON ARCOIRIS IP 11 PRO', 50.00, 150.00, 0.00, 1, 0, 2, 1),
('451312451312', 'PROTECTOR MAGNETICO IPHONE 14 PRO MAX', 150.00, 250.00, 0.00, 1, 0, 2, 1),
('45784579', 'PROTECTOR PIEL MAGNETICO NEGRO IPHONE 13 PM', 1520.00, 280.00, 0.00, 1, 0, 2, 1),
('4647576', 'CORRECTOR CINTA', 30.00, 30.00, 25.00, 3, 0, 12, 1),
('46477665', 'PROTECTOR IPHONE 15 PRO MAX MAGSAFE', 150.00, 250.00, 0.00, 2, 0, 2, 1),
('465465', 'PROTECTOR TRANSPARENTE/ROJO IPHONE 11', 100.00, 200.00, 0.00, 1, 0, 2, 1),
('4664566', 'PORTARETRATO 4\"X6\" ZADAK', 30.00, 60.00, 0.00, 4, 0, 14, 1),
('47475748597', 'PROTECTOR ANILLO ROJO OPPO A16', 100.00, 200.00, 0.00, 0, 0, 2, 1),
('474859', 'PROTECTOR IPHONE 15 PRO MAGNETICO', 150.00, 250.00, 0.00, 1, 0, 2, 1),
('475677', 'PORTARETRATO 5\"X7\" ZADAK', 35.00, 70.00, 0.00, 3, 0, 14, 1),
('475913475', 'PTOTECTOR AUTO FOCUS IPHONE 12', 150.00, 250.00, 0.00, 1, 0, 2, 1),
('4765473565', 'PROTECTOR ROSA MAGNETICO IPHONE 13 PRO', 150.00, 250.00, 0.00, 1, 0, 2, 1),
('477367668', 'PROTECTOR SAMSUNG A13 4G SILICON', 50.00, 150.00, 0.00, 1, 0, 2, 1),
('4783527586969746', 'PROTECTOR ANILLO SAMSUNG A04S', 100.00, 200.00, 0.00, 0, 0, 2, 0),
('4786666', 'ADAPTADOR AUXILIAR PARA AUDIFONOS', 5.00, 35.00, 0.00, 10, 0, 2, 1),
('4895174129888', 'MINI BOCINA SPE-570', 150.00, 250.00, 0.00, 1, 0, 4, 1),
('4D4454', 'PROTECTOR SAMSUNG A54 PRADA', 100.00, 200.00, 0.00, 1, 0, 2, 1),
('50', 'RECARGA DE $50', 48.00, 50.00, 0.00, -1, -1, 16, 1),
('50805680', 'PROTECTOR CON ANILLO NEGRO IPHONE 7 PLUS', 100.00, 200.00, 0.00, 0, 0, 2, 1),
('5150525150', 'PROTECTOR ESPACIO3 MAGNETICO IPHONE 13', 150.00, 250.00, 0.00, 3, 0, 2, 1),
('5372727', 'PROTECTOR OPPO A18/A38 CRISTAL', 100.00, 200.00, 0.00, 1, 0, 2, 1),
('538252847', 'PROTECTOR SAMSUNG A13 4G MATE AZUL', 50.00, 150.00, 0.00, 1, 0, 2, 1),
('5385383', 'PROTECTOR IPHONE 14 PRO MAX SOPORTE', 100.00, 200.00, 0.00, 1, 0, 2, 1),
('5387269', 'PROTECTOR MOTOROLA E14 GRIS', 100.00, 200.00, 0.00, 1, 0, 2, 1),
('54525355', 'PROTECTOR ROSA CON NEGRO IPHONE X', 150.00, 250.00, 0.00, 1, 0, 2, 1),
('5455605455', 'PROTECTOR CON SOPORTE NEGRO IP 11', 100.00, 200.00, 0.00, 2, 0, 2, 1),
('54J82018', 'PROTECTOR USO RUDO SAM J8 2018', 50.00, 150.00, 0.00, 1, 0, 2, 1),
('55005580', 'PROTECTOR BARBIE IPHONE XR', 80.00, 250.00, 0.00, 1, 0, 2, 1),
('55110055110', 'PROTECTOR SILICON RAYAS IPHONE 12', 50.00, 150.00, 0.00, 0, 0, 2, 1),
('5512551278', 'PROTECTOR PRADA NEGRO IPHONE 14', 150.00, 250.00, 0.00, 1, 0, 2, 1),
('555111555110', 'PROTECTOR SPIDERMAN IPHONE 11', 100.00, 200.00, 0.00, 1, 0, 2, 1),
('555588846364', 'PROTECTOR ZTE BLADE L220', 100.00, 200.00, 0.00, 1, 0, 2, 1),
('5557878089909', 'PROTECTOR ANILLO OPPO A17', 100.00, 200.00, 0.00, 1, 0, 2, 1),
('55584235865746', 'PROTECTOR TRANSPARENTE OPPO RENO 7 4G', 70.00, 150.00, 0.00, 1, 0, 2, 1),
('5560755607', 'PROTECTOR AZUL LOVE IPHONE 12 PRO MAX', 50.00, 150.00, 0.00, 1, 0, 2, 1),
('55665566', 'PROTECTOR ROSA CIN NEGRO IPHONE XS MAX', 80.00, 250.00, 0.00, 1, 0, 2, 1),
('55846648', 'PROTECTOR IPHONE 15 PM LILA/BLANCO', 150.00, 250.00, 0.00, 1, 0, 2, 1),
('558689112', 'PROTECTOR OPPO A18/A38 CRISTAL POE', 100.00, 200.00, 0.00, 1, 0, 2, 1),
('56005650', 'PROTECTOR NEGRO CON SOPORTE IPHONE 12 PRO MAX', 100.00, 200.00, 0.00, 1, 0, 2, 1),
('5656075607', 'PROTECTOR MAGNETICO BLANCO/PLATA IPHONE 13 PRO', 150.00, 250.00, 0.00, 3, 0, 2, 1),
('56574324', 'PROTECTOR CRISTAL POE DISEÑO IPHONE 12/12 PRO', 100.00, 200.00, 0.00, 3, 0, 2, 1),
('565867', 'PROTECTOR MSGNETICO ROSA/LILA IPHONE 13', 150.00, 250.00, 0.00, 2, 0, 2, 1),
('56867465', 'PROTECTOR IPHONE 14 SOPORTE MAGNETICO', 100.00, 200.00, 0.00, 2, 0, 2, 1),
('568900127', 'PROTECTOR AUTO FOCUS IPHONE 13 PRO MAX', 150.00, 250.00, 0.00, 1, 0, 2, 1),
('571738123444', 'PROTECTOR DISNEY 3 EN 1', 150.00, 250.00, 0.00, 1, 0, 2, 1),
('57216000', 'AURICULARES BUYTITI', 20.00, 50.00, 0.00, 10, 0, 2, 1),
('5758680', 'PROTECTOR IPOHNE 15 PRO SWAROVSKI', 150.00, 250.00, 0.00, 1, 0, 2, 1),
('57889900', 'PROTECTOR ROSA/AZUL IPHONE 13 PRO MAX', 150.00, 250.00, 0.00, 2, 0, 2, 1),
('58100912', 'AUDIFONOS DIADEMA IRON MAN ROJOS 581', 200.00, 350.00, 0.00, 1, 0, 7, 1),
('5835009', 'PROTECTOR AZUL 3 EN 1 IPHONE 14 PRO', 150.00, 250.00, 0.00, 1, 0, 2, 1),
('59001211', 'PROTECTOR SILICON RAYAS ROJO IP 11 PRO MAX', 150.00, 250.00, 0.00, 1, 0, 2, 1),
('590012327229', 'PROTECTOR SAMSUNG A24 ROJO SILICON', 44.00, 150.00, 0.00, 1, 0, 2, 1),
('590012327747', 'OTG V8', 30.00, 60.00, 0.00, 3, 0, 7, 1),
('590012328059', 'PROTECTOR CRISTAL BLANCO SAMSUNG A15', 84.00, 200.00, 0.00, 1, 0, 2, 1),
('590012328338', 'PROTECTOR PLASTICO ROSA A24', 64.00, 150.00, 0.00, 0, 0, 2, 0),
('590012328439', 'PROTECTOR SAMSUNG A35 SILICON', 60.00, 150.00, 100.00, 1, 0, 2, 1),
('590012328512', 'PROTECTOR SILICON VERDE IPHONE 14', 49.00, 150.00, 0.00, 0, 0, 2, 1),
('590012328557', 'PROTECTOR MAGNETICO AZUL IPHONE 15 PRO', 104.00, 250.00, 0.00, 0, 0, 2, 1),
('590012328564', 'PROTECTOR MAGNETICO BLANCO IPHONE 12 PRO MAX', 104.00, 250.00, 0.00, 1, 0, 2, 1),
('590012328611', 'AUDIFONOS MICKEY TWS B90', 150.00, 350.00, 0.00, 2, 0, 2, 1),
('590012328704', 'PROTECTOR HUAWUEI Y9 PRIME MOTO', 100.00, 200.00, 0.00, 1, 0, 2, 1),
('590012328727', 'PROTECTOR MAGNETICO ROSA IPHONE 15 PRO', 104.00, 250.00, 0.00, 1, 0, 2, 1),
('590012328729', 'PROTECTOR SILICON AZUL IPHONE 15 PRO', 80.00, 150.00, 0.00, 1, 0, 2, 1),
('590012328748', 'PROTECTOR 3 EN 1 NEGRO SAMSUNG A24 4G', 90.00, 250.00, 0.00, 0, 0, 2, 0),
('590012328790', 'PROTECTOR MAGNETICO AZUL IPHONE 12 PRO MAX', 104.00, 250.00, 0.00, 1, 0, 2, 1),
('590012328821', 'PROTECTOR SWAROVSKI PLATA IPHONE 12 PRO', 94.00, 250.00, 0.00, 0, 0, 2, 1),
('59005901', 'PROTECTOR NEON IPHONE 7/8', 100.00, 200.00, 0.00, 1, 0, 2, 1),
('5A54311', 'PROTECTOR SAMSUNG A54 ROJO/NEGRO', 100.00, 200.00, 0.00, 2, 0, 2, 1),
('5A54T', 'PROTECTOR SAMSUNG A54 TRANSPARENTE', 100.00, 200.00, 0.00, 1, 0, 2, 1),
('60011311', 'PROTECTOR MAGNETICO NEGRO IP 11 PRO MAX', 150.00, 250.00, 0.00, 1, 0, 2, 1),
('602760000339', 'LIBRETA TAQUIGRAFIA 80H CH', 10.00, 22.00, 0.00, 2, 0, 12, 1),
('602760000353', 'LIBRETA TAQUIGRAFIA 80H', 15.00, 25.00, 0.00, 2, 0, 12, 1),
('602760000926', 'LIBRETA CH ESTRELLA 96H', 20.00, 40.00, 0.00, 1, 0, 12, 1),
('6139498', 'PROTECTOR SAMSUNG A05 LILA', 100.00, 200.00, 0.00, 1, 0, 2, 1),
('6196190', 'PROTECTOR PIEL ROSA IPHONE XR', 100.00, 200.00, 0.00, 0, 0, 2, 1),
('622A', 'LINTERNA 622A SMILING SHARK', 50.00, 150.00, 0.00, 0, 0, 10, 0),
('6383628', 'PROTECTOR OPPO A38/A18 SILICON', 50.00, 150.00, 0.00, 1, 0, 2, 1),
('6384849174', 'PROTECTOR SILICON ZTE BLADE A5 2020', 70.00, 150.00, 0.00, 1, 0, 2, 1),
('6385473909963', 'AGENDA PRINCESA PEACH', 70.00, 130.00, 0.00, 1, 0, 12, 1),
('64220', 'USB 64GB ADATA', 150.00, 300.00, 0.00, 1, 0, 2, 1),
('64383829', 'PROTECTOR SAMSUNG A04E USO RUDO', 50.00, 150.00, 0.00, 1, 0, 2, 1),
('6447584637', 'PROTECTOR IPHONE 15 PM MAGNETICO PIEL', 150.00, 280.00, 0.00, 2, 0, 2, 1),
('647484', 'CORRECTOR DE CINTA', 15.00, 30.00, 0.00, 0, 0, 12, 0),
('6474947589', 'PROTECTOR USO RUDO ZTE BLADE A51', 80.00, 150.00, 0.00, 1, 0, 2, 1),
('647837449', 'TAPETE PLAYA RECTANGULAR', 20.00, 50.00, 0.00, 2, 0, 7, 1),
('6501422325633', 'LIBRETA FLORES COLORES', 20.00, 40.00, 0.00, 1, 0, 12, 1),
('65330', 'USB 32GB KINGSTON', 100.00, 200.00, 0.00, 2, 0, 7, 1),
('6540654010', 'PROTECTOR RAYAS GRIS IPHONE 13 PRO', 50.00, 150.00, 0.00, 1, 0, 2, 1),
('6556554', 'PROTECTOR AZUL IPHONE 6G/5.5', 100.00, 200.00, 0.00, 1, 0, 2, 1),
('65666560', 'PROTECTOR TRANSPARENTE IP 11 PRO', 100.00, 200.00, 0.00, 1, 0, 2, 1),
('658525', 'AUDIFONOS ALAMBRICOS 1HORA', 30.00, 80.00, 0.00, 8, 0, 2, 1),
('66440', 'MICRO SD 32GB ADATA', 80.00, 180.00, 0.00, 3, 0, 7, 1),
('66443366', 'PROTECTOR MOCA IPHONE XS', 100.00, 200.00, 0.00, 2, 0, 2, 0),
('66485869779753', 'PROTECTOR BATMAN OPPO A53', 70.00, 150.00, 0.00, 0, 0, 2, 1),
('6652323909443', 'AGENDA HELLO KITTY 909-44', 70.00, 130.00, 0.00, 1, 0, 12, 1),
('6652332909663', 'LIBRETA MARIO BROS/STITCH', 70.00, 130.00, 0.00, 3, 0, 12, 1),
('6674638', 'PROTECTOR SAMSUNG A55 ANILLO ROJO', 100.00, 200.00, 0.00, 1, 0, 2, 1),
('6698001', 'PROTECTOR LILA IPHONE 13/14', 100.00, 200.00, 0.00, 1, 0, 2, 1),
('67488277', 'SILICON SAIRA', 3.00, 5.00, 0.00, 95, 0, 12, 1),
('675567', 'LIBRETA AUDIFONOS AZUL', 40.00, 85.00, 0.00, 1, 0, 12, 1),
('67676778', 'PROTECTOR CRISTAL IPHONE XS MAX', 80.00, 200.00, 0.00, 2, 0, 2, 1),
('6781678120', 'PROTECTOR ROSA 3 EN 1 IPHONE 6P/7P/8P', 100.00, 200.00, 0.00, 1, 0, 2, 1),
('6786707', 'PROTECTOR TRANSPARENTE CON LILA MAGNET IP XR', 100.00, 200.00, 0.00, 1, 0, 2, 1),
('6812410221067', 'AGENDA LENTEJUELA VERDE', 60.00, 150.00, 0.00, 1, 0, 12, 1),
('6820201113125', 'AUDIFONOS INALAMBRICOS SONY', 150.00, 350.00, 0.00, 3, 0, 2, 1),
('6823450656184', 'LIBRETA UNICORNIO/FLAMINGO', 20.00, 40.00, 0.00, 2, 0, 12, 1),
('6841003269995', 'LIBRETA CH SIRENA LILA', 10.00, 20.00, 0.00, 2, 0, 12, 1),
('684648', 'TAPETE CIRCULAR', 40.00, 80.00, 0.00, 4, 0, 7, 1),
('687575857', 'PROTECTOR ROSA OPPO A54 / A16', 100.00, 150.00, 0.00, 1, 0, 2, 1),
('6901234567892', 'LIBRETITA CHICA ANIMALES', 10.00, 20.00, 0.00, 5, 0, 12, 1),
('6916395613456', 'BOCINA GREAT NICE 3\"', 80.00, 180.00, 0.00, 1, 0, 7, 1),
('6923966940385', 'LIBRETA JUICE BAR', 20.00, 40.00, 0.00, 2, 0, 12, 1),
('6925281968679', 'AUDIFONOS WIRELESS JBL BY HARMAN', 240.00, 350.00, 0.00, 1, 0, 2, 1),
('6925625488825', 'CALCULADORA CIENTIFICA ROSA', 50.00, 150.00, 0.00, 1, 0, 12, 1),
('6926393333003', 'LIBRETA ASTRONAUTA CUADROS', 40.00, 100.00, 0.00, 1, 0, 12, 1),
('6926393333188', 'LIBRETA TACCUINO AZUL', 50.00, 100.00, 0.00, 1, 0, 12, 1),
('6926393333331', 'LIBRETA ASTRONAUTA NEGRA', 80.00, 160.00, 0.00, 1, 0, 12, 1),
('6926752094859', 'AGENDA A5 AZUL', 40.00, 100.00, 0.00, 1, 0, 12, 1),
('6927291699130', 'LIBRETA CH CONEJO/THE GIRL', 15.00, 25.00, 0.00, 3, 0, 12, 1),
('6928362020013', 'LIBRETA PASTA DURA DISEÑO', 30.00, 60.00, 0.00, 4, 0, 12, 1),
('6928396723102', 'BOCINA BUYTITI D-100', 150.00, 300.00, 0.00, 1, 0, 4, 1),
('6928396781829', 'BOCINA PORTATIL KIMSO AZUL', 120.00, 220.00, 0.00, 1, 0, 4, 1),
('6928396782314', 'BOCINA BUYTITI CH-M231', 150.00, 250.00, 0.00, 1, 0, 4, 1),
('6931040218763', 'JUEGO GEOMETRICO FLEXIBLE', 20.00, 30.00, 25.00, 1, 0, 12, 1),
('6935783628001', 'CALCULADORA ELECTRONICA KK-9080B', 70.00, 130.00, 0.00, 1, 0, 12, 1),
('6936009701201', 'AGENDA PASTA DURA DISEÑO', 25.00, 50.00, 0.00, 2, 0, 12, 1),
('6936200130992', 'AGENDA HELLO KITTY', 60.00, 120.00, 0.00, 1, 0, 12, 1),
('6936233310002', 'LIBRETA CORAZONES/FLORES CH', 25.00, 35.00, 0.00, 2, 0, 12, 1),
('6936302022034', 'LIBRETA MINI AMARILLA FAMILY DUCK', 15.00, 35.00, 0.00, 1, 0, 12, 1),
('6942139318851', 'CRAYOLAS COLOR 12PZS', 15.00, 25.00, 0.00, 3, 0, 12, 1),
('6943497407294', 'SACAPUNTAS COLORES CILINDRICO', 10.00, 15.00, 0.00, 7, 0, 12, 1),
('6945603169812', 'LIBRETA CON PLUMA SET UNICORNIO', 20.00, 35.00, 0.00, 5, 0, 12, 1),
('6945658112566', 'LIBRETA LILA/ROSA CON BRILLOS', 20.00, 35.00, 0.00, 3, 0, 12, 1),
('6945778766984', 'LIBRETA CH CABALLO/CONEJO', 10.00, 18.00, 0.00, 4, 0, 12, 1),
('6946358012583', 'COLORES  PENCILS', 23.00, 35.00, 0.00, 2, 0, 12, 1),
('6947363109664', 'CALCULADORA HELLO KITTY A-966', 50.00, 150.00, 0.00, 1, 0, 12, 1),
('6948619502819', 'LIBRETA OSITOS', 20.00, 35.00, 0.00, 1, 0, 12, 1),
('6950512600110', 'LIBRETA RAINBOW WRITING', 30.00, 60.00, 0.00, 1, 0, 12, 1),
('6950866021418', 'COLORES NEW ELITE', 23.00, 35.00, 0.00, 2, 0, 12, 1),
('6952147256175', 'LIBRETA ASTRONAUTA CHICA', 10.00, 18.00, 0.00, 3, 0, 12, 1),
('6952525808095', 'CALCULADORA ELECTRONICA GD-808C', 60.00, 120.00, 0.00, 1, 0, 12, 1),
('6955727730430', 'MOUSE WIRED ROSA', 50.00, 120.00, 0.00, 1, 0, 7, 1),
('6966158653311', 'LIBRETA MINI CUTE BEAR/KUROMI', 20.00, 35.00, 0.00, 5, 0, 12, 1),
('6970037821609', 'RAINBOW EMOJI PEN', 25.00, 50.00, 0.00, 1, 0, 12, 1),
('6970439606514', 'LAMPARA ROSA', 100.00, 180.00, 0.00, 1, 0, 14, 1),
('6970439606521', 'LAMPARA CON PORTALAPICES AMARILLA', 120.00, 200.00, 0.00, 1, 0, 14, 1),
('6970595863851', 'AGENDA AZUL DISEÑO', 50.00, 100.00, 0.00, 1, 0, 12, 1),
('6970648213121', 'AUDIFONOS LENOVO WIRELESS', 150.00, 350.00, 0.00, 1, 0, 2, 1),
('6972543659158', 'MOUSE WB-915', 50.00, 150.00, 0.00, 1, 0, 7, 1),
('6972544691058', 'TIJERAS AGUACATE', 25.00, 35.00, 0.00, 2, 0, 12, 1),
('6972895046514', 'AUDIFONOS INALAMBRICOS W&Z', 150.00, 350.00, 0.00, 1, 0, 2, 1),
('6973281283070', 'BOCINA BT 2301', 350.00, 450.00, 0.00, 1, 0, 4, 1),
('6974308440674', 'LIBRETA ALICE WORLD', 30.00, 60.00, 0.00, 0, 0, 12, 1),
('6974308440872', 'AGENDA SWEET', 40.00, 80.00, 0.00, 1, 0, 12, 1),
('6974308441992', 'LIBRETA CH MUSIC CLUB/FRIENDSHIP PARTY', 20.00, 35.00, 0.00, 2, 0, 12, 1),
('6974368773033', 'MOUSE INALAMBRICO 1 HORA', 150.00, 250.00, 0.00, 2, 0, 7, 1),
('6974368773415', 'AUDIFONOS WIRELESS 1 HORA BLANCOS', 150.00, 350.00, 0.00, 3, 0, 2, 1),
('6974368774054', 'CLAVIJA 1HORA', 30.00, 70.00, 0.00, 6, 0, 2, 1),
('6974368774658', 'AUDIFONOS WIRELESS NEGRO 1 HORA', 150.00, 350.00, 0.00, 1, 0, 2, 1),
('6974766320686', 'COLOR NOTE POSTED', 5.00, 15.00, 0.00, 8, 0, 12, 1),
('6975331850126', 'PLUMINES BICOLOR 12 COLORES', 29.00, 60.00, 0.00, 3, 0, 12, 1),
('69784700', 'PROTECTOR TRANSPARENTE CON ANILLO IPHONE 12', 100.00, 200.00, 0.00, 1, 0, 2, 1),
('6978989222123', 'COLORES CAMITLO', 25.00, 50.00, 0.00, 2, 0, 12, 1),
('6986393388366', 'CORRECTOR FLUIDO MOTARRO', 10.00, 20.00, 0.00, 0, 0, 12, 0),
('6987865430026', 'SELFIE STICK Q07', 50.00, 150.00, 0.00, 1, 0, 2, 1),
('6987925200125', 'CHAIR SUPPORT MINI', 20.00, 40.00, 0.00, 1, 0, 2, 1),
('6988188700', 'PROTECTOR ROSA BURBUJA IPHONE 12/12 PRO', 100.00, 200.00, 0.00, 1, 0, 2, 1),
('6997788000022', 'LINTERNA RECARGABLE PORTATIL', 150.00, 250.00, 0.00, 1, 0, 10, 1),
('7009270092', 'PROTECTOR AZUL/DORADO', 150.00, 250.00, 0.00, 1, 0, 2, 1),
('707060', 'PROTECTOR TRANSPARENTE IPHONE XR', 100.00, 200.00, 0.00, 1, 0, 2, 1),
('70817081', 'PROTECTOR GROOVY BABY IPHONE 13 PRO', 50.00, 100.00, 0.00, 1, 0, 2, 1),
('719804578', 'AUDIFONOS INALAMBRICOS ECONOMICOS', 100.00, 200.00, 0.00, 1, 0, 2, 1),
('7282528', 'PROTECTOR SAMSUNG A03 USO RUDO', 50.00, 150.00, 0.00, 0, 0, 2, 0),
('73647363', 'PROTECTOR CABALLOS IPHONE XR', 20.00, 50.00, 0.00, 1, 0, 2, 1),
('73734646', 'PROTECTOR MANDALA IPHONE 6/6S', 50.00, 150.00, 0.00, 1, 0, 2, 1),
('740617298680', 'MICRO SD 32GB KINGSTON', 60.00, 180.00, 0.00, 3, 0, 7, 1),
('740617298697', 'MICRO SD KINGSTON SD 64', 100.00, 280.00, 0.00, 2, 0, 7, 0),
('740617331394', 'USB 64GB KINGSTON', 100.00, 300.00, 0.00, 2, 0, 7, 1),
('740617331400', 'USB 64GB KINGSTON', 100.00, 300.00, 0.00, 2, 0, 7, 1),
('740617332742', 'MEMORIA USB KINGSTON 128 GB', 300.00, 400.00, 350.00, 1, 0, 7, 1),
('74682739', 'PROTECTOR IPHONE 15 NEGRO TRANSPARENTE', 100.00, 200.00, 0.00, 1, 0, 2, 1),
('74758589900', 'PROTECTOR UNIVERSAL SAMSUNG', 40.00, 70.00, 0.00, 1, 0, 2, 1),
('747837', 'CARGADOR IPHONE ORIGINAL', 200.00, 300.00, 0.00, 8, 0, 2, 1),
('748282948', 'PROTECTOR PIEDRAS IPHONE 15 PLUS', 10.00, 200.00, 0.00, 1, 0, 2, 1),
('7482884', 'PROTECTOR SAMSUNG A05 4G 3 EN 1', 100.00, 200.00, 0.00, 1, 0, 2, 1),
('74848150', 'PROTECTOR IPHONE 15 PLUS METALICO CRISTAL', 150.00, 250.00, 0.00, 4, 0, 2, 1),
('74949001', 'LINTERNA LJK CAMUFLAJE', 50.00, 150.00, 0.00, 2, 0, 10, 1),
('749785777', 'PROTECTOR IPHONE 15 MAGNETICO PIEL', 150.00, 280.00, 0.00, 2, 0, 2, 1),
('7500907000026', 'CABLE TIPO C A TIPO IP', 40.00, 95.00, 0.00, 5, 0, 2, 1),
('7500938002389', 'BOCINA TO PORTATIL', 150.00, 300.00, 0.00, 1, 0, 4, 1),
('7501014650012', 'PLASTILINA MODELINA VINVI', 20.00, 30.00, 0.00, 1, 0, 12, 1),
('7501030667018', 'MARCADOR SHARPIE PLATEADO', 15.00, 30.00, 0.00, 0, 0, 12, 1),
('7501147415021', 'COLORES BLANCA NIEVES CHICOS', 10.00, 20.00, 0.00, 1, 0, 12, 1),
('7501147415045', 'COLORES BLANCA NIEVES GRANDES', 23.00, 35.00, 0.00, 2, 0, 12, 1),
('7501147434114', 'COLORES MAPITA', 25.00, 40.00, 0.00, 1, 0, 12, 1),
('7501366016009', 'AUDIFONOS LABIAL X99', 150.00, 350.00, 0.00, 2, 0, 2, 1),
('7501428712917', 'MARCADOR MAGISTRAL PARA PIZARRON', 200.00, 30.00, 0.00, 2, 0, 12, 1),
('7501454510488', 'SOBRE MONETARIO MAPASA', 0.50, 2.00, 0.00, 136, 0, 12, 1),
('7501616110006', 'SOPORTE BRACKET', 20.00, 50.00, 0.00, 1, 0, 2, 1),
('7501616113007', 'PORTA CELULAR GATO NEGRO', 30.00, 60.00, 0.00, 1, 0, 2, 1),
('7501630200080', 'LIBRETA ROSA 90H', 10.00, 25.00, 0.00, 0, 0, 12, 1),
('7501939301006', 'USB WIFI XINMI 2.0', 100.00, 200.00, 0.00, 1, 0, 7, 1),
('7502005875643', 'CUADERNO CUADRICULADO RAYTER', 18.23, 25.00, 0.00, 5, 0, 12, 1),
('7502005875742', 'LIBRETA CH RAYTER', 15.00, 28.00, 0.00, 2, 0, 12, 1),
('75020415', 'PEGAMENTO BULLY BARRA', 10.00, 20.00, 0.00, 11, 0, 12, 1),
('7502237963583', 'STICKERS ESTRELLAS COLORES', 15.00, 25.00, 0.00, 2, 0, 2, 1),
('7503027214045', 'COMBO CARGADOR IPHONE 1HORA', 5.00, 150.00, 0.00, 9, 0, 2, 1),
('7503027214670', 'BATERIA PORTATIL 1 HORA GD 10000MAH', 150.00, 350.00, 0.00, 2, 0, 2, 1),
('7503027214953', 'BATERIA PORTATIL 1 HORA CH 5000MAH', 150.00, 300.00, 0.00, 2, 0, 2, 1),
('7503028615100', 'CABLE TIPO C 1M 2.1A', 45.00, 90.00, 0.00, 6, 0, 2, 1),
('7503028615124', 'CABLE IPHONE 1HORA 2.1A', 40.00, 90.00, 0.00, 10, 0, 2, 1),
('7503028615643', 'COMBO CARGADOR V8 1M BLANCO', 70.00, 130.00, 0.00, 11, 0, 2, 1),
('7503028615650', 'COMBO CARGADOR V8 1M NEGRO', 70.00, 130.00, 0.00, 2, 0, 2, 1),
('7503030523394', 'CABLE V8 2M', 45.00, 80.00, 0.00, 3, 0, 2, 1),
('7503030727198', 'COMBO CARGADOR IPHONE', 80.00, 150.00, 0.00, 9, 0, 2, 0),
('7503030935067', 'BOCINA 1HORA ROJA', 250.00, 350.00, 0.00, 0, 0, 4, 1),
('7503031669947', 'CABLE TIPO C 1M ROJO', 40.00, 95.00, 0.00, 7, 0, 2, 1),
('7503032542430', 'CLAVIJA TIPO C 1HORA', 80.00, 180.00, 0.00, 5, 0, 2, 1),
('7503032542652', 'BOCINA STELAU AZUL', 150.00, 250.00, 0.00, 1, 0, 4, 1),
('7503032542782', 'AUDIFONOS INALAMBRICOS 1 HORA BLANCOS', 150.00, 350.00, 0.00, 2, 0, 2, 1),
('7503032542850', 'TURBO CARGADOR 20W Y CABLE IP', 100.00, 220.00, 0.00, 6, 0, 2, 1),
('7503046942066', 'MEMORIA USB 4GEEK', 70.00, 130.00, 100.00, 3, 1, 7, 1),
('7503108888110', 'MINI BOCINA JBL', 100.00, 200.00, 0.00, 2, 0, 4, 1),
('7503618111005', 'USB BLUETOOTH XINMI 5.0', 100.00, 200.00, 0.00, 1, 0, 7, 1),
('7505114881031', 'OTG TIPO C', 35.00, 75.00, 0.00, 1, 0, 7, 1),
('7505592392524', 'MOUSE XINMI SB-9252', 50.00, 150.00, 0.00, 1, 0, 7, 1),
('7505592392562', 'MOUSE XINMI SB-9256', 100.00, 200.00, 0.00, 1, 0, 7, 1),
('7505929253009', 'MOUSE XINMI SB-9253', 100.00, 200.00, 0.00, 2, 0, 7, 1),
('7505969614006', 'LECTOR DE MEMORIA XINMI', 20.00, 50.00, 0.00, 1, 0, 7, 1),
('7506086660150', 'MOUSE INALAMBRICO GREEN LEAF', 150.00, 250.00, 0.00, 1, 0, 7, 1),
('7506129402129', 'LIBRETA SCRIBE FRUTAS', 20.00, 35.00, 0.00, 1, 0, 12, 1),
('7506129402884', 'CUADERNO SCRIBE DISEÑO', 20.00, 30.00, 0.00, 4, 0, 12, 1),
('7506129404826', 'LIBRETA SCRIBE 5 SEPARADORES', 80.00, 160.00, 0.00, 2, 0, 12, 1),
('7506129430801', 'LIBRETA SCRIBE SENCILLA', 25.00, 35.00, 0.00, 2, 0, 2, 1),
('7506129430887', 'LIBRETA SCRIBE DISEÑO', 25.00, 35.00, 0.00, 2, 1, 12, 1),
('7506129441265', 'LIBRETA SCRIBE BLACK MEDIANA', 30.00, 65.00, 0.00, 1, 0, 12, 1),
('7506129441340', 'LIBRETA SCRIBE 4 SEPARADORES DISEÑO', 100.00, 200.00, 0.00, 1, 0, 12, 1),
('7506129441524', 'LIBRETA SCRIBE RAYADA', 25.00, 50.00, 0.00, 2, 0, 12, 1),
('75388', 'CORRECTOR PLUMA UNICORNIO', 10.00, 18.00, 12.00, 1, 0, 12, 1),
('7557463534', 'PROTECTOR CARRO OPPO A57', 70.00, 200.00, 0.00, 1, 0, 2, 1),
('7586', 'MOÑO DE REGALO', 5.00, 10.00, 0.00, 2, 0, 14, 1),
('7591684', 'PROTECTOR IPHONE 15 PRO ROSA TRANSPARENTE', 100.00, 200.00, 0.00, 1, 0, 2, 1),
('7592145629787', 'LIBRETA CHICA SPARKLE', 20.00, 40.00, 0.00, 5, 0, 12, 1),
('7594313443249', 'LIBRETA LOVE SPARKLE', 20.00, 35.00, 0.00, 1, 0, 12, 1),
('7606652513702', 'CALCULADORA ELECTRONICA KK-402', 40.00, 80.00, 0.00, 2, 0, 12, 1),
('7618', 'PROTECTOR SILICON COLORES IPHONE 12/12 PRO', 49.00, 150.00, 0.00, 0, 0, 2, 1),
('764451054851', 'CABLE TIPO C KL-397', 30.00, 60.00, 0.00, 1, 0, 2, 1),
('767982000762', 'GRAPAS FIFA 1000PZS - 14,29MM', 15.00, 25.00, 0.00, 2, 0, 12, 1),
('7680904', 'AUDIFONOS WIRELESS M10', 150.00, 250.00, 0.00, 1, 0, 2, 1),
('7696582105122', 'MUÑECA CAMILA', 50.00, 80.00, 0.00, 1, 0, 14, 1),
('7702111273504', 'LIBRETA KIUT CH', 30.00, 70.00, 0.00, 2, 0, 2, 1),
('7702111275300', 'LIBRETA KIUT CHICA', 20.00, 30.00, 0.00, 1, 0, 12, 1),
('7702111333697', 'LIBRETA JEAN BOOK MEDIANA', 0.00, 70.00, 0.00, 2, 0, 12, 1),
('7702111831490', 'LIBRETA RAYA NORMA DISEÑO', 30.00, 45.00, 0.00, 1, 0, 12, 1),
('7702111833586', 'LIBRETA NORMA RAYADA', 40.00, 80.00, 0.00, 3, 0, 12, 1),
('774210774210', 'PROTECTOR NEGRO SOPORTE IPHONE 12 PRO MAX', 150.00, 250.00, 0.00, 0, 0, 2, 0),
('77485800', 'PROTECTOR IPOHNE 15 SWAROVSKI', 150.00, 250.00, 0.00, 2, 0, 2, 1),
('7756007560', 'PROTECTOR HOLDER RING AZUL IP 11', 150.00, 250.00, 0.00, 1, 0, 2, 1),
('777445343', 'LIBRETA SEPARADORES COLORES CH', 25.00, 50.00, 0.00, 3, 0, 12, 1),
('7778778', 'PROTECTOR CRISTAL IPHONE 7 PLUS', 100.00, 200.00, 0.00, 1, 0, 2, 1),
('77894437789', 'PROTECTOR SWAROVSKI NEGRO IPHONE 13', 150.00, 250.00, 0.00, 1, 0, 2, 1),
('779128712', 'PROTECTOR SILICON IPHONE 13', 100.00, 150.00, 0.00, 2, 0, 2, 1),
('7865796', 'PROTECTOR ROSA/NEGRO IPHONE 7 PLUS', 100.00, 200.00, 0.00, 1, 0, 2, 1),
('78677867', 'PROTECTOR PIEL ROSA IPHONE 11', 100.00, 200.00, 0.00, 1, 0, 2, 1),
('7872570980104', 'LIBRETA SWING BOOK', 20.00, 30.00, 0.00, 1, 0, 12, 1),
('7872571278262', 'LIBRETA COSIDA SMARTY COSI', 30.00, 45.00, 0.00, 1, 0, 12, 1),
('7872571279016', 'LIBRETA SWING COSI DOBLE RAYA', 30.00, 45.00, 0.00, 2, 0, 12, 1),
('787257132127', 'PUNTILLAS SMART OFFICE 0,5MM', 8.00, 15.00, 0.00, 17, 0, 12, 1),
('787257136019', 'ROLLO TERMICO', 16.00, 30.00, 0.00, 11, 0, 12, 1),
('7872571423310', 'LIBRETA SWING MIX DISEÑO', 15.00, 30.00, 0.00, 4, 2, 12, 1),
('7872571514704', 'LIBRETA SMARTY COSI CH', 20.00, 40.00, 0.00, 3, 0, 12, 1),
('7872571544954', 'LIBRETA RAYA SMARTY DISEÑO', 30.00, 45.00, 0.00, 1, 0, 12, 1),
('7892104', 'USB BLUETOOTH 5.0', 80.00, 200.00, 0.00, 2, 0, 7, 1),
('7892165', 'USB 32GB ADATA', 70.00, 200.00, 0.00, 3, 0, 7, 1),
('789322789322', 'PROTECTOR GRIS/ROJO IPHONE 13 PRO', 150.00, 250.00, 0.00, 2, 0, 2, 1),
('7974726', 'PROTECTOR SAMSUNG A55 5G SILICON', 100.00, 200.00, 0.00, 1, 0, 2, 1),
('7978790', 'ADAPTADOR AUDIFONOS PARA IPHONE', 100.00, 200.00, 0.00, 16, 0, 2, 1),
('8003003ZP1704', 'CRAYOLAS CHICAS 6PZS', 6.00, 15.00, 0.00, 4, 0, 12, 1),
('80805677', 'PROTECTOR CON SOPORTE 14 PRO', 100.00, 200.00, 0.00, 1, 0, 2, 1),
('808090', 'PROTECTOR SILICON CORAZON IPHONE XR', 50.00, 150.00, 0.00, 1, 0, 2, 1),
('822040', 'PROTECTOR PIEL VIOLETA/ROSA IPHONE 14 PRO', 100.00, 200.00, 0.00, 2, 0, 2, 1),
('82884377', 'PROTECTOR SAMSUNG A06 4G ANILLO', 100.00, 200.00, 0.00, 2, 0, 2, 1),
('8303175661741', 'LINTERNA DE MANO RECARGABLE CAMUFLAJE', 100.00, 200.00, 0.00, 1, 0, 10, 1),
('8376550141879', 'LIBRETA MARIO BROS COSIDA', 30.00, 70.00, 0.00, 2, 0, 12, 1),
('8433802979212', 'TAPETE 20X24 CM', 50.00, 100.00, 0.00, 4, 0, 12, 1),
('8433802979250', 'TAPETE AZUL 19X23 CM', 40.00, 80.00, 0.00, 1, 0, 7, 1),
('846098', 'PROTECTOR ROJO/NEGRO 3 EN 1', 100.00, 200.00, 0.00, 2, 0, 2, 1),
('8493920174', 'PROTECTOR IPHONE 15 SILICON NEGRO', 50.00, 150.00, 0.00, 1, 0, 2, 1),
('857465857', 'PROTECTOR TRANSPARENTE CON ANILLO IP 6/7/8', 50.00, 150.00, 0.00, 1, 0, 2, 1),
('8577111019228', 'PLUMAS TOUCH PEN', 15.00, 35.00, 0.00, 3, 0, 12, 1),
('8577111116255', 'LIBRETA UNICORNIO LILA', 30.00, 60.00, 0.00, 2, 0, 12, 1),
('8577111116729', 'LINTERNA ON TECK 11672', 800.00, 180.00, 0.00, 1, 0, 10, 1),
('8577111148317', 'CALCULADORA ELECTRONICA ON TECK', 20.00, 60.00, 0.00, 1, 0, 12, 1),
('85947394759', 'PROTECTOR ANILLO OPPO A15', 100.00, 200.00, 0.00, 0, 0, 2, 1),
('874684572638', 'PROTECTOR IPHONE 12 SOPORTE MAGNETICO', 100.00, 200.00, 0.00, 2, 0, 2, 1),
('8770000000126', 'MOUSE GAMING D-8', 50.00, 150.00, 0.00, 1, 0, 7, 1),
('881233881233', 'PROTECTOR AZUL 2 EN 1 IPHONE 12 PRO MAX', 150.00, 250.00, 0.00, 1, 0, 2, 1),
('8821252556419', 'MARCATEXTOS CHICOS YUZE COLORES', 25.00, 50.00, 0.00, 1, 0, 12, 1),
('88319831', 'PROTECTOR AZUL MARINO IPHONE 13', 80.00, 180.00, 0.00, 1, 0, 2, 1),
('884839', 'AUDIFONOS ALAMBRICOS LILAS', 40.00, 80.00, 0.00, 1, 0, 2, 1),
('885488540', 'PROTECTOR TRANSPARENTE IPHONE 13 PRO', 100.00, 200.00, 0.00, 1, 0, 2, 1),
('886112670122', 'TINTAPA IMPRESORA TRICOLOR 662', 2000.00, 300.00, 0.00, 1, 0, 12, 1),
('8861134', 'PROTECTOR PIEL AZUL/VERDE PIEL IPHONE 13', 100.00, 200.00, 0.00, 2, 0, 2, 1),
('88660886', 'PROTECTOR CRISTAL IPHONE 11', 100.00, 200.00, 0.00, 1, 0, 2, 1),
('88678867', 'PROTECTOR PLATA CON ANILLO IP XR', 100.00, 200.00, 0.00, 1, 0, 2, 1),
('8886660000008', 'AUDIFONOS INALAMBRICOS BTH-F9-5', 150.00, 250.00, 0.00, 3, 0, 2, 1),
('88888', 'NOTAS', 15.00, 30.00, 25.00, 6, 0, 12, 1),
('88958896', 'PROTECTOR CON ANILLO ROJO IP XR', 80.00, 250.00, 0.00, 1, 0, 2, 1),
('88964589645', 'PROTECTOR 3 EN 1 MAGNETICO IPHONE 14 PRO MAX', 150.00, 250.00, 0.00, 1, 0, 2, 1),
('89908909', 'PROTECTOR PIEL MAGNETICO IPHONE 11', 150.00, 280.00, 0.00, 2, 0, 2, 1),
('9065930', 'PROTECTOR IPHONE 15 PLUS MAGNETICO PIEL', 150.00, 280.00, 0.00, 4, 0, 2, 1),
('908004675', 'CLAVIJA TIPO C IPHONE/15 PRO MAX', 80.00, 180.00, 0.00, 4, 0, 2, 1),
('90884356', 'PROTECTOR PIEDRAS IPHONE 13 PRO MAX', 150.00, 250.00, 0.00, 1, 0, 2, 1),
('909080', 'COMBO CARGADOR IPHONE W&Z', 50.00, 140.00, 0.00, 5, 0, 2, 1),
('909088', 'COLOR PENCILS CHICOS', 8.00, 20.00, 0.00, 2, 0, 12, 1),
('9098959098', 'PROTECTOR ROJO/NEGRO IPHONE 11 PRO MAX', 100.00, 200.00, 0.00, 1, 0, 2, 1),
('942764849', 'PROTECTOR IPOHNE 15 PRO MAX VERDE', 100.00, 200.00, 0.00, 1, 0, 2, 1),
('943726284', 'PROTECTOR SILICON SAMSUNG A05', 50.00, 150.00, 0.00, 2, 0, 2, 1),
('9459556945', 'PROTECTOR MAGNETICO IPHONE 12 PRO MAX', 150.00, 250.00, 0.00, 3, 0, 2, 1),
('946482640', 'PROTECTOR IPHONE 15 PRO SILICON', 50.00, 150.00, 0.00, 2, 0, 2, 1),
('950BT', 'AUDIFONOS DIADEMA SONY 950BT', 200.00, 350.00, 0.00, 1, 0, 7, 1),
('9510010', 'PROTECTOR SILICON VERDE/RAYAS IPHONE XR', 50.00, 150.00, 0.00, 2, 0, 2, 1),
('96047462528', 'PROTECTOR USO RUDO ZTE BLADE A71', 70.00, 150.00, 0.00, 0, 0, 2, 0),
('9678142473313', 'ULTRAPODS MAX VERDES', 50.00, 300.00, 0.00, 1, 0, 2, 1),
('96796700', 'PROTECTOR DIOR IPHONE 12', 50.00, 150.00, 0.00, 1, 0, 2, 1),
('9769760197', 'PROTECTOR MARIPOSAS IPHONE 13/14', 100.00, 200.00, 0.00, 1, 0, 2, 1),
('9895139895', 'PROTECTOR GUESS NEGRO/ROSA IPHONE 12/12 PRO', 150.00, 250.00, 0.00, 2, 0, 2, 1),
('995643786', 'PROTECTOR IPHONE 15 PRO ROSA MAGNETICO', 150.00, 250.00, 0.00, 1, 0, 2, 1),
('99888', 'MUÑECA GABBY\'S', 100.00, 150.00, 120.00, 1, 0, 9, 1),
('9998009900', 'PROTECTOR CRISTAL IPHONE 11 PRO', 100.00, 200.00, 0.00, 4, 0, 2, 1),
('99999', 'MICA PARA CAMARA IPHONE COMPLETA', 50.00, 100.00, 80.00, 10, 0, 2, 1),
('9999900', 'MICA PARA CAMARA IPHONE PIEDRAS/1A1', 50.00, 120.00, 0.00, 14, 0, 2, 1),
('9T9669', 'PROTECTOR REDMI NOTE 9 2 EN 1', 80.00, 150.00, 0.00, 1, 0, 2, 1),
('A022957', 'PROTECTOR USO RUDO A02', 50.00, 150.00, 0.00, 1, 0, 2, 1),
('A023058', 'PROTECTOR CRISTAL BLANCO SAM A02', 100.00, 200.00, 0.00, 1, 0, 2, 1),
('A023159', 'PROTECTOR TRANSPARENTE SAM A02', 100.00, 200.00, 0.00, 1, 0, 2, 1),
('A03164', 'PROTECTOR SAMSUNG  A03 ROSA', 150.00, 250.00, 0.00, 1, 0, 2, 1),
('A0333300', 'PROTECTOR SAMSUNG A03 AGUACATE/MARGARITAS', 150.00, 250.00, 0.00, 2, 0, 2, 1),
('A0345098', 'PROTECTOR SILICON SM A03', 50.00, 150.00, 0.00, 5, 0, 2, 1),
('A03502567', 'PROTECTOR SILICON NEGRO SAM A02S/A03S', 50.00, 150.00, 0.00, 1, 0, 2, 1),
('A03502668', 'PROTECTOR SAMSUNG A02S / A03S SILICON', 50.00, 150.00, 0.00, 3, 0, 2, 1),
('A035647', 'PROTECTOR MOCA NEGRO SAM A03S', 100.00, 200.00, 0.00, 0, 0, 2, 1),
('A035748', 'PROTECTOR CRISTAL BLANCO SAM A03 CORE', 100.00, 200.00, 0.00, 0, 0, 2, 0),
('A03C', 'PROTECTOR SAMSUNG A02S/A03S GLITTER', 100.00, 200.00, 150.00, 1, 0, 2, 1),
('A03C083', 'PROTECTOR  ROJO SAM A03 CORE', 150.00, 250.00, 0.00, 0, 0, 2, 0),
('A04', 'PROTECTOR SAMSUNG A04 4G SILICON', 60.00, 150.00, 100.00, 1, 0, 2, 1),
('A045145', 'PROTECTOR SAMSUNG  A04S ANILLO', 100.00, 200.00, 0.00, 1, 0, 2, 1),
('A0455', 'PROTECTOR GLITTER SM A04', 100.00, 200.00, 0.00, 1, 0, 2, 1),
('A0456', 'PROTECTOR PIEDRAS ROSA SM A04', 100.00, 150.00, 0.00, 1, 0, 2, 1),
('A0457', 'PROTECTOR HOLDER RING AZUL SM A04', 150.00, 250.00, 0.00, 1, 0, 2, 1),
('A0458', 'PROTECTOR ALTO IMPACTO BLANCO SM A04', 150.00, 250.00, 0.00, 1, 0, 2, 1),
('A0459', 'PROTECTOR ROSA SM A04', 50.00, 150.00, 0.00, 1, 0, 2, 1),
('A0460', 'PROTECTOR ROSA NEON SM A04 4G', 100.00, 200.00, 0.00, 1, 0, 2, 1),
('A04611', 'PROTECTOR AZUL SM A04E', 50.00, 150.00, 0.00, 0, 0, 2, 1),
('A04623', 'PROTECTOR  SAMSUNG A04E TRASPARENTE', 100.00, 200.00, 0.00, 1, 0, 2, 1),
('A04E', 'PROTECTOR SAMSUNG A04E SILICON', 60.00, 150.00, 100.00, 1, 0, 2, 1),
('A04E1', 'PROTECTOR SAMSUNG A04E DISNEY', 100.00, 250.00, 200.00, 2, 0, 2, 1),
('A04E122233', 'PROTECTOR DISNEY SM A04E', 150.00, 250.00, 0.00, 0, 0, 2, 1),
('A04E567', 'PROTECTOR AZUL SILICON SM A04E', 50.00, 150.00, 0.00, 1, 0, 2, 1),
('A04E568', 'PROTECTOR BLINDAJE SM A04E 4G', 50.00, 150.00, 0.00, 1, 0, 2, 1),
('A04E577', 'PROTECTOR BLINDAJE SM A04E 4G', 50.00, 150.00, 0.00, 0, 0, 2, 1),
('A04S19980', 'PROTECTOR TRANSPARENTE A04S', 150.00, 250.00, 0.00, 0, 0, 2, 0),
('A0551114', 'PROTECTOR LILA 3 EN 1 SAM A05S', 65.00, 200.00, 0.00, 1, 0, 2, 1),
('A05578', 'PROTECTOR  SAMSUNG CRISTAL A05', 100.00, 200.00, 0.00, 2, 0, 2, 1),
('A057462748', 'PROTECTOR SILICON SAMSUNG NEGRO A05', 50.00, 150.00, 0.00, 0, 0, 2, 1),
('A05A', 'PROTECTOR SAMSUNG A05 ANILLO', 100.00, 200.00, 80.00, 1, 0, 2, 1),
('A05S7553768', 'PROTECTOR SILICON AZUL SAMSUNG A05S', 50.00, 150.00, 0.00, 0, 0, 2, 1),
('A1051055105', 'PROTECTOR SILICON SAMSUNG A10S', 60.00, 150.00, 0.00, 0, 0, 2, 0),
('A11000', 'PROTECTOR SAMSUNG A11 SILICON', 50.00, 150.00, 0.00, 2, 0, 2, 1),
('A12', 'PROTECTOR  OPOO  A12', 50.00, 150.00, 80.00, 1, 0, 2, 1),
('A12 RO', 'PROTECTOR SAMSUNG A12 CASETIFY ROSA', 75.00, 150.00, 0.00, 1, 0, 2, 1),
('A13 T', 'PROTECTOR A13 4G/5G PLASTICO', 60.00, 100.00, 0.00, 1, 0, 2, 1),
('A13456', 'PROTECTOR SAMSUNG A13 5G CON ANILLO', 100.00, 200.00, 0.00, 1, 0, 2, 1),
('A13809', 'PROTECTOR SAMSUNG A13 4G CRISTAL', 100.00, 200.00, 0.00, 1, 0, 2, 1),
('A13900', 'PROTECTOR SILICON SAM A13', 50.00, 150.00, 0.00, 0, 0, 2, 1),
('A144098', 'PROTECTOR SAMSUNG A14 5G 3 EN 1', 100.00, 200.00, 0.00, 2, 0, 2, 1),
('A14584', 'PROTECTOR SAMSUNG A14 5G BARBIE 3 EN 1', 100.00, 200.00, 0.00, 1, 0, 2, 1),
('A14B47', 'PROTECTOR SAMSUNG A14 BATMAN', 100.00, 200.00, 0.00, 1, 0, 2, 1),
('A14C456', 'PROTECTOR SAMSUNG A14 CRISTAL AZUL', 100.00, 200.00, 0.00, 1, 0, 2, 1),
('A14E147', 'PROTECTOR AZUL SAM A14 4G/5G', 100.00, 200.00, 0.00, 0, 0, 2, 1),
('A14R0549', 'PROTECTOR SAMSUNG A14 PIEL ROSA', 150.00, 250.00, 0.00, 1, 0, 2, 1),
('A14R900', 'PROTECTOR ROSA ANILLO SAM A14', 100.00, 200.00, 0.00, 1, 0, 2, 0),
('A15041', 'PROTECTOR SAMSUNG A15 3 EN 1', 100.00, 200.00, 0.00, 2, 0, 2, 1),
('A155C044', 'PROTECTOR SAMSUNG A15 CORAZONES C/MICA', 150.00, 250.00, 0.00, 1, 0, 2, 1),
('A158599', 'PROTECTOR ROJO/NEGRO 3 EN 1 SAM A15', 80.00, 250.00, 0.00, 0, 0, 2, 0),
('A15A', 'PROTECTOR SAMSUNG A15 5G CON ANILLO', 90.00, 200.00, 0.00, 1, 0, 2, 1),
('A20204', 'PROTECTOR SAMSUNG A20/A30 AZUL CORAZONES', 100.00, 200.00, 0.00, 1, 0, 2, 1),
('A21590', 'PROTECTOR SAMSUNG A21 SILICON', 50.00, 150.00, 0.00, 1, 0, 2, 1),
('A215901', 'PROTECTOR PIEL SAMSUNG A21S', 100.00, 200.00, 0.00, 2, 0, 2, 1),
('A21591', 'PROTECTOR SAMSUNG A20/A30 SILICON', 50.00, 150.00, 0.00, 2, 0, 2, 1),
('A215R00', 'PROTECTOR SILICON ROJO SAM A21S', 50.00, 150.00, 0.00, 0, 0, 2, 1),
('A21S', 'PROTECTOR A21S SILICON', 60.00, 150.00, 0.00, 2, 0, 2, 1),
('A22 N', 'PROTECTOR A22 5G CON ANILLO', 95.00, 200.00, 0.00, 1, 0, 2, 1),
('A224678', 'PROTECTOR SAMSUNG AZUL C/MICA A22 4G', 150.00, 250.00, 0.00, 1, 0, 2, 1),
('A2259056', 'PROTECTOR NEGRO ANILLO SAM A22 5G', 100.00, 200.00, 0.00, 1, 0, 2, 1),
('A2259157', 'PROTECTOR NEGRO SAM A22 5G', 150.00, 250.00, 0.00, 1, 0, 2, 1),
('A2259258', 'PROTECTOR A22 4G NEGRO 2EN 1', 150.00, 250.00, 0.00, 1, 0, 2, 1),
('A225G900', 'PROTECTOR LILA SAM A22 5G', 150.00, 250.00, 0.00, 1, 0, 2, 1),
('A24250901', 'PROTECTOR SAMSUNG  A24/A25 3 EN 1', 100.00, 200.00, 0.00, 2, 0, 2, 1),
('A2425758', 'PROTECTOR SILICON SAM A24/A25', 45.00, 150.00, 0.00, 1, 0, 2, 1),
('A244543', 'PROTECTOR SAMSUNG A24 4G AZUL C/MICA', 150.00, 250.00, 0.00, 1, 0, 2, 1),
('A24R', 'PROTECTOR SAMSUNG A24 ROSA', 50.00, 150.00, 0.00, 0, 0, 2, 1),
('A255490', 'PROTECTOR SAMSUNG A25 SPIDERMAN', 90.00, 200.00, 0.00, 1, 0, 2, 1),
('A255591', 'PROTECTOR  SAMSUNG  A24 4G BATMAN', 100.00, 200.00, 0.00, 1, 0, 2, 1),
('A255693', 'PROTECTOR SILICON ROJO SAM A24', 50.00, 150.00, 0.00, 1, 0, 2, 1),
('A255G300', 'PROTECTOR SAMSUNG A25 5G USO RUDO', 50.00, 150.00, 0.00, 1, 0, 2, 1),
('A305001', 'PROTECTOR SAMSUNG A30/A50 USO RUDO', 50.00, 150.00, 0.00, 1, 0, 2, 1),
('A315768', 'PROTECTOR SILICON AZUL SAM A31', 50.00, 150.00, 0.00, 1, 0, 2, 1),
('A324634', 'PROTECTOR BLANCO CRISTAL SAM A32 4G', 100.00, 200.00, 0.00, 1, 0, 2, 1),
('A3251267', 'PROTECTOR 2 EN 1 AZUL SAM A32 5G', 150.00, 250.00, 0.00, 1, 0, 2, 1),
('A325390', 'PROTECTOR PIEL AZUL SAM A32 4G', 100.00, 200.00, 0.00, 1, 0, 2, 1),
('A32R5158', 'PROTECTOR SILICON ROSA/ROJO SAM A32', 65.00, 150.00, 0.00, 2, 0, 2, 1),
('A3457890', 'PROTECTOR SAMSUNG A34 AZUL', 100.00, 200.00, 0.00, 0, 0, 2, 0),
('A3458091', 'PROTECTOR GRIS PIEDRAS SAM A34', 100.00, 200.00, 0.00, 1, 0, 2, 1),
('A3458292', 'PROTECTOR SAMSUNG A34 SILICON', 50.00, 150.00, 0.00, 1, 0, 2, 1),
('A3458393', 'PROTECTOR SAMSUNG PIEL  A34', 100.00, 200.00, 0.00, 1, 0, 2, 1),
('A34844813', 'PROTECTOR SAMSUNG A34 BARBIE', 150.00, 250.00, 0.00, 1, 0, 2, 1),
('A34A1110', 'PROTECTOR SAMSUNG A34 ANILLO', 100.00, 200.00, 0.00, 2, 0, 2, 1),
('A34C8657', 'PROTECTOR SAMSUNG A34 CRISTAL', 100.00, 200.00, 0.00, 1, 0, 2, 1),
('A34H3110', 'PROTECTOR SAMSUNG A34 HELLO KITTY', 150.00, 250.00, 0.00, 1, 0, 2, 1),
('A35A', 'PROTECTOR SAMSUNG A35 5G ANILLO', 100.00, 200.00, 150.00, 1, 0, 2, 1),
('A35CC', 'PROTECTOR SAMSUNG A35 CRISTAL', 100.00, 200.00, 150.00, 1, 0, 2, 1),
('A5030R00', 'PROTECTOR SILICON ROJO SAM A50/A30S', 50.00, 150.00, 0.00, 0, 0, 2, 1),
('A51755086', 'PROTECTOR TRANSPARENTE SAM A51', 50.00, 150.00, 0.00, 0, 0, 2, 1),
('A51755187', 'PROTECTOR SAMSUNG A51 TRASPARENTE', 150.00, 200.00, 0.00, 1, 0, 2, 1),
('A5236890', 'PROTECTOR SAMSUNG A52 PIEL', 100.00, 200.00, 0.00, 1, 0, 2, 1),
('A528748', 'PROTECTOR SAMSUNG A52', 150.00, 250.00, 0.00, 1, 0, 2, 1),
('A52M', 'PROTECTOR SAMSUNG A52 MARIPOSAS', 100.00, 200.00, 150.00, 1, 0, 2, 1),
('A52R054', 'PROTECTOR SILICON ROSA SAM A52', 50.00, 150.00, 0.00, 0, 0, 2, 1),
('A534110', 'PROTECTOR SAMSUNG A53 ANILLO', 100.00, 200.00, 0.00, 2, 0, 2, 1),
('A53647', 'PROTECTOR MINNIE 3 EN 1 SAM A53', 150.00, 250.00, 0.00, 1, 0, 2, 0),
('A537489', 'PROTECTOR SAMSUNG A53 PIEL', 100.00, 200.00, 0.00, 1, 0, 2, 1),
('A53OP', 'PROTECTOR OPOO A53 SILICON', 60.00, 150.00, 0.00, 1, 0, 2, 1),
('A53S', 'PROTECTOR SAMSUNG A53 CRISTAL', 100.00, 200.00, 120.00, 1, 0, 2, 1),
('A545P1D3', 'PORTECTOR SPIDERMAN SAM A54', 100.00, 200.00, 0.00, 0, 0, 2, 0),
('A54R054', 'PROTECTOR SAMSUNG A54 SILICON', 50.00, 150.00, 0.00, 1, 0, 2, 1),
('A54S', 'PROTECTOR SAMSUNG A54 S', 100.00, 200.00, 150.00, 1, 0, 2, 1),
('A78OP', 'PROTECTOR OPPO A78 ANILLO', 98.00, 250.00, 0.00, 1, 0, 2, 1),
('ANILLOROSA', 'PROTECTOR ROSA ANILLO IPHONE 11', 150.00, 250.00, 0.00, 1, 0, 2, 1),
('ANIMAL1', 'PROTECTOR ANIMAL PRINT IPHONE 12', 70.00, 150.00, 0.00, 1, 0, 2, 1),
('ASTRO', 'MARCATEXTO ASTRONAUTA', 30.00, 50.00, 0.00, 1, 0, 12, 1),
('AUDTWS', 'AUDIFONOS NEGROS S/M', 150.00, 250.00, 0.00, 1, 0, 2, 1),
('B08HKV65M8', 'TAPETE OSO PEREZOSO', 40.00, 80.00, 0.00, 1, 0, 7, 1),
('B2202210', 'CORDON PARA GAFETE GRIS', 15.00, 35.00, 0.00, 1, 0, 12, 1),
('B60', 'AUDIFONOS INALAMBRICOS SAMSUNG B60', 100.00, 300.00, 0.00, 3, 0, 2, 1),
('B778', 'BILLETES PERSONAJES', 10.00, 15.00, 12.00, 3, 0, 12, 1),
('BA\'RT001E', 'SOPORTE PARA CELULAR ASTRONAUTA', 30.00, 60.00, 0.00, 2, 0, 2, 1),
('BARBIE1', 'BARBIE BRISA GIRL', 60.00, 100.00, 0.00, 2, 0, 14, 1),
('BARBIE2', 'BARBIE CAMANER', 750.00, 120.00, 0.00, 2, 0, 14, 1),
('BATMAN0', 'PROTECTOR BATMAN SAMSUNG A25', 100.00, 200.00, 0.00, 1, 0, 2, 1),
('BB 14', 'PROTECTOR ROSA IPHONE 14 PRO MAX', 100.00, 200.00, 0.00, 0, 0, 2, 0),
('BCA054G', 'BLINDAJE CASE SAM A05 4G', 50.00, 150.00, 0.00, 1, 0, 2, 1),
('BIC R', 'PLUMA BIC ROJA/AZUL/NEGRA/ROJA/VERDE', 5.00, 7.00, 0.00, 33, 0, 12, 1),
('BL45', 'BORRADOR DE LAPIZ', 13.00, 25.00, 0.00, 14, 0, 12, 1),
('BLINDAJECASEA04/A04S', 'PROTECTOR USO RUDO SAMSUNG A04/A04S', 49.00, 150.00, 0.00, 0, 0, 2, 1),
('BLINDAJECASEA04E', 'PROTECTOR USO RUDO SAMSUNG A04E 4G', 49.00, 150.00, 0.00, 0, 0, 2, 1),
('BLINDAJECASEA05S', 'PROTECTOR USO RUDO SAMSUNG A05S 4G', 49.00, 150.00, 0.00, 0, 0, 2, 1),
('BLINDAJECASEA25 5G', 'PROTECTOR USO RUDO SAMSUNG A25 5G', 49.00, 150.00, 0.00, 0, 0, 2, 1),
('BLINDAJECASESMA05', 'PROTECTOR USO RUDO SAMSUNG A05 4G', 49.00, 150.00, 0.00, 0, 0, 2, 1),
('BS\'FX6690', 'BOCINA FX 6690', 150.00, 350.00, 0.00, 1, 0, 4, 1),
('BT1657', 'BOCINA MS-1657BT', 150.00, 280.00, 0.00, 1, 0, 4, 1),
('C A15', 'PROTECTOR SAMSUNG A15 CRISTAL', 90.00, 200.00, 0.00, 1, 0, 2, 1),
('C121155', 'PROTECTOR NEON REDMI 12C/11A/POCO C55', 100.00, 200.00, 0.00, 1, 0, 2, 1),
('C12748', 'PROTECTOR SILICON REDMI 12C', 50.00, 150.00, 0.00, 3, 0, 2, 1),
('C12849', 'PROTECTOR CRISTAL NEGRO REDMI 12C', 100.00, 200.00, 0.00, 1, 0, 2, 1),
('C12950', 'PROTECTOR CARITAS REDMI 12C', 100.00, 200.00, 0.00, 1, 0, 2, 1),
('C13051', 'PROTECTOR SPIDERMAN REDMI 12C', 100.00, 200.00, 0.00, 1, 0, 2, 1),
('C22324657', 'PROTECTOR MOTOROLA  G22/E32 CRISTAL', 100.00, 200.00, 0.00, 2, 0, 2, 1),
('C4145959', 'PROTECTOR REDMI 9A CASETIFY ROSA C/MICA', 85.00, 250.00, 0.00, 1, 0, 2, 1),
('C4146060', 'PROTECTOR REDMI 9S CRISTAL', 85.00, 200.00, 0.00, 1, 0, 2, 1),
('C4146161', 'PROTECOR REDMI 9C CON ANILLO', 85.00, 200.00, 0.00, 1, 0, 2, 1),
('C4146262', 'PROTECTOR REDMI 9 SILICON', 65.00, 150.00, 0.00, 2, 0, 2, 1),
('C50A11870', 'PROTECTOR CRISTAL BLANCO REDMI A1/A1 PLUS', 50.00, 200.00, 0.00, 1, 0, 2, 1),
('C50A1769', 'PROTECTOR AZUL REDMI C50/A1 PLUS/A1', 50.00, 200.00, 0.00, 1, 0, 2, 1),
('C888', 'CORREA WATCH', 80.00, 100.00, 90.00, 1, 0, 2, 1),
('CARPETACARTA', 'CARPETA TAMAÑO CARTA', 2.00, 4.00, 0.00, 53, 10, 12, 1),
('CARPETACOSTILLA', 'CARPETA DE COSTILLA CARTA', 10.00, 15.00, 0.00, 3, 0, 12, 1),
('CARPETASOBRESMART', 'SOBRE PLASTICO SMART CARTA', 14.00, 22.00, 0.00, 8, 0, 12, 1),
('CARTERAS', 'CARTERAS CABALLERO', 50.00, 150.00, 0.00, 11, 0, 5, 1),
('CATGATO', 'LIBRETA GATO', 35.00, 70.00, 0.00, 1, 0, 12, 1),
('CHICA R', 'BOLSA DE REGALO CHICA', 10.00, 17.00, 15.00, 4, 1, 12, 1),
('CHU6', 'MONEDERO CHUKY', 40.00, 70.00, 30.00, 1, 0, 3, 1),
('COLORSAG', 'AGENDA CH AZUL/VERDE', 15.00, 30.00, 0.00, 2, 0, 12, 1),
('COPIA', 'COPIA DE ARCHIVOS USB', 1.00, 20.00, 0.00, -1, -1, 7, 1),
('CORAZONESA15', 'PROTECTOR CORAZONES SAMSUNG A15', 100.00, 250.00, 0.00, 1, 0, 2, 1),
('CORE3', 'PROTECTOR SAMSUNG A03 CORE USO RUDO', 50.00, 150.00, 100.00, 1, 0, 2, 1),
('CRAY', 'CRAYOLAS', 25.00, 35.00, 30.00, 1, 0, 12, 1),
('CUBILETE', 'CUBILETE', 50.00, 160.00, 0.00, 1, 0, 9, 1),
('D153A52', 'PROTECTOR SAMSUNG 3 EN 1 DISEÑO A52', 150.00, 250.00, 0.00, 2, 0, 2, 1),
('D7676', 'DISCO DVD', 3.00, 10.00, 0.00, 64, 0, 7, 1),
('D8686', 'DISCO CD', 3.00, 10.00, 0.00, 40, 0, 7, 1),
('DINO', 'LIBRETA PASTA DURA DINOSAURIO', 35.00, 80.00, 0.00, 3, 0, 12, 1),
('E13010190', 'PROTECTOR MOTOROLA  E13 CRISTAL', 100.00, 200.00, 0.00, 1, 0, 2, 1),
('E1345653', 'PROTECTOR   MOTOROLA E13 ROJO', 100.00, 150.00, 0.00, 1, 0, 2, 1),
('E1353456', 'PROTECTOR NEGRO MT E13 2023', 50.00, 150.00, 0.00, 1, 0, 2, 1),
('E13999001', 'PROTECTOR MOTOROLA E13 SPIDERMAN/VENOM', 100.00, 200.00, 0.00, 2, 0, 2, 1),
('E20513040', 'PROTECTOR MOTOROLA  SPIDERMAN E20/E30/E40', 100.00, 200.00, 0.00, 1, 0, 2, 1),
('E22221000', 'PROTECTOR VENOM MT E22/E22I', 100.00, 200.00, 0.00, 1, 0, 2, 1),
('E222215558', 'PROTECTOR OJOS DILATADOS MT E22/E221', 100.00, 200.00, 0.00, 1, 0, 2, 1),
('E22221644321', 'PROTECTOR USO RUDO MT E22/E22I', 500.00, 150.00, 0.00, 0, 0, 2, 1),
('E2222164657', 'PROTECTOR MOTOROLA  E22 AZUL', 150.00, 150.00, 0.00, 1, 0, 2, 1),
('E222219900', 'PROTECTOR SILICON MT E22/E221', 50.00, 150.00, 0.00, 0, 0, 2, 1),
('E654445', 'PROTECTOR MOTOROLA E6S SILICON', 50.00, 150.00, 0.00, 1, 0, 2, 1),
('E667899', 'PROTECTOR MOTOROLA  E6 PLUS SILICON', 50.00, 150.00, 0.00, 4, 0, 2, 1),
('E76586', 'PROTECTOR   MOTOROLA E7 RAYAS SILICON', 50.00, 150.00, 0.00, 1, 0, 2, 1),
('EAR\'110BT', 'AUDIFONOS WIRELESS FX EAR-110BT', 200.00, 300.00, 0.00, 1, 0, 2, 1),
('ELEMENTOS', 'TABLA CUÁNTICA ELEMENTOS', 10.00, 20.00, 0.00, 3, 0, 12, 1),
('ESTRELLAS', 'PROTECTOR ESTRELLAS IPHONE 11', 150.00, 250.00, 0.00, 1, 0, 2, 1),
('ETIKETA', 'ETIQUETAS ESCOLARES 25PZS', 5.00, 15.00, 0.00, 3, 0, 12, 1),
('ETIQUETA', 'HOJA ETIQUETA CARTA', 3.00, 7.00, 0.00, 81, 10, 12, 1);
INSERT INTO `productos` (`codigo`, `descripcion`, `precio_costo`, `precio_venta`, `precio_mayoreo`, `inventario`, `inventario_minimo`, `id_departamento`, `disponible`) VALUES
('FLORNARANJA', 'POP SOCKET FLOR NARANJA', 20.00, 50.00, 0.00, 1, 0, 2, 1),
('G04', 'PROTECTOR MOTOROLA G04/G24/G24 POWER CRISTAL', 100.00, 200.00, 150.00, 1, 0, 2, 1),
('G040444044', 'PROTECTOR SILICON MOTOROLA G04 4G', 60.00, 150.00, 0.00, 1, 0, 2, 1),
('G04A', 'PROTECTOR MOTOROLA ANILLO', 80.00, 200.00, 150.00, 1, 0, 2, 1),
('G04S', 'PROTECTOR SAMSUNG G04 SILICON', 60.00, 150.00, 120.00, 1, 0, 2, 1),
('G1020307778', 'PROTECTOR  MOTOROLA G10/G20/G30 SILICON', 50.00, 150.00, 0.00, 1, 0, 2, 1),
('G10205666', 'PROTECTOR  MOTOROLA AZUL G10/ G20/G30', 100.00, 250.00, 0.00, 2, 0, 2, 1),
('G13132333', 'PROTECTOR  MOTOROLA SILICON G13/G23', 60.00, 150.00, 0.00, 1, 0, 2, 1),
('G24244', 'PROTECTOR SILICON MOTOROLA G24 4G', 60.00, 150.00, 0.00, 1, 0, 2, 1),
('G3154877670', 'PROTECTOR NEGRO MOTO G5 PLUS', 50.00, 150.00, 0.00, 1, 0, 2, 1),
('G34433434', 'PROTECTOR S MOTOROLA  SILICON G34', 60.00, 150.00, 0.00, 1, 0, 2, 1),
('G4000707559', 'PROTECTOR USO RUDO MOTO G4', 40.00, 70.00, 0.00, 1, 0, 2, 1),
('G505G77', 'PROTECTOR SILICON AZUL MT G50 5G', 50.00, 150.00, 0.00, 1, 0, 2, 1),
('G505G79', 'PROTECTOR LILA CRISTAL MT G50 5G', 100.00, 200.00, 0.00, 1, 0, 2, 1),
('G505G80', 'PROTECTOR MOTOROLA G53 5G/G13 4G/G23 4G', 150.00, 250.00, 0.00, 1, 0, 2, 1),
('G528289', 'PROTECTOR MOTOROLA G52/G82 CRISTAL', 100.00, 200.00, 0.00, 1, 0, 2, 1),
('G528290', 'PROTECTOR MOTOROLA 2 EN 1 G52/G82', 150.00, 250.00, 0.00, 1, 0, 2, 1),
('G528291', 'PROTECTOR MOTOROLA G52/G62/G82 ANILLO', 100.00, 200.00, 0.00, 2, 0, 2, 1),
('G5282930', 'PROTECTOR MOTOROLA  G52/G82', 100.00, 150.00, 0.00, 1, 0, 2, 1),
('G5282932', 'PROTECTOR MOTOROLA G52/G82 SILICON', 50.00, 150.00, 0.00, 1, 0, 2, 1),
('G5282934', 'PROTECTOR MOTOROLA  G52/G82 TRASPARENTE', 100.00, 200.00, 0.00, 1, 0, 2, 1),
('G5282936', 'PROTECTOR MOTOROLA  G52/G82 AZUL', 50.00, 150.00, 0.00, 1, 0, 2, 1),
('G53355333', 'PROTECTOR MOTOROLA G53 SILICON', 60.00, 150.00, 0.00, 1, 0, 2, 1),
('G545545545', 'PROTECTOR MOTOROLA G54 5G SILICON', 60.00, 150.00, 0.00, 1, 0, 2, 1),
('G6060513', 'PROTECTOR SILICON AZUL MOTO G60', 50.00, 150.00, 0.00, 0, 0, 2, 1),
('G6060514', 'PROTECTOR MOTOROLA CRISTAL G60', 100.00, 200.00, 0.00, 1, 0, 2, 1),
('G6060516', 'PROTECTOR ROJO/NEGRO MOTO G60', 100.00, 150.00, 0.00, 2, 0, 2, 1),
('G6060517', 'PROTECTOR  MOTOROLA G60 TINTO', 50.00, 150.00, 0.00, 1, 0, 2, 1),
('G6060520', 'PROTECTOR MOTOROLA G60S TRASPARENTE', 150.00, 200.00, 130.00, 1, 0, 2, 1),
('G6060521', 'PROTECTOR MOTOROLA G60 2 EN 1', 100.00, 200.00, 0.00, 1, 0, 2, 1),
('G71012304', 'PROTECTOR MOTOROLA G71 CRISTAL BLANCO', 100.00, 200.00, 0.00, 1, 0, 2, 1),
('G7151110', 'PROTECTOR MOTOROLA  G71 SILICON', 50.00, 150.00, 0.00, 1, 0, 2, 1),
('G718877664', 'PROTECTOR MOTOROLA HOLDER RING  G84', 150.00, 250.00, 0.00, 1, 0, 2, 1),
('G71908076', 'PROTECTOR MOTOROLA  ANILLO AZUL G71', 100.00, 200.00, 0.00, 1, 0, 2, 1),
('G72101010', 'PROTECTOR TRANSPARENTE MT G72', 100.00, 200.00, 0.00, 3, 0, 2, 1),
('G7214700', 'PROTECTOR MOTOROLA G72 AZUL', 150.00, 250.00, 0.00, 1, 0, 2, 1),
('G73T', 'PROTECTOR MOTOROLA G73 TRASPARENTE', 100.00, 200.00, 150.00, 1, 0, 2, 1),
('G777790', 'PROTECTOR MOTOROLA TRANSPARENTE G71', 100.00, 200.00, 0.00, 1, 0, 2, 1),
('G791478', 'PROTECTOR SILICON NEGRO G7 PLAY', 50.00, 150.00, 0.00, 0, 0, 2, 0),
('G8043215', 'PROTECTOR SILICON G8 POWER LITE', 50.00, 150.00, 0.00, 1, 0, 2, 1),
('G8454877664', 'PROTECTOR MOTOROLA TRANSPARENTE AZUL G31', 150.00, 250.00, 0.00, 1, 0, 2, 1),
('G9674768', 'PROTECTOR MOTOROLA  G9 PLUS SILICON', 50.00, 150.00, 0.00, 1, 0, 2, 1),
('G97472578', 'PROTECTOR MOTOROLAA  G9 PLUS ANILLO', 100.00, 200.00, 0.00, 0, 0, 2, 1),
('G9914700', 'PROTECTOR SILICON MT G9/G9 PLAY/E7 PLUS', 50.00, 150.00, 0.00, 2, 0, 2, 1),
('GGSW83727', 'PROTECTOR SAMSUNG A05 ROSA METALICO', 50.00, 150.00, 0.00, 1, 0, 2, 1),
('GSR', 'PROTECTOR OPOO RENO 105G SILICON', 50.00, 150.00, 100.00, 1, 0, 2, 1),
('GUESS', 'PROTECTOR GUESS NEGRO/BLANCO', 150.00, 250.00, 0.00, 2, 0, 2, 1),
('GUESSIPH12/12PRO', 'PROTECTOR GUESS NEGRO/ROSA IPHONE 12/12PRO', 110.00, 250.00, 0.00, 2, 0, 2, 1),
('GUESSIPH13PM', 'PROTECTOR GUESS BLANCO IPHONE 13 PRO MAX', 110.00, 250.00, 0.00, 1, 0, 2, 1),
('GUESSIPH14', 'PROTECTOR GUESS BLANCO/NEGRO IPHONE 14', 110.00, 250.00, 0.00, 2, 0, 2, 1),
('H000X8', 'PROTECTOR ANILLO PLATA HONOR X8', 100.00, 200.00, 0.00, 1, 0, 2, 1),
('H0546655', 'AUDIFONOS INALAMBRICOS 1 HORA COLORES', 200.00, 350.00, 0.00, 11, 0, 2, 1),
('H085X8', 'PROTECTOR SILICON HONOR X8', 50.00, 150.00, 0.00, 1, 0, 2, 1),
('HC38', 'GRAPAS FIFA 1000 PZS', 15.00, 25.00, 0.00, 2, 0, 12, 1),
('HOJASCOLOR', 'HOJAS DE COLOR', 1.00, 2.00, 0.00, 277, 2, 12, 1),
('HOJASDECOLORES', 'HOJAS DE COLORES', 1.00, 2.00, 0.00, 345, 20, 12, 0),
('HWP9LI374949', 'PROTECTOR USO RUDO HW P9 LITE', 50.00, 150.00, 0.00, 1, 0, 2, 1),
('J25307857', 'PROTECTOR SILICON SM G530/J2 PRIME', 50.00, 150.00, 0.00, 3, 0, 2, 1),
('J259PR1M3748', 'PROTECTOR USO RUDO SM J2 PRIME', 50.00, 150.00, 0.00, 2, 0, 2, 1),
('J2R0101', 'PROTECTOR ROJO ANILLO J2 PRIME', 100.00, 200.00, 0.00, 1, 0, 2, 1),
('J45869000', 'PROTECTOR SILICON SAMSUNG J2 PLUS', 50.00, 150.00, 0.00, 1, 0, 2, 1),
('J72015', 'PROTECTOR USO RUDO J7 2015', 50.00, 150.00, 0.00, 1, 0, 2, 1),
('J753464524', 'PROTECTOR USO RUDO SM J7 PRIME', 50.00, 150.00, 0.00, 1, 0, 2, 0),
('J7P1333', 'PROTECTOR USO RUDO SAM J7 PRIME', 50.00, 150.00, 0.00, 0, 0, 2, 0),
('J8201875869', 'PROTECTOR CAMUFLAJE SAMSUNG J8 2018', 50.00, 150.00, 0.00, 1, 0, 2, 1),
('KARTERASC', 'CARTERAS CH NEGRA', 30.00, 80.00, 0.00, 2, 0, 5, 1),
('KARTERASG', 'CARTERAS DAMA ROSA/VERDE', 80.00, 120.00, 0.00, 3, 0, 5, 1),
('KB01', 'TECLADO USB KB8236', 150.00, 250.00, 0.00, 1, 0, 7, 1),
('KOLOREAR', 'LIBRO DE COLOREAR', 10.00, 20.00, 0.00, 9, 0, 12, 1),
('KONEJOROSA', 'AGENDA CONEJO ROSA', 60.00, 150.00, 0.00, 1, 0, 12, 1),
('L888', 'MARCATEXTOS BICOLOR 6 PIEZAS', 30.00, 50.00, 45.00, 1, 1, 12, 1),
('LAPICERA TRASPARENTE', 'LAPICERA TRASPARENTE', 10.00, 20.00, 15.00, 2, 0, 12, 1),
('LAPICERA UNICORNIO', 'LAPICERA UNICORNIO', 50.00, 90.00, 80.00, 1, 0, 12, 1),
('LAPICERAS', 'LAPICERAS FROZEN/PIEL', 25.00, 40.00, 30.00, 6, 1, 12, 1),
('LED837', 'LAMPARA BOLA DE CRISTAL', 60.00, 160.00, 0.00, 1, 0, 10, 1),
('LG7483795', 'PROTECTOR BRILLOS ROSA LG QG7', 20.00, 70.00, 0.00, 1, 0, 2, 1),
('LIB CH BIKER', 'LIBRETA BIKER/PLAYA CHICA', 15.00, 25.00, 0.00, 2, 0, 12, 1),
('LIBRETA PERSONAJES', 'LIBRETA MEDIANA PERSONAJES', 25.00, 35.00, 0.00, 4, 0, 12, 1),
('LJKLED', 'LINTERNA LJK LED', 150.00, 300.00, 0.00, 1, 0, 10, 1),
('LLAVEROS GDES', 'LLAVEROS GRANDES', 20.00, 40.00, 0.00, 40, 0, 11, 1),
('LVQN71836', 'MOUSE LUMINOUS FREE WOLF BLANCO', 150.00, 300.00, 0.00, 1, 0, 7, 1),
('M07034', 'PROTECTOR DISEÑO MOTO G4', 30.00, 70.00, 0.00, 2, 0, 2, 1),
('M0706466', 'PROTECTOR CAMUFLAJE MOTO E4', 50.00, 150.00, 0.00, 1, 0, 2, 1),
('M070C758598', 'PROTECTOR USO RUDO MOTO C', 400.00, 100.00, 0.00, 1, 0, 2, 1),
('M102030436', 'PROTECTOR BARBIE MOTOROLA G10/G20/G30', 150.00, 250.00, 0.00, 1, 0, 2, 1),
('M330\'33H\'2', 'MOUSE OPTICAL S1', 60.00, 120.00, 0.00, 1, 0, 7, 1),
('MAGSAFEIPH14', 'PROTECTOR MAGNETICO LILA IPHONE 14', 104.00, 250.00, 0.00, 1, 0, 2, 1),
('ME6501010', 'PROTECTOR MOTOROLA E6S 2020 ROSA', 150.00, 250.00, 0.00, 1, 0, 2, 1),
('ME66897', 'PROTECTOR SILICON MOTO E6', 50.00, 150.00, 0.00, 1, 0, 2, 1),
('MICA', 'MICA GENERAL', 10.00, 50.00, 0.00, 1000, 0, 2, 1),
('MICA9D', 'MICA 9D', 35.00, 100.00, 0.00, 50, 0, 2, 1),
('MO.14', 'MOUSE ELE - GATE MOD. 14', 50.00, 100.00, 0.00, 3, 0, 7, 1),
('MO1', 'MONEDERO', 15.00, 35.00, 20.00, 6, 0, 3, 1),
('MO5', 'MONEDERO DAMA', 19.00, 40.00, 25.00, 4, 1, 3, 1),
('MOU6', 'BOLSITAS UNICORNIO', 15.00, 35.00, 20.00, 6, 0, 3, 1),
('MOUSECOLOR', 'MOUSE CABLE COLORES', 50.00, 120.00, 0.00, 3, 0, 7, 1),
('MP3', 'REPRODUCTOR MP3 BLUETOOTH', 200.00, 400.00, 300.00, 1, 0, 2, 1),
('MS\'2241BT', 'BOCINA FX ROJA', 150.00, 350.00, 0.00, 1, 0, 4, 1),
('MS2219', 'BOCINA PORTATIL MS-2219 BT LILA', 120.00, 220.00, 0.00, 1, 0, 4, 1),
('MT0N364848', 'PROTECTOR MOTOROLA  ONE FUSION USO RUDO', 50.00, 150.00, 0.00, 1, 0, 2, 1),
('N01045', 'PROTECTOR USO RUDO HW NOVA 5T', 50.00, 150.00, 0.00, 1, 0, 2, 1),
('N012478', 'PROTECTOR SILICON REDMI NOTE 12S', 50.00, 150.00, 0.00, 2, 0, 2, 1),
('N012579', 'PROTECTOR 3 EN 1 REDMI NOTE 12S', 100.00, 200.00, 0.00, 1, 0, 2, 1),
('N012680', 'HOLDER RING REDMI NOTE 13', 150.00, 250.00, 0.00, 2, 0, 2, 1),
('N044647', 'PROTECTOR 3 EN 1 HW NOVA 9 SE', 100.00, 200.00, 0.00, 1, 0, 2, 0),
('N04953', 'PROTECTOR 3 EN 1 HW NOVA 9 SE', 100.00, 200.00, 0.00, 1, 0, 2, 1),
('N05367', 'PROTECTOR SILICON HW NOVA 9 SE', 50.00, 150.00, 0.00, 1, 0, 2, 1),
('N1036135', 'PROTECTOR REDMI NOTE 10 PRO 3 EN 1', 150.00, 250.00, 0.00, 1, 0, 2, 1),
('N1036236', 'PROTECTOR XM NOTE 10 PRO MAX', 50.00, 150.00, 0.00, 1, 0, 2, 1),
('N10389119', 'PROTECTOR REDMI NOTE 10 PRO CRISTAL', 100.00, 200.00, 0.00, 1, 0, 2, 1),
('N115758', 'PROTECTOR REDMI NOTE 11S GLITTER', 100.00, 200.00, 0.00, 1, 0, 2, 1),
('N115859', 'PROTECTOR SILICON REDMI NOTE 11S', 50.00, 150.00, 0.00, 1, 0, 2, 1),
('N115960', 'PROTECTOR REDMI NOTE 11S NEGRO 3 EN 1', 150.00, 250.00, 0.00, 1, 0, 2, 1),
('N116061', 'PROTECTOR 3 EN 1 REDMI NOTE 11S', 100.00, 200.00, 0.00, 1, 0, 2, 1),
('N116162', 'PROTECTOR REDMI 10C NEGRO', 150.00, 250.00, 0.00, 1, 0, 2, 1),
('N116263', 'PROTECTOR REDMI 10C ANILLO AZUL', 100.00, 200.00, 0.00, 1, 0, 2, 1),
('N1247888', 'PROTECTOR SILICON REDMI NOTE 12 PRO 5G', 50.00, 150.00, 0.00, 1, 0, 2, 1),
('N1247989', 'HOLDER RING NARANJA REDMI NOTE 12S', 150.00, 250.00, 0.00, 1, 0, 2, 1),
('N1248090', 'PROTECTOR CRISTAL AZUL REDMI 12 PRO', 100.00, 200.00, 0.00, 1, 0, 2, 1),
('N30467', 'POSTIC NEON', 15.00, 25.00, 0.00, 13, 0, 12, 1),
('NAIPES', 'NAIPES LA GUADALUPANA', 50.00, 120.00, 0.00, 5, 0, 9, 1),
('NAVAJAS', 'NAVAJAS', 50.00, 100.00, 0.00, 4, 0, 15, 1),
('NG1247585', 'PROTECTOR ANILLO REDMI 12 4G/12R 5G', 100.00, 200.00, 0.00, 2, 0, 2, 1),
('NG1247686', 'PROTECTOR VENOM/MINNIE REDMI NOTE 12/ 12 PRO', 100.00, 200.00, 0.00, 3, 0, 2, 1),
('OP15789', 'PROTECTOR CARRO OPPO A15', 100.00, 200.00, 0.00, 0, 0, 2, 1),
('OP15790', 'PROTECTOR OPOO A 15 SILICON', 50.00, 150.00, 0.00, 2, 0, 2, 1),
('OP160101', 'PROTECTOR CRISTAL NEGRO OPPO A16', 100.00, 200.00, 0.00, 1, 0, 2, 1),
('OP173411', 'PROTECTOR BARBIE OPPO A17', 150.00, 250.00, 0.00, 1, 0, 2, 1),
('OP17440', 'PROTECTOR CARRO OPPO A17', 100.00, 200.00, 0.00, 1, 0, 2, 1),
('OP174501', 'PROTECTOR SILICON OPPO A17', 50.00, 150.00, 0.00, 0, 0, 2, 1),
('OP6784G', 'PROTECTOR CRISTAL AZUL OP RENO 7 4G', 100.00, 200.00, 0.00, 1, 0, 2, 1),
('OPA40', 'PROTECTOR OPOO A40 4G ANILLO', 100.00, 200.00, 150.00, 1, 0, 2, 1),
('OPA535N', 'PROTECTOR SILICON OPPO A53', 50.00, 150.00, 0.00, 0, 0, 2, 0),
('OPA54T', 'PROTECTOR TRANSPARENTE 3 EN 1 OPPO A54/A16', 100.00, 200.00, 0.00, 1, 0, 2, 1),
('OPA57774', 'PROTECTOR SILICON OPPO A57/A77', 50.00, 150.00, 0.00, 0, 0, 2, 1),
('OPA57B14', 'PROTECTOR CRISTAL OPPO A57 BLANCO', 100.00, 200.00, 0.00, 1, 0, 2, 1),
('OPA78HOLDER', 'PROTECTOR OPPO A78 4G HOLDER RING', 100.00, 250.00, 0.00, 1, 0, 2, 0),
('OPR30511', 'PROTECTOR OPOO RENO 5 LITE ANILLO', 100.00, 200.00, 0.00, 1, 0, 2, 1),
('OPR3105GA5', 'PROTECTOR SILICON OP RENO 10 5G', 50.00, 150.00, 0.00, 0, 0, 2, 0),
('OPR3105GF', 'PROTECTOR FLORAL OPPO RENO 10 5G', 150.00, 250.00, 0.00, 1, 0, 2, 1),
('OPR74GL', 'PROTECTOR OPOO RENO 7 4G SILICON', 50.00, 150.00, 0.00, 1, 0, 2, 1),
('OSOCOLOR', 'POP SOCKET OSITO COLORES', 50.00, 100.00, 0.00, 3, 0, 2, 1),
('P206991', 'PROTECTOR USO RUDO HW P20 LITE', 50.00, 150.00, 0.00, 1, 0, 2, 1),
('P2244', 'PROTECTOR SAMSUNG A34 PIEDRAS', 100.00, 150.00, 120.00, 2, 0, 2, 1),
('P306789', 'PROTECTOR CARRO HW P30 LITE', 100.00, 200.00, 0.00, 1, 0, 2, 1),
('P306890', 'PROTECTOR SILICON HW P30 LITE', 50.00, 150.00, 0.00, 1, 0, 2, 1),
('PANDANEOW', 'LIBRETA PANDA MEOW', 25.00, 50.00, 0.00, 1, 0, 12, 1),
('PCKO27204', 'AUDIFONOS INALAMBRICOS PARA IPHONE', 160.00, 350.00, 0.00, 2, 0, 2, 1),
('PI 14', 'PROTECTOR PIEL IPHONE 14 PLUS', 100.00, 220.00, 0.00, 3, 0, 2, 1),
('PIEDRAS', 'LLAVEROS PIEDRAS CON FIGURAS', 50.00, 100.00, 0.00, 4, 0, 11, 1),
('PIEDRASIPH11', 'PROTECTOR SWAROVSKI PLATEADO IPHONE 11', 120.00, 250.00, 0.00, 1, 0, 2, 1),
('PIEDRASIPH12PRO', 'PROTECTOR SWAROVSKI IPHONE 12 PRO', 120.00, 250.00, 0.00, 1, 0, 2, 1),
('PIEDRASIPH13', 'PROTECTOR SWAROVSKI IPHONE 13', 120.00, 250.00, 0.00, 1, 0, 2, 1),
('PIEDRASIPH15', 'PROTECTOR SWAROVSKI IPHONE 15', 120.00, 250.00, 0.00, 2, 0, 2, 1),
('PINTURA', 'PROTECTOR PINTURA IPHONE 11 PRO MAX', 30.00, 50.00, 0.00, 1, 0, 2, 1),
('PL20513040', 'PROTECTOR MOTOROLA  E20/E30/E40 PIEDRAS', 100.00, 150.00, 0.00, 1, 0, 2, 1),
('PLASTICARONDANASMART', 'CARPETA RONDANA PLASTICA SMART', 16.00, 22.00, 0.00, 5, 0, 12, 1),
('PR8', 'LAPICERA PRINCESAS/HELLO KITTY', 40.00, 60.00, 50.00, 2, 0, 3, 1),
('PRO6S', 'AUDIFONOS INALAMBRICOS XINMI PRO 6S', 150.00, 300.00, 0.00, 4, 0, 2, 1),
('R 14', 'PROTECTOR ROSA 3 EN 1 IPHONE 14 PLUS', 100.00, 200.00, 0.00, 1, 0, 2, 1),
('R 88', 'PROTECTOR 3 EN 1 ROSA IPHONE 14 PRO MAX', 100.00, 200.00, 0.00, 1, 0, 2, 1),
('R10105675', 'PROTECTOR REDMI NOTE 10/10S ROSA', 50.00, 100.00, 0.00, 1, 0, 2, 1),
('R10105776', 'PROTECTOR REDMI NOTE 10 NEGRO/ROJO', 150.00, 250.00, 0.00, 2, 0, 2, 1),
('R10105877', 'PROTECTOR REDMI NOTE 10 4G ANILLO ROJO', 150.00, 250.00, 0.00, 0, 0, 2, 1),
('R10105978', 'PROTECTOR SILICON REDMI NOTE 10/10S', 50.00, 150.00, 0.00, 1, 0, 2, 1),
('R123', 'PROTECTOR MAGNETICO ROSA IPHONE 14 PLUS', 150.00, 250.00, 0.00, 1, 0, 2, 1),
('R38486', 'COLORES RENK DOBLES', 25.00, 40.00, 0.00, 2, 0, 12, 1),
('R667788', 'COLORES ANIMALES', 11.50, 35.00, 0.00, 3, 0, 12, 1),
('RE12F', 'PROTECTOR OPOO RENO 12F', 80.00, 200.00, 90.00, 1, 0, 2, 1),
('REGALO ECONONICA', 'BOLSA DE REGALO ECONOMICA CHICA', 5.00, 10.00, 8.00, 3, 0, 12, 1),
('REGALO GRANDE', 'BOLSA DE REGALO GRANDE', 20.00, 35.00, 30.00, 15, 1, 14, 1),
('REGALO MEDIANA', 'BOLSA DE REGALO  MEDIANA ECONOMICA', 15.00, 20.00, 18.00, 5, 0, 14, 1),
('REGALO MEDINA', 'BOLSA DE REGALO MEDIANA', 15.00, 30.00, 25.00, 17, 1, 12, 1),
('RELOJH', 'RELOJ CAFE CABALLERO', 100.00, 200.00, 0.00, 1, 0, 13, 1),
('RENO7', 'PROTECTOR TRANSPARENTE OP RENO 7 4G', 150.00, 250.00, 0.00, 1, 0, 2, 1),
('RING', 'POP SOCKET ANILLO DISEÑOS', 20.00, 40.00, 0.00, 5, 0, 2, 1),
('ROHS', 'SMART BRACELET', 50.00, 150.00, 0.00, 1, 0, 2, 1),
('ROLLO AUTOCOP', 'ROLLO AUTOCOPIANTE', 10.00, 15.00, 0.00, 6, 0, 12, 1),
('RP1', 'PROTECTOR PIEL ROJO IPHONE 14 PLUS', 150.00, 250.00, 0.00, 1, 0, 2, 1),
('S22325675', 'PROTECTOR MOTOROLA G22/E32 SILICON', 50.00, 150.00, 0.00, 3, 0, 2, 1),
('S55', 'PROTECTOR SILICON VERDE IPHONE 14 PRO MAX', 50.00, 150.00, 0.00, 1, 0, 2, 1),
('SA04045', 'BLINDAJE CASE SAM A04/A04S', 50.00, 150.00, 0.00, 0, 0, 2, 0),
('SA05555', 'BLINDAJE CASE SAM A05S 4G', 50.00, 150.00, 0.00, 0, 0, 2, 1),
('SAMAZULA04E', 'PROTECTOR PLASTICO AZUL SAMSUNG A04E', 70.00, 150.00, 0.00, 0, 0, 2, 1),
('SAMROSAA04', 'PROTECTOR ROSA SAMSUNG A04', 70.00, 15.00, 0.00, 0, 0, 2, 1),
('SANJUDAS', 'PULSERAS SAN JUDAS', 20.00, 30.00, 0.00, 3, 0, 14, 1),
('SI 14', 'PROTECTOR SILICON NEGRO IPHONE 14 PLUS', 50.00, 150.00, 0.00, 1, 0, 2, 1),
('SILICONA15', 'PROTECTOR SILICON NEGRO SAMSUNG A15', 60.00, 150.00, 0.00, 0, 0, 2, 1),
('SIRENA78', 'LIBRETA COLA DE SIRENA MEDIANA', 40.00, 85.00, 0.00, 2, 0, 12, 1),
('SMA105M10S', 'PROTECTOR SILICON NEGRO SAM A10S/M10S', 50.00, 150.00, 0.00, 0, 0, 2, 0),
('SMA1238R0', 'PROTECTOR PIEL ROSA SAM A12', 100.00, 200.00, 0.00, 1, 0, 2, 1),
('SMA128790', 'PROTECTOR SAMSUNG A12 3 EN 1', 150.00, 250.00, 0.00, 3, 0, 2, 1),
('SMA12R010', 'PROTECTOR SILICON ROJO SM A12', 50.00, 150.00, 0.00, 0, 0, 2, 1),
('SMA12R054', 'PROTECTOR SAM A12 ROSA', 150.00, 250.00, 0.00, 1, 0, 2, 1),
('SMA134700', 'PROTECTOR SAM A13 4G/5G AZUL/TRANSPARENTE', 100.00, 200.00, 0.00, 1, 0, 2, 1),
('SMART', 'RELOJ INTELIGENTE', 100.00, 200.00, 0.00, 1, 0, 13, 1),
('SOBRECARTA', 'SOBRE CON RONDANA CARTA', 5.00, 8.00, 0.00, 18, 0, 12, 1),
('SOBREEXTRAOFICIO', 'SOBRE TAMAÑO EXTRA OFICIO', 7.00, 10.00, 0.00, 49, 0, 12, 1),
('SOBREHORIZONTAL', 'SOBRE PLASTICO HORIZONTAL CON BOTON', 15.00, 22.00, 0.00, 3, 0, 12, 1),
('SOBREOFICIOSMART', 'SOBRE PLASTICO SMART OFICIO', 16.00, 25.00, 0.00, 1, 0, 12, 1),
('SPARKLE', 'LIBRETA NOTAS SPARKLE', 10.00, 70.00, 0.00, 6, 0, 12, 1),
('SPARKLE CH', 'LIBRETA SPARKLE CHICA', 20.00, 35.00, 0.00, 5, 0, 12, 1),
('STD5', 'STICKERS DIAMANTE', 15.00, 30.00, 20.00, 10, 1, 12, 1),
('STIT1', 'MONEDERO STITCH', 40.00, 70.00, 30.00, 1, 0, 3, 1),
('STVT56317', 'MOUSE VIMI WXMO-18', 100.00, 200.00, 0.00, 0, 0, 7, 0),
('SWAROVSKIIPH15PRO', 'PROTECTOR SWAROVSKI NEGRO IPHONE 15 PRO', 94.00, 250.00, 0.00, 1, 0, 2, 1),
('T3', 'AUDIFONOS INALAMBRICOS T3', 60.00, 300.00, 0.00, 1, 0, 2, 1),
('T64866356', 'TARJETAS CONSTITUCION COLORES', 15.00, 30.00, 0.00, 1, 0, 12, 1),
('TR20513040', 'PROTECTOR MOTOROLA  E20 TRASPARENTE', 100.00, 200.00, 0.00, 1, 0, 2, 1),
('TURTLE', 'LIBRETA CH TORTUGA', 10.00, 25.00, 0.00, 1, 0, 12, 1),
('UNI1', 'BOLSO UNICORNIO', 50.00, 80.00, 70.00, 1, 0, 3, 1),
('UNICORNIO', 'AGENDA UNICORNIO HOJA BLANCA', 35.00, 70.00, 0.00, 1, 0, 12, 1),
('USORUDO9T', 'PROTECTOR USO RUDO REDMI 9T', 43.00, 150.00, 0.00, 1, 0, 2, 1),
('USORUDOZTEBLADEA71', 'PROTECTOR USO RUDO ZTE BLADE A71', 43.00, 150.00, 0.00, 0, 0, 2, 0),
('USRIPH11CBLU', 'MOCA CASE IPHONE 11 AZUL', 35.00, 200.00, 0.00, 1, 0, 2, 0),
('USRIPH11CRED', 'MOCA CASE IPHONE 11 ROJO', 35.00, 200.00, 0.00, 1, 0, 2, 0),
('USRIPH13CBLAC', 'MOCA CASE IPHONE 13 NEGRO', 35.00, 200.00, 0.00, 1, 0, 2, 1),
('USRIPH13CRED', 'MOCA CASE IPHONE 13 ROJO', 35.00, 200.00, 0.00, 1, 0, 2, 0),
('USRIPH14CBLAC', 'MOCA CASE IPHONE 14 NEGRO', 35.00, 200.00, 0.00, 2, 0, 2, 0),
('USRIPH14CGREY', 'MOCA CASE IPHONE 14 GRIS', 35.00, 200.00, 0.00, 1, 0, 2, 0),
('WHCHT580', 'AUDIFONOS DIADEMA SONY WH-CHT580', 200.00, 350.00, 0.00, 1, 0, 7, 1),
('WIR\'FX05', 'CABLE AUXILIAR WIR-FX05', 20.00, 40.00, 0.00, 2, 0, 2, 1),
('X1075864', 'PROTECTOR XIAOMI 10A 3 EN 1 ROJO', 100.00, 200.00, 0.00, 1, 0, 2, 1),
('X1075965', 'PROTECTOR REDMI 10A ANILLO NEGRO', 100.00, 200.00, 0.00, 1, 0, 2, 1),
('X15', 'AUDIFONOS INALAMBRICOS X15', 150.00, 300.00, 0.00, 1, 0, 2, 1),
('XINMIC7', 'AUDIFONOS XINMI COLORES', 150.00, 250.00, 0.00, 3, 0, 2, 1),
('Y62018', 'PROTECTOR HUAWEI Y6 2018', 50.00, 150.00, 0.00, 1, 0, 2, 1),
('Y707092', 'PROTECTOR USO RUDO HW Y70', 50.00, 150.00, 0.00, 1, 0, 2, 1),
('Y707193', 'PROTECTOR USO RUDO HW Y7 2018', 50.00, 150.00, 0.00, 1, 0, 2, 1),
('Y99505', 'PROTECTOR CARRO HW Y9 PRIME', 100.00, 200.00, 0.00, 0, 0, 2, 0),
('Y99606', 'PROTECTOR 3 EN 1 HW Y9 PRIME', 1000.00, 200.00, 0.00, 1, 0, 2, 1),
('Y99707', 'PROTECTOR TRANSPARENTE HW Y9 PRIME', 100.00, 200.00, 0.00, 0, 0, 2, 0),
('Y99808', 'PROTECTOR 2 EN 1 NEGRO HW Y9 PRIME', 100.00, 200.00, 0.00, 0, 0, 2, 0),
('Y99909', 'PROTECTOR CRISTAL BLANCO HW Y9 PRIME', 100.00, 200.00, 0.00, 0, 0, 2, 0),
('YELLOW', 'LIBRETA AMARILLA', 0.00, 0.00, 0.00, 1, 0, 12, 1),
('YISENRO', 'AUDIFONOS YISEN ROSAS', 150.00, 300.00, 0.00, 1, 0, 2, 1),
('YJ500002', 'BOCINA YISEN YJS002', 200.00, 380.00, 0.00, 1, 0, 4, 1),
('YM005000', 'READER SPEAKER BLUETOOTH YM-050', 250.00, 350.00, 0.00, 1, 0, 4, 1),
('ZK8067', 'KIT MARCATEXTOS 6 COLORES', 20.00, 50.00, 0.00, 3, 0, 12, 1),
('ZP\'0322', 'CLIP COLORES', 10.00, 15.00, 0.00, 2, 0, 12, 1),
('ZP1162', 'KIT MARCATEXTOS BICOLOR 12 COLORES', 29.00, 60.00, 0.00, 3, 0, 12, 1);

-- --------------------------------------------------------

--
-- Estructura de tabla para la tabla `roles`
--

CREATE TABLE `roles` (
  `id` bigint(20) UNSIGNED NOT NULL,
  `name` varchar(255) NOT NULL,
  `guard_name` varchar(255) NOT NULL,
  `created_at` timestamp NULL DEFAULT NULL,
  `updated_at` timestamp NULL DEFAULT NULL
) ENGINE=InnoDB DEFAULT CHARSET=utf8mb4 COLLATE=utf8mb4_unicode_ci;

--
-- Volcado de datos para la tabla `roles`
--

INSERT INTO `roles` (`id`, `name`, `guard_name`, `created_at`, `updated_at`) VALUES
(1, 'admin', 'web', '2023-09-29 00:19:30', '2023-09-29 00:19:30'),
(2, 'cash', 'web', '2023-09-29 00:19:30', '2023-09-29 00:19:30'),
(3, 'guest', 'web', '2023-09-29 00:19:31', '2023-09-29 00:19:31');

-- --------------------------------------------------------

--
-- Estructura de tabla para la tabla `role_has_permissions`
--

CREATE TABLE `role_has_permissions` (
  `permission_id` bigint(20) UNSIGNED NOT NULL,
  `role_id` bigint(20) UNSIGNED NOT NULL
) ENGINE=InnoDB DEFAULT CHARSET=utf8mb4 COLLATE=utf8mb4_unicode_ci;

--
-- Volcado de datos para la tabla `role_has_permissions`
--

INSERT INTO `role_has_permissions` (`permission_id`, `role_id`) VALUES
(1, 1);

-- --------------------------------------------------------

--
-- Estructura de tabla para la tabla `sessions`
--

CREATE TABLE `sessions` (
  `id` varchar(255) NOT NULL,
  `user_id` bigint(20) UNSIGNED DEFAULT NULL,
  `ip_address` varchar(45) DEFAULT NULL,
  `user_agent` text DEFAULT NULL,
  `payload` longtext NOT NULL,
  `last_activity` int(11) NOT NULL
) ENGINE=InnoDB DEFAULT CHARSET=utf8mb4 COLLATE=utf8mb4_unicode_ci;

--
-- Volcado de datos para la tabla `sessions`
--

INSERT INTO `sessions` (`id`, `user_id`, `ip_address`, `user_agent`, `payload`, `last_activity`) VALUES
('og0Yfz7YpXzw64iZSCAOrGRErs05jGXEoCKJr7M2', 14, '192.168.3.100', 'Mozilla/5.0 (Windows NT 10.0; Win64; x64) AppleWebKit/537.36 (KHTML, like Gecko) Chrome/130.0.0.0 Safari/537.36', 'YTo1OntzOjY6Il90b2tlbiI7czo0MDoiNnREUWJxNGhCUlIzSXNPenV5bEpyT1lISFFJcWthUnlJNFFNUE9yTCI7czo5OiJfcHJldmlvdXMiO2E6MTp7czozOiJ1cmwiO3M6Mzc6Imh0dHA6Ly8xOTIuMTY4LjMuOTk6ODAwMC90YWxsZXIvaW5kZXgiO31zOjY6Il9mbGFzaCI7YToyOntzOjM6Im9sZCI7YTowOnt9czozOiJuZXciO2E6MDp7fX1zOjUwOiJsb2dpbl93ZWJfNTliYTM2YWRkYzJiMmY5NDAxNTgwZjAxNGM3ZjU4ZWE0ZTMwOTg5ZCI7aToxNDtzOjIxOiJwYXNzd29yZF9oYXNoX3NhbmN0dW0iO3M6NjA6IiQyeSQxMCRBYU9HMjFjSGN4aVdNZWI0emhMby8uRGZ5bVQwWHM3R3VacnBob3BtaUdiZHhEZUIwSHpxLiI7fQ==', 1731442929),
('swnPCDAtSYhvSi7qH38GIVSMnFkFNyF4LK7wirjI', 14, '192.168.3.99', 'Mozilla/5.0 (Windows NT 10.0; Win64; x64) AppleWebKit/537.36 (KHTML, like Gecko) Chrome/130.0.0.0 Safari/537.36', 'YTo2OntzOjY6Il90b2tlbiI7czo0MDoiUFMwYTFVclVyeW11MTJtZUxxSXRkelFmaHBJQU81SE9UNGZqeEY2OSI7czo5OiJfcHJldmlvdXMiO2E6MTp7czozOiJ1cmwiO3M6Mzc6Imh0dHA6Ly8xOTIuMTY4LjMuOTk6ODAwMC90YWxsZXIvaW5kZXgiO31zOjY6Il9mbGFzaCI7YToyOntzOjM6Im9sZCI7YTowOnt9czozOiJuZXciO2E6MDp7fX1zOjUwOiJsb2dpbl93ZWJfNTliYTM2YWRkYzJiMmY5NDAxNTgwZjAxNGM3ZjU4ZWE0ZTMwOTg5ZCI7aToxNDtzOjIxOiJwYXNzd29yZF9oYXNoX3NhbmN0dW0iO3M6NjA6IiQyeSQxMCRBYU9HMjFjSGN4aVdNZWI0emhMby8uRGZ5bVQwWHM3R3VacnBob3BtaUdiZHhEZUIwSHpxLiI7czo5OiJjb3J0ZUNhamEiO2E6NDp7czoxMjoiZmVjaGFJbmljaWFsIjtzOjEwOiIyMDI0LTExLTAxIjtzOjEwOiJmZWNoYUZpbmFsIjtzOjEwOiIyMDI0LTExLTEyIjtzOjY6ImNhamVybyI7czo3OiJBTlRPTklPIjtzOjk6ImlkVXN1YXJpbyI7aTowO319', 1731442896),
('vCekYDJbQ7KlXw9QAlfryOTS3cmQgBAyiaQP07rO', 14, '127.0.0.1', 'Mozilla/5.0 (Windows NT 10.0; Win64; x64) AppleWebKit/537.36 (KHTML, like Gecko) Chrome/130.0.0.0 Safari/537.36', 'YTo2OntzOjY6Il90b2tlbiI7czo0MDoieFhoSzA3YU5sa2RzQWRxTkxSN21uNlltdEl5WVdFUTRDRlhNdVNWQyI7czo5OiJfcHJldmlvdXMiO2E6MTp7czozOiJ1cmwiO3M6MzQ6Imh0dHA6Ly8xMjcuMC4wLjE6ODAwMC90YWxsZXIvY29ydGUiO31zOjY6Il9mbGFzaCI7YToyOntzOjM6Im9sZCI7YTowOnt9czozOiJuZXciO2E6MDp7fX1zOjUwOiJsb2dpbl93ZWJfNTliYTM2YWRkYzJiMmY5NDAxNTgwZjAxNGM3ZjU4ZWE0ZTMwOTg5ZCI7aToxNDtzOjIxOiJwYXNzd29yZF9oYXNoX3NhbmN0dW0iO3M6NjA6IiQyeSQxMCRBYU9HMjFjSGN4aVdNZWI0emhMby8uRGZ5bVQwWHM3R3VacnBob3BtaUdiZHhEZUIwSHpxLiI7czo5OiJjb3J0ZUNhamEiO2E6NTp7czoxMjoiZmVjaGFJbmljaWFsIjtzOjEwOiIyMDI0LTExLTAxIjtzOjEwOiJmZWNoYUZpbmFsIjtzOjEwOiIyMDI0LTExLTEyIjtzOjY6ImNhamVybyI7czo3OiJBTlRPTklPIjtzOjk6ImlkVXN1YXJpbyI7aTowO3M6MTQ6ImluY2x1eWVDcmVkaXRvIjtiOjA7fX0=', 1731441970);

-- --------------------------------------------------------

--
-- Estructura de tabla para la tabla `tipos_equipos`
--

CREATE TABLE `tipos_equipos` (
  `id` bigint(20) UNSIGNED NOT NULL,
  `nombre` varchar(15) NOT NULL,
  `cve_nombre` varchar(3) NOT NULL,
  `disponible` tinyint(1) NOT NULL,
  `icono` varchar(50) DEFAULT NULL,
  `created_at` timestamp NULL DEFAULT NULL,
  `updated_at` timestamp NULL DEFAULT NULL
) ENGINE=InnoDB DEFAULT CHARSET=utf8mb4 COLLATE=utf8mb4_unicode_ci;

--
-- Volcado de datos para la tabla `tipos_equipos`
--

INSERT INTO `tipos_equipos` (`id`, `nombre`, `cve_nombre`, `disponible`, `icono`, `created_at`, `updated_at`) VALUES
(1, 'CELULAR', 'CEL', 1, '<i class=\"fa-solid fa-mobile-screen-button\"></i>', '2023-10-03 16:48:03', '2023-10-03 16:48:03'),
(2, 'TABLET', 'TAB', 1, '<i class=\"fa-solid fa-tablet\"></i>', '2023-10-03 16:48:03', '2023-10-03 16:48:03'),
(3, 'LAPTOP', 'LAP', 1, '<i class=\"fa-solid fa-laptop\"></i>', '2023-10-18 04:55:49', '2023-10-18 04:55:49'),
(4, 'IMPRESORA', 'IMP', 1, '<i class=\"fa-solid fa-print\"></i>', '2023-10-18 05:00:59', '2023-10-18 05:00:59'),
(5, 'PANTALLA', 'PAN', 1, '<i class=\"fa-solid fa-desktop\"></i>', '2023-10-18 05:03:28', '2023-10-18 05:03:28'),
(6, 'COMPUTADORA', 'COM', 1, '<i class=\"fa-solid fa-computer\"></i>', '2023-10-19 00:11:07', '2023-10-19 00:11:07'),
(7, 'CARGADOR', 'CAR', 1, '<i class=\"fa-solid fa-charging-station\"></i>', '2023-10-19 03:51:03', '2023-10-19 03:51:03'),
(8, 'TECLADO', 'TEC', 1, '<i class=\"fa-solid fa-keyboard\"></i>', '2024-04-22 19:45:06', '2024-04-22 19:45:06'),
(9, 'BOCINA', 'BOC', 1, '<i class=\"fa-solid fa-music\"></i>', '2024-04-22 19:49:52', '2024-04-22 19:49:52'),
(10, 'XBOX', 'X', 1, '<i class=\"fa-solid fa-gamepad\"></i>', '2024-08-12 17:43:42', '2024-08-12 17:43:42');

-- --------------------------------------------------------

--
-- Estructura de tabla para la tabla `users`
--

CREATE TABLE `users` (
  `id` bigint(20) UNSIGNED NOT NULL,
  `name` varchar(255) NOT NULL,
  `email` varchar(255) NOT NULL,
  `disponible` tinyint(1) NOT NULL DEFAULT 1,
  `email_verified_at` timestamp NULL DEFAULT NULL,
  `password` varchar(255) NOT NULL,
  `two_factor_secret` text DEFAULT NULL,
  `two_factor_recovery_codes` text DEFAULT NULL,
  `two_factor_confirmed_at` timestamp NULL DEFAULT NULL,
  `remember_token` varchar(100) DEFAULT NULL,
  `current_team_id` bigint(20) UNSIGNED DEFAULT NULL,
  `profile_photo_path` varchar(2048) DEFAULT NULL,
  `created_at` timestamp NULL DEFAULT NULL,
  `updated_at` timestamp NULL DEFAULT NULL
) ENGINE=InnoDB DEFAULT CHARSET=utf8mb4 COLLATE=utf8mb4_unicode_ci;

--
-- Volcado de datos para la tabla `users`
--

INSERT INTO `users` (`id`, `name`, `email`, `disponible`, `email_verified_at`, `password`, `two_factor_secret`, `two_factor_recovery_codes`, `two_factor_confirmed_at`, `remember_token`, `current_team_id`, `profile_photo_path`, `created_at`, `updated_at`) VALUES
(1, 'SANDIA', 'elplaka@hotmail.com', 1, NULL, '$2y$10$JfYPFZh4e6nlaAzXEGkdo.ZZOnjqY3ieNUOS72EHNjKxqza331zu2', NULL, NULL, NULL, NULL, NULL, NULL, '2023-09-14 10:36:18', '2023-09-27 00:27:57'),
(13, 'CAJA', 'caja@mail.com', 1, NULL, '$2y$10$tYg3nOTY5FZBXOYY2aOMn.lyQNDRhZfcg435ht023e2trDIJPsIvS', NULL, NULL, NULL, NULL, NULL, NULL, '2023-09-26 07:55:39', '2023-09-27 00:55:16'),
(14, 'ANTONIO', 'antony_vv@live.com', 1, NULL, '$2y$10$AaOG21cHcxiWMeb4zhLo/.DfymT0Xs7GuZrphopmiGbdxDeB0Hzq.', NULL, NULL, NULL, NULL, NULL, NULL, '2024-01-28 01:02:23', '2024-01-28 01:02:23');

-- --------------------------------------------------------

--
-- Estructura de tabla para la tabla `ventas`
--

CREATE TABLE `ventas` (
  `id` bigint(20) UNSIGNED NOT NULL,
  `id_cliente` bigint(20) UNSIGNED DEFAULT NULL,
  `total` decimal(10,2) NOT NULL,
  `id_usuario` bigint(20) UNSIGNED NOT NULL DEFAULT 1,
  `cancelada` tinyint(1) NOT NULL DEFAULT 0,
  `created_at` timestamp NULL DEFAULT NULL,
  `updated_at` timestamp NULL DEFAULT NULL
) ENGINE=InnoDB DEFAULT CHARSET=utf8mb4 COLLATE=utf8mb4_unicode_ci;

--
-- Volcado de datos para la tabla `ventas`
--

INSERT INTO `ventas` (`id`, `id_cliente`, `total`, `id_usuario`, `cancelada`, `created_at`, `updated_at`) VALUES
(9, 6, 10.00, 1, 0, '2024-04-20 18:20:59', '2024-04-20 18:20:59'),
(10, 6, 6.00, 1, 0, '2024-04-22 20:45:14', '2024-04-22 20:45:14'),
(11, 6, 150.00, 1, 0, '2024-05-14 01:16:58', '2024-05-14 01:16:58'),
(12, 6, 150.00, 1, 0, '2024-05-15 18:05:36', '2024-05-15 18:05:36'),
(13, 3, 150.00, 1, 0, '2024-06-01 19:30:33', '2024-06-01 19:30:33'),
(14, 6, 150.00, 1, 0, '2024-06-01 19:31:40', '2024-06-01 19:31:40'),
(15, 3, 200.00, 1, 0, '2024-06-04 19:01:55', '2024-06-04 19:01:55'),
(16, 3, 200.00, 1, 0, '2024-06-05 00:55:18', '2024-06-05 00:55:18'),
(17, 3, 200.00, 1, 0, '2024-06-05 00:56:44', '2024-06-05 00:56:44'),
(18, 3, 150.00, 1, 0, '2024-06-08 02:45:38', '2024-06-08 02:45:38'),
(19, 3, 150.00, 1, 0, '2024-06-15 18:04:55', '2024-06-15 18:04:55'),
(20, 6, 150.00, 1, 0, '2024-06-15 18:05:08', '2024-06-15 18:05:08'),
(21, 3, 200.00, 1, 0, '2024-06-15 19:57:23', '2024-06-15 19:57:23'),
(22, 6, 200.00, 1, 0, '2024-06-21 01:48:49', '2024-06-21 01:48:49'),
(23, 6, 150.00, 1, 0, '2024-06-25 17:17:23', '2024-06-25 17:17:23'),
(24, 6, 200.00, 1, 0, '2024-06-30 01:06:20', '2024-06-30 01:06:20'),
(25, 6, 200.00, 1, 0, '2024-07-01 17:47:02', '2024-07-01 17:47:02'),
(26, 6, 150.00, 1, 0, '2024-07-01 19:22:31', '2024-07-01 19:22:31'),
(27, 6, 150.00, 1, 0, '2024-07-03 02:01:59', '2024-07-03 02:01:59'),
(28, 6, 150.00, 1, 0, '2024-07-03 02:50:19', '2024-07-03 02:50:19'),
(29, 6, 200.00, 1, 0, '2024-07-06 02:37:59', '2024-07-06 02:37:59'),
(30, 6, 150.00, 1, 0, '2024-07-06 02:39:42', '2024-07-06 02:39:42'),
(31, 6, 350.00, 1, 0, '2024-07-13 22:04:44', '2024-07-13 22:04:44'),
(32, 6, 250.00, 1, 0, '2024-07-15 17:28:55', '2024-07-15 17:28:55'),
(33, 6, 250.00, 1, 0, '2024-07-18 17:49:58', '2024-07-18 17:49:58'),
(34, 6, 150.00, 1, 0, '2024-07-18 17:50:18', '2024-07-18 17:50:18'),
(35, 6, 720.00, 1, 0, '2024-07-31 03:14:28', '2024-07-31 03:14:28'),
(36, 6, 120.00, 1, 0, '2024-07-31 19:49:03', '2024-07-31 19:49:03'),
(37, 6, 150.00, 1, 0, '2024-08-03 20:53:11', '2024-08-03 20:53:11'),
(38, 6, 250.00, 1, 0, '2024-08-06 01:42:49', '2024-08-06 01:42:49'),
(39, 6, 150.00, 1, 0, '2024-08-07 01:15:35', '2024-08-07 01:15:35'),
(40, 6, 60.00, 1, 0, '2024-08-15 20:22:16', '2024-08-15 20:22:16'),
(41, 6, 35.00, 1, 0, '2024-08-15 20:23:00', '2024-08-15 20:23:00'),
(42, 6, 70.00, 1, 0, '2024-08-15 20:24:10', '2024-08-15 20:24:10'),
(43, 6, 150.00, 1, 0, '2024-08-16 20:56:51', '2024-08-16 20:56:51'),
(44, 6, 200.00, 1, 0, '2024-08-19 18:05:49', '2024-08-19 18:05:49'),
(45, 6, 200.00, 1, 0, '2024-08-25 02:36:06', '2024-08-25 02:36:06'),
(46, 6, 250.00, 1, 0, '2024-08-26 18:27:32', '2024-08-26 18:27:32'),
(47, 6, 400.00, 1, 0, '2024-09-01 01:29:55', '2024-09-01 01:29:55'),
(48, 6, 150.00, 1, 0, '2024-09-03 01:59:24', '2024-09-03 01:59:24'),
(49, 6, 160.00, 1, 0, '2024-09-04 20:28:22', '2024-09-04 20:28:22'),
(50, 6, 150.00, 1, 1, '2024-09-11 01:58:51', '2024-09-11 02:22:02'),
(51, 6, 180.00, 1, 0, '2024-09-21 01:05:13', '2024-09-21 01:05:13'),
(52, 6, 250.00, 1, 0, '2024-09-21 02:20:48', '2024-09-21 02:20:48'),
(53, 6, 150.00, 1, 0, '2024-09-21 19:10:32', '2024-09-21 19:10:32'),
(54, 6, 200.00, 1, 0, '2024-09-23 19:36:30', '2024-09-23 19:36:30'),
(55, 6, 280.00, 1, 0, '2024-09-27 00:57:40', '2024-09-27 00:57:40'),
(56, 6, 200.00, 1, 0, '2024-09-27 19:50:48', '2024-09-27 19:50:48'),
(57, 6, 200.00, 1, 0, '2024-09-28 00:30:52', '2024-09-28 00:30:52'),
(58, 6, 150.00, 1, 0, '2024-09-29 01:39:05', '2024-09-29 01:39:05'),
(59, 6, 150.00, 1, 0, '2024-10-01 00:12:41', '2024-10-01 00:12:41'),
(60, 6, 150.00, 1, 0, '2024-10-02 22:56:00', '2024-10-02 22:56:00'),
(61, 6, 250.00, 1, 0, '2024-10-03 01:15:22', '2024-10-03 01:15:22'),
(62, 6, 200.00, 1, 0, '2024-10-03 01:20:56', '2024-10-03 01:20:56'),
(63, 6, 200.00, 1, 0, '2024-10-03 02:53:29', '2024-10-03 02:53:29'),
(64, 6, 150.00, 1, 0, '2024-10-11 03:26:45', '2024-10-11 03:26:45'),
(65, 6, 300.00, 1, 0, '2024-10-11 03:29:27', '2024-10-11 03:29:27'),
(66, 6, 150.00, 1, 0, '2024-10-13 01:14:01', '2024-10-13 01:14:01'),
(67, 6, 150.00, 1, 0, '2024-10-14 19:14:01', '2024-10-14 19:14:01'),
(68, 6, 200.00, 1, 0, '2024-10-17 01:57:30', '2024-10-17 01:57:30'),
(69, 6, 200.00, 1, 0, '2024-10-18 02:06:47', '2024-10-18 02:06:47'),
(70, 6, 150.00, 1, 0, '2024-10-21 19:38:40', '2024-10-21 19:38:40'),
(71, 6, 40.00, 1, 0, '2024-10-22 00:46:49', '2024-10-22 00:46:49'),
(72, 6, 150.00, 1, 0, '2024-10-24 21:05:54', '2024-10-24 21:05:54'),
(73, 6, 250.00, 1, 0, '2024-10-25 01:10:23', '2024-10-25 01:10:23'),
(74, 6, 60.00, 1, 0, '2024-11-02 17:40:23', '2024-11-02 17:40:23'),
(75, 6, 20.00, 1, 0, '2024-11-02 18:35:39', '2024-11-02 18:35:39'),
(76, 6, 130.00, 1, 0, '2024-11-02 18:59:49', '2024-11-02 18:59:49'),
(77, 6, 250.00, 1, 0, '2024-11-05 17:19:19', '2024-11-05 17:19:19'),
(78, 6, 2.00, 1, 0, '2024-11-05 17:19:39', '2024-11-05 17:19:39'),
(79, 6, 32.00, 1, 0, '2024-11-05 19:55:48', '2024-11-05 19:55:48'),
(80, 6, 20.00, 1, 0, '2024-11-05 19:56:15', '2024-11-05 19:56:15'),
(81, 6, 24.00, 1, 0, '2024-11-05 20:09:58', '2024-11-05 20:09:58'),
(82, 6, 200.00, 1, 0, '2024-11-05 20:11:19', '2024-11-05 20:11:19'),
(83, 6, 150.00, 1, 0, '2024-11-06 01:25:06', '2024-11-06 01:25:06'),
(84, 6, 350.00, 1, 0, '2024-11-06 01:52:52', '2024-11-06 01:52:52'),
(85, 6, 150.00, 1, 0, '2024-11-09 19:13:04', '2024-11-09 19:13:04'),
(86, 6, 150.00, 1, 0, '2024-11-10 19:33:35', '2024-11-10 19:33:35'),
(87, 6, 150.00, 1, 0, '2024-11-11 16:35:54', '2024-11-11 16:35:54'),
(88, 6, 5.00, 1, 0, '2024-11-11 16:36:00', '2024-11-11 16:36:00');

-- --------------------------------------------------------

--
-- Estructura de tabla para la tabla `ventas_credito`
--

CREATE TABLE `ventas_credito` (
  `id` bigint(20) UNSIGNED NOT NULL,
  `id_estatus` bigint(20) UNSIGNED NOT NULL,
  `created_at` timestamp NULL DEFAULT NULL,
  `updated_at` timestamp NULL DEFAULT NULL
) ENGINE=InnoDB DEFAULT CHARSET=utf8mb4 COLLATE=utf8mb4_unicode_ci;

-- --------------------------------------------------------

--
-- Estructura de tabla para la tabla `ventas_credito_detalles`
--

CREATE TABLE `ventas_credito_detalles` (
  `id` bigint(20) UNSIGNED NOT NULL,
  `id_abono` bigint(20) UNSIGNED NOT NULL DEFAULT 0,
  `abono` decimal(10,2) NOT NULL,
  `created_at` timestamp NULL DEFAULT NULL,
  `updated_at` timestamp NULL DEFAULT NULL,
  `id_usuario_venta` bigint(20) UNSIGNED DEFAULT NULL
) ENGINE=InnoDB DEFAULT CHARSET=utf8mb4 COLLATE=utf8mb4_unicode_ci;

-- --------------------------------------------------------

--
-- Estructura de tabla para la tabla `ventas_detalles`
--

CREATE TABLE `ventas_detalles` (
  `id` bigint(20) UNSIGNED NOT NULL,
  `id_venta` bigint(20) UNSIGNED NOT NULL,
  `codigo_producto` varchar(255) NOT NULL,
  `cantidad` int(11) NOT NULL,
  `importe` decimal(10,2) NOT NULL,
  `created_at` timestamp NULL DEFAULT NULL,
  `updated_at` timestamp NULL DEFAULT NULL
) ENGINE=InnoDB DEFAULT CHARSET=utf8mb4 COLLATE=utf8mb4_unicode_ci;

--
-- Volcado de datos para la tabla `ventas_detalles`
--

INSERT INTO `ventas_detalles` (`id`, `id_venta`, `codigo_producto`, `cantidad`, `importe`, `created_at`, `updated_at`) VALUES
(4, 9, 'HOJASDECOLORES', 5, 10.00, '2024-04-20 18:20:59', '2024-04-20 18:20:59'),
(5, 10, '102', 6, 6.00, '2024-04-22 20:45:14', '2024-04-22 20:45:14'),
(6, 11, '590012328512', 1, 150.00, '2024-05-14 01:16:58', '2024-05-14 01:16:58'),
(7, 12, '7618', 1, 150.00, '2024-05-15 18:05:36', '2024-05-15 18:05:36'),
(8, 13, 'SMA105M10S', 1, 150.00, '2024-06-01 19:30:33', '2024-06-01 19:30:33'),
(9, 14, 'G6060513', 1, 150.00, '2024-06-01 19:31:40', '2024-06-01 19:31:40'),
(10, 15, 'N044647', 1, 200.00, '2024-06-04 19:01:55', '2024-06-04 19:01:55'),
(11, 16, '85947394759', 1, 200.00, '2024-06-05 00:55:18', '2024-06-05 00:55:18'),
(12, 17, 'OP15789', 1, 200.00, '2024-06-05 00:56:44', '2024-06-05 00:56:44'),
(13, 18, 'A05S7553768', 1, 150.00, '2024-06-08 02:45:38', '2024-06-08 02:45:38'),
(14, 19, '66485869779753', 1, 150.00, '2024-06-15 18:04:55', '2024-06-15 18:04:55'),
(15, 20, 'SMA12R010', 1, 150.00, '2024-06-15 18:05:08', '2024-06-15 18:05:08'),
(16, 21, 'Y99505', 1, 200.00, '2024-06-15 19:57:23', '2024-06-15 19:57:23'),
(17, 22, 'Y99909', 1, 200.00, '2024-06-21 01:48:49', '2024-06-21 01:48:49'),
(18, 23, '7503027214045', 1, 150.00, '2024-06-25 17:17:23', '2024-06-25 17:17:23'),
(19, 24, 'Y99707', 1, 200.00, '2024-06-30 01:06:20', '2024-06-30 01:06:20'),
(20, 25, '85947394759', 1, 200.00, '2024-07-01 17:47:02', '2024-07-01 17:47:02'),
(21, 26, 'A5030R00', 1, 150.00, '2024-07-01 19:22:31', '2024-07-01 19:22:31'),
(22, 27, 'A13900', 1, 150.00, '2024-07-03 02:01:59', '2024-07-03 02:01:59'),
(23, 28, '590012328338', 1, 150.00, '2024-07-03 02:50:19', '2024-07-03 02:50:19'),
(24, 29, 'A14E147', 1, 200.00, '2024-07-06 02:37:59', '2024-07-06 02:37:59'),
(25, 30, 'E22221644321', 1, 150.00, '2024-07-06 02:39:42', '2024-07-06 02:39:42'),
(26, 31, 'A05578', 1, 200.00, '2024-07-13 22:04:44', '2024-07-13 22:04:44'),
(27, 31, 'A215R00', 1, 150.00, '2024-07-13 22:04:44', '2024-07-13 22:04:44'),
(28, 32, 'A158599', 1, 250.00, '2024-07-15 17:28:55', '2024-07-15 17:28:55'),
(29, 33, 'A158599', 1, 250.00, '2024-07-18 17:49:58', '2024-07-18 17:49:58'),
(30, 34, 'SILICONA15', 1, 150.00, '2024-07-18 17:50:18', '2024-07-18 17:50:18'),
(31, 35, '6196190', 1, 200.00, '2024-07-31 03:14:28', '2024-07-31 03:14:28'),
(32, 35, '1520152', 1, 150.00, '2024-07-31 03:14:28', '2024-07-31 03:14:28'),
(33, 35, '590012328557', 1, 250.00, '2024-07-31 03:14:28', '2024-07-31 03:14:28'),
(34, 35, '9999900', 1, 120.00, '2024-07-31 03:14:28', '2024-07-31 03:14:28'),
(35, 36, '9999900', 1, 120.00, '2024-07-31 19:49:03', '2024-07-31 19:49:03'),
(36, 37, 'A0345098', 1, 150.00, '2024-08-03 20:53:11', '2024-08-03 20:53:11'),
(37, 38, 'R10105877', 1, 250.00, '2024-08-06 01:42:49', '2024-08-06 01:42:49'),
(38, 39, 'A04611', 1, 150.00, '2024-08-07 01:15:35', '2024-08-07 01:15:35'),
(39, 40, '6974308440674', 1, 60.00, '2024-08-15 20:22:16', '2024-08-15 20:22:16'),
(40, 41, '1155', 1, 35.00, '2024-08-15 20:23:00', '2024-08-15 20:23:00'),
(41, 42, 'UNICORNIO', 1, 70.00, '2024-08-15 20:24:10', '2024-08-15 20:24:10'),
(42, 43, 'J7P1333', 1, 150.00, '2024-08-16 20:56:51', '2024-08-16 20:56:51'),
(43, 44, '50805680', 1, 200.00, '2024-08-19 18:05:49', '2024-08-19 18:05:49'),
(44, 45, 'A05578', 1, 200.00, '2024-08-25 02:36:06', '2024-08-25 02:36:06'),
(45, 46, '22745622456', 1, 250.00, '2024-08-26 18:27:32', '2024-08-26 18:27:32'),
(46, 47, '55110055110', 1, 150.00, '2024-09-01 01:29:55', '2024-09-01 01:29:55'),
(47, 47, '88964589645', 1, 250.00, '2024-09-01 01:29:55', '2024-09-01 01:29:55'),
(48, 48, 'E222219900', 1, 150.00, '2024-09-03 01:59:24', '2024-09-03 01:59:24'),
(49, 49, '7872571423310', 1, 30.00, '2024-09-04 20:28:22', '2024-09-04 20:28:22'),
(50, 49, '7506129430801', 3, 105.00, '2024-09-04 20:28:22', '2024-09-04 20:28:22'),
(51, 49, '7501630200080', 1, 25.00, '2024-09-04 20:28:22', '2024-09-04 20:28:22'),
(52, 50, 'G505G77', 1, 150.00, '2024-09-11 01:58:51', '2024-09-11 01:58:51'),
(53, 51, '66440', 1, 180.00, '2024-09-21 01:05:13', '2024-09-21 01:05:13'),
(54, 52, '14411400', 1, 250.00, '2024-09-21 02:20:48', '2024-09-21 02:20:48'),
(55, 53, 'A52R054', 1, 150.00, '2024-09-21 19:10:32', '2024-09-21 19:10:32'),
(56, 54, '153031154', 1, 200.00, '2024-09-23 19:36:30', '2024-09-23 19:36:30'),
(57, 55, '740617298697', 1, 280.00, '2024-09-27 00:57:40', '2024-09-27 00:57:40'),
(58, 56, '47475748597', 1, 200.00, '2024-09-27 19:50:48', '2024-09-27 19:50:48'),
(59, 57, '7892165', 1, 200.00, '2024-09-28 00:30:52', '2024-09-28 00:30:52'),
(60, 58, '151515354', 1, 150.00, '2024-09-29 01:39:05', '2024-09-29 01:39:05'),
(61, 59, 'A057462748', 1, 150.00, '2024-10-01 00:12:41', '2024-10-01 00:12:41'),
(62, 60, 'A51755086', 1, 150.00, '2024-10-02 22:56:00', '2024-10-02 22:56:00'),
(63, 61, '774210774210', 1, 250.00, '2024-10-03 01:15:22', '2024-10-03 01:15:22'),
(64, 62, 'G97472578', 1, 200.00, '2024-10-03 01:20:56', '2024-10-03 01:20:56'),
(65, 63, 'G97472578', 1, 200.00, '2024-10-03 02:53:29', '2024-10-03 02:53:29'),
(66, 64, '779128712', 1, 150.00, '2024-10-11 03:26:45', '2024-10-11 03:26:45'),
(67, 65, '747837', 1, 300.00, '2024-10-11 03:29:27', '2024-10-11 03:29:27'),
(68, 66, 'A04E577', 1, 150.00, '2024-10-13 01:14:01', '2024-10-13 01:14:01'),
(69, 67, '12241200', 1, 150.00, '2024-10-14 19:14:01', '2024-10-14 19:14:01'),
(70, 68, 'A035647', 1, 200.00, '2024-10-17 01:57:31', '2024-10-17 01:57:31'),
(71, 69, 'N10389119', 1, 200.00, '2024-10-18 02:06:47', '2024-10-18 02:06:47'),
(72, 70, '622A', 1, 150.00, '2024-10-21 19:38:40', '2024-10-21 19:38:40'),
(73, 71, '7872571514704', 1, 40.00, '2024-10-22 00:46:49', '2024-10-22 00:46:49'),
(74, 72, 'A1051055105', 1, 150.00, '2024-10-24 21:05:54', '2024-10-24 21:05:54'),
(75, 73, '451312451312', 1, 250.00, '2024-10-25 01:10:23', '2024-10-25 01:10:23'),
(76, 74, 'BA\'RT001E', 1, 60.00, '2024-11-02 17:40:23', '2024-11-02 17:40:23'),
(77, 75, 'COPIA', 1, 20.00, '2024-11-02 18:35:39', '2024-11-02 18:35:39'),
(78, 76, '7503028615643', 1, 130.00, '2024-11-02 18:59:49', '2024-11-02 18:59:49'),
(79, 77, '6974368773033', 1, 250.00, '2024-11-05 17:19:19', '2024-11-05 17:19:19'),
(80, 78, '102', 2, 2.00, '2024-11-05 17:19:39', '2024-11-05 17:19:39'),
(81, 79, '101', 6, 30.00, '2024-11-05 19:55:48', '2024-11-05 19:55:48'),
(82, 79, '102', 2, 2.00, '2024-11-05 19:55:48', '2024-11-05 19:55:48'),
(83, 80, '3X20', 1, 20.00, '2024-11-05 19:56:15', '2024-11-05 19:56:15'),
(84, 81, '102', 20, 20.00, '2024-11-05 20:09:58', '2024-11-05 20:09:58'),
(85, 81, 'CARPETACARTA', 1, 4.00, '2024-11-05 20:09:58', '2024-11-05 20:09:58'),
(86, 82, '7978790', 1, 200.00, '2024-11-05 20:11:19', '2024-11-05 20:11:19'),
(87, 83, 'OPA57774', 1, 150.00, '2024-11-06 01:25:06', '2024-11-06 01:25:06'),
(88, 84, '7503030935067', 1, 350.00, '2024-11-06 01:52:52', '2024-11-06 01:52:52'),
(89, 85, 'G791478', 1, 150.00, '2024-11-09 19:13:04', '2024-11-09 19:13:04'),
(90, 86, 'SA05555', 1, 150.00, '2024-11-10 19:33:35', '2024-11-10 19:33:35'),
(91, 87, 'N115859', 1, 150.00, '2024-11-11 16:35:54', '2024-11-11 16:35:54'),
(92, 88, '101', 1, 5.00, '2024-11-11 16:36:00', '2024-11-11 16:36:00');

--
-- Índices para tablas volcadas
--

--
-- Indices de la tabla `anotaciones_equipos_taller`
--
ALTER TABLE `anotaciones_equipos_taller`
  ADD PRIMARY KEY (`num_orden`);

--
-- Indices de la tabla `clientes`
--
ALTER TABLE `clientes`
  ADD PRIMARY KEY (`id`),
  ADD UNIQUE KEY `clientes_telefono_unique` (`telefono`);

--
-- Indices de la tabla `cobros_estimados_taller`
--
ALTER TABLE `cobros_estimados_taller`
  ADD PRIMARY KEY (`id`,`num_orden`),
  ADD KEY `foreign_key_cobros_estimados_equipos_taller` (`num_orden`);

--
-- Indices de la tabla `cobros_taller`
--
ALTER TABLE `cobros_taller`
  ADD PRIMARY KEY (`num_orden`);

--
-- Indices de la tabla `cobros_taller_credito`
--
ALTER TABLE `cobros_taller_credito`
  ADD PRIMARY KEY (`num_orden`),
  ADD KEY `cobros_taller_credito_id_cliente_foreign` (`id_cliente`),
  ADD KEY `cobros_taller_credito_id_estatus_foreign` (`id_estatus`);

--
-- Indices de la tabla `cobros_taller_credito_detalles`
--
ALTER TABLE `cobros_taller_credito_detalles`
  ADD PRIMARY KEY (`num_orden`,`id_abono`),
  ADD KEY `cobros_taller_credito_detalles_id_usuario_cobro_foreign` (`id_usuario_cobro`);

--
-- Indices de la tabla `departamentos_productos`
--
ALTER TABLE `departamentos_productos`
  ADD PRIMARY KEY (`id`);

--
-- Indices de la tabla `equipos`
--
ALTER TABLE `equipos`
  ADD PRIMARY KEY (`id`),
  ADD KEY `equipos_id_marca_foreign` (`id_marca`),
  ADD KEY `equipos_id_modelo_foreign` (`id_modelo`),
  ADD KEY `equipos_id_tipo_foreign` (`id_tipo`) USING BTREE,
  ADD KEY `equipos_id_cliente_foreign` (`id_cliente`);

--
-- Indices de la tabla `equipos_taller`
--
ALTER TABLE `equipos_taller`
  ADD PRIMARY KEY (`num_orden`),
  ADD KEY `equipos_taller_id_equipo_foreign` (`id_equipo`),
  ADD KEY `equipos_taller_id_usuario_recibio_foreign` (`id_usuario_recibio`),
  ADD KEY `equipos_taller_id_estatus_foreign` (`id_estatus`),
  ADD KEY `equipos_taller_id_cobro_estimado_foreign` (`id_cobro_estimado`);

--
-- Indices de la tabla `estatus_cobros_taller_credito`
--
ALTER TABLE `estatus_cobros_taller_credito`
  ADD PRIMARY KEY (`id`);

--
-- Indices de la tabla `estatus_equipos_taller`
--
ALTER TABLE `estatus_equipos_taller`
  ADD PRIMARY KEY (`id`);

--
-- Indices de la tabla `estatus_ventas_credito`
--
ALTER TABLE `estatus_ventas_credito`
  ADD PRIMARY KEY (`id`);

--
-- Indices de la tabla `failed_jobs`
--
ALTER TABLE `failed_jobs`
  ADD PRIMARY KEY (`id`),
  ADD UNIQUE KEY `failed_jobs_uuid_unique` (`uuid`);

--
-- Indices de la tabla `fallas_equipos`
--
ALTER TABLE `fallas_equipos`
  ADD PRIMARY KEY (`id`),
  ADD KEY `fallas_equipos_id_tipo_equipo_foreign` (`id_tipo_equipo`);

--
-- Indices de la tabla `fallas_equipos_taller`
--
ALTER TABLE `fallas_equipos_taller`
  ADD PRIMARY KEY (`num_orden`,`id_falla`),
  ADD KEY `fallas_equipos_taller_id_falla_foreign` (`id_falla`);

--
-- Indices de la tabla `imagenes_equipos_taller`
--
ALTER TABLE `imagenes_equipos_taller`
  ADD KEY `imagenes_equipos_taller_num_orden_foreign` (`num_orden`);

--
-- Indices de la tabla `inventario_movimientos`
--
ALTER TABLE `inventario_movimientos`
  ADD PRIMARY KEY (`id`),
  ADD KEY `inventario_movimientos_id_tipo_movimiento_foreign` (`id_tipo_movimiento`),
  ADD KEY `inventario_movimientos_codigo_producto_foreign` (`codigo_producto`),
  ADD KEY `inventario_movimientos_id_usuario_movimiento_foreign` (`id_usuario_movimiento`);

--
-- Indices de la tabla `inventario_tipos_movimientos`
--
ALTER TABLE `inventario_tipos_movimientos`
  ADD PRIMARY KEY (`id`);

--
-- Indices de la tabla `marcas_equipos`
--
ALTER TABLE `marcas_equipos`
  ADD PRIMARY KEY (`id`),
  ADD KEY `marcas_equipos_id_tipo_equipo_foreign` (`id_tipo_equipo`);

--
-- Indices de la tabla `migrations`
--
ALTER TABLE `migrations`
  ADD PRIMARY KEY (`id`);

--
-- Indices de la tabla `modelos_equipos`
--
ALTER TABLE `modelos_equipos`
  ADD PRIMARY KEY (`id`),
  ADD KEY `modelos_equipos_id_marca_foreign` (`id_marca`);

--
-- Indices de la tabla `model_has_permissions`
--
ALTER TABLE `model_has_permissions`
  ADD PRIMARY KEY (`permission_id`,`model_id`,`model_type`),
  ADD KEY `model_has_permissions_model_id_model_type_index` (`model_id`,`model_type`);

--
-- Indices de la tabla `model_has_roles`
--
ALTER TABLE `model_has_roles`
  ADD PRIMARY KEY (`role_id`,`model_id`,`model_type`),
  ADD KEY `model_has_roles_model_id_model_type_index` (`model_id`,`model_type`);

--
-- Indices de la tabla `password_resets`
--
ALTER TABLE `password_resets`
  ADD KEY `password_resets_email_index` (`email`);

--
-- Indices de la tabla `password_reset_tokens`
--
ALTER TABLE `password_reset_tokens`
  ADD PRIMARY KEY (`email`);

--
-- Indices de la tabla `permissions`
--
ALTER TABLE `permissions`
  ADD PRIMARY KEY (`id`),
  ADD UNIQUE KEY `permissions_name_guard_name_unique` (`name`,`guard_name`);

--
-- Indices de la tabla `personal_access_tokens`
--
ALTER TABLE `personal_access_tokens`
  ADD PRIMARY KEY (`id`),
  ADD UNIQUE KEY `personal_access_tokens_token_unique` (`token`),
  ADD KEY `personal_access_tokens_tokenable_type_tokenable_id_index` (`tokenable_type`,`tokenable_id`);

--
-- Indices de la tabla `productos`
--
ALTER TABLE `productos`
  ADD PRIMARY KEY (`codigo`),
  ADD KEY `productos_id_departamento_foreign` (`id_departamento`);

--
-- Indices de la tabla `roles`
--
ALTER TABLE `roles`
  ADD PRIMARY KEY (`id`),
  ADD UNIQUE KEY `roles_name_guard_name_unique` (`name`,`guard_name`);

--
-- Indices de la tabla `role_has_permissions`
--
ALTER TABLE `role_has_permissions`
  ADD PRIMARY KEY (`permission_id`,`role_id`),
  ADD KEY `role_has_permissions_role_id_foreign` (`role_id`);

--
-- Indices de la tabla `sessions`
--
ALTER TABLE `sessions`
  ADD PRIMARY KEY (`id`),
  ADD KEY `sessions_user_id_index` (`user_id`),
  ADD KEY `sessions_last_activity_index` (`last_activity`);

--
-- Indices de la tabla `tipos_equipos`
--
ALTER TABLE `tipos_equipos`
  ADD PRIMARY KEY (`id`);

--
-- Indices de la tabla `users`
--
ALTER TABLE `users`
  ADD PRIMARY KEY (`id`),
  ADD UNIQUE KEY `users_email_unique` (`email`);

--
-- Indices de la tabla `ventas`
--
ALTER TABLE `ventas`
  ADD PRIMARY KEY (`id`),
  ADD KEY `ventas_id_cliente_foreign` (`id_cliente`),
  ADD KEY `ventas_id_usuario_foreign` (`id_usuario`);

--
-- Indices de la tabla `ventas_credito`
--
ALTER TABLE `ventas_credito`
  ADD PRIMARY KEY (`id`),
  ADD KEY `ventas_credito_id_estatus_foreign` (`id_estatus`);

--
-- Indices de la tabla `ventas_credito_detalles`
--
ALTER TABLE `ventas_credito_detalles`
  ADD PRIMARY KEY (`id`,`id_abono`),
  ADD KEY `ventas_credito_detalles_id_usuario_venta_foreign` (`id_usuario_venta`);

--
-- Indices de la tabla `ventas_detalles`
--
ALTER TABLE `ventas_detalles`
  ADD PRIMARY KEY (`id`),
  ADD KEY `ventas_detalles_id_venta_foreign` (`id_venta`),
  ADD KEY `ventas_detalles_codigo_producto_foreign` (`codigo_producto`);

--
-- AUTO_INCREMENT de las tablas volcadas
--

--
-- AUTO_INCREMENT de la tabla `clientes`
--
ALTER TABLE `clientes`
  MODIFY `id` bigint(20) UNSIGNED NOT NULL AUTO_INCREMENT, AUTO_INCREMENT=553;

--
-- AUTO_INCREMENT de la tabla `departamentos_productos`
--
ALTER TABLE `departamentos_productos`
  MODIFY `id` bigint(20) UNSIGNED NOT NULL AUTO_INCREMENT, AUTO_INCREMENT=17;

--
-- AUTO_INCREMENT de la tabla `equipos`
--
ALTER TABLE `equipos`
  MODIFY `id` bigint(20) UNSIGNED NOT NULL AUTO_INCREMENT, AUTO_INCREMENT=737;

--
-- AUTO_INCREMENT de la tabla `equipos_taller`
--
ALTER TABLE `equipos_taller`
  MODIFY `num_orden` bigint(20) UNSIGNED NOT NULL AUTO_INCREMENT, AUTO_INCREMENT=827;

--
-- AUTO_INCREMENT de la tabla `estatus_cobros_taller_credito`
--
ALTER TABLE `estatus_cobros_taller_credito`
  MODIFY `id` bigint(20) UNSIGNED NOT NULL AUTO_INCREMENT, AUTO_INCREMENT=3;

--
-- AUTO_INCREMENT de la tabla `estatus_equipos_taller`
--
ALTER TABLE `estatus_equipos_taller`
  MODIFY `id` bigint(20) UNSIGNED NOT NULL AUTO_INCREMENT, AUTO_INCREMENT=8;

--
-- AUTO_INCREMENT de la tabla `estatus_ventas_credito`
--
ALTER TABLE `estatus_ventas_credito`
  MODIFY `id` bigint(20) UNSIGNED NOT NULL AUTO_INCREMENT, AUTO_INCREMENT=3;

--
-- AUTO_INCREMENT de la tabla `failed_jobs`
--
ALTER TABLE `failed_jobs`
  MODIFY `id` bigint(20) UNSIGNED NOT NULL AUTO_INCREMENT;

--
-- AUTO_INCREMENT de la tabla `fallas_equipos`
--
ALTER TABLE `fallas_equipos`
  MODIFY `id` bigint(20) UNSIGNED NOT NULL AUTO_INCREMENT, AUTO_INCREMENT=60;

--
-- AUTO_INCREMENT de la tabla `inventario_movimientos`
--
ALTER TABLE `inventario_movimientos`
  MODIFY `id` bigint(20) UNSIGNED NOT NULL AUTO_INCREMENT, AUTO_INCREMENT=1067;

--
-- AUTO_INCREMENT de la tabla `inventario_tipos_movimientos`
--
ALTER TABLE `inventario_tipos_movimientos`
  MODIFY `id` bigint(20) UNSIGNED NOT NULL AUTO_INCREMENT, AUTO_INCREMENT=5;

--
-- AUTO_INCREMENT de la tabla `marcas_equipos`
--
ALTER TABLE `marcas_equipos`
  MODIFY `id` bigint(20) UNSIGNED NOT NULL AUTO_INCREMENT, AUTO_INCREMENT=66;

--
-- AUTO_INCREMENT de la tabla `migrations`
--
ALTER TABLE `migrations`
  MODIFY `id` int(10) UNSIGNED NOT NULL AUTO_INCREMENT, AUTO_INCREMENT=92;

--
-- AUTO_INCREMENT de la tabla `modelos_equipos`
--
ALTER TABLE `modelos_equipos`
  MODIFY `id` bigint(20) UNSIGNED NOT NULL AUTO_INCREMENT, AUTO_INCREMENT=299;

--
-- AUTO_INCREMENT de la tabla `permissions`
--
ALTER TABLE `permissions`
  MODIFY `id` bigint(20) UNSIGNED NOT NULL AUTO_INCREMENT, AUTO_INCREMENT=2;

--
-- AUTO_INCREMENT de la tabla `personal_access_tokens`
--
ALTER TABLE `personal_access_tokens`
  MODIFY `id` bigint(20) UNSIGNED NOT NULL AUTO_INCREMENT;

--
-- AUTO_INCREMENT de la tabla `roles`
--
ALTER TABLE `roles`
  MODIFY `id` bigint(20) UNSIGNED NOT NULL AUTO_INCREMENT, AUTO_INCREMENT=4;

--
-- AUTO_INCREMENT de la tabla `tipos_equipos`
--
ALTER TABLE `tipos_equipos`
  MODIFY `id` bigint(20) UNSIGNED NOT NULL AUTO_INCREMENT, AUTO_INCREMENT=11;

--
-- AUTO_INCREMENT de la tabla `users`
--
ALTER TABLE `users`
  MODIFY `id` bigint(20) UNSIGNED NOT NULL AUTO_INCREMENT, AUTO_INCREMENT=15;

--
-- AUTO_INCREMENT de la tabla `ventas`
--
ALTER TABLE `ventas`
  MODIFY `id` bigint(20) UNSIGNED NOT NULL AUTO_INCREMENT, AUTO_INCREMENT=89;

--
-- AUTO_INCREMENT de la tabla `ventas_credito`
--
ALTER TABLE `ventas_credito`
  MODIFY `id` bigint(20) UNSIGNED NOT NULL AUTO_INCREMENT;

--
-- AUTO_INCREMENT de la tabla `ventas_detalles`
--
ALTER TABLE `ventas_detalles`
  MODIFY `id` bigint(20) UNSIGNED NOT NULL AUTO_INCREMENT, AUTO_INCREMENT=93;

--
-- Restricciones para tablas volcadas
--

--
-- Filtros para la tabla `anotaciones_equipos_taller`
--
ALTER TABLE `anotaciones_equipos_taller`
  ADD CONSTRAINT `fk_num_orden_anotaciones` FOREIGN KEY (`num_orden`) REFERENCES `equipos_taller` (`num_orden`);

--
-- Filtros para la tabla `cobros_estimados_taller`
--
ALTER TABLE `cobros_estimados_taller`
  ADD CONSTRAINT `foreign_key_cobros_estimados_equipos_taller` FOREIGN KEY (`num_orden`) REFERENCES `equipos_taller` (`num_orden`);

--
-- Filtros para la tabla `cobros_taller`
--
ALTER TABLE `cobros_taller`
  ADD CONSTRAINT `cobros_taller_num_orden_foreign` FOREIGN KEY (`num_orden`) REFERENCES `equipos_taller` (`num_orden`);

--
-- Filtros para la tabla `cobros_taller_credito`
--
ALTER TABLE `cobros_taller_credito`
  ADD CONSTRAINT `cobros_taller_credito_id_cliente_foreign` FOREIGN KEY (`id_cliente`) REFERENCES `clientes` (`id`) ON DELETE CASCADE,
  ADD CONSTRAINT `cobros_taller_credito_id_estatus_foreign` FOREIGN KEY (`id_estatus`) REFERENCES `estatus_cobros_taller_credito` (`id`),
  ADD CONSTRAINT `cobros_taller_credito_num_orden_foreign` FOREIGN KEY (`num_orden`) REFERENCES `cobros_estimados_taller` (`num_orden`) ON DELETE CASCADE;

--
-- Filtros para la tabla `cobros_taller_credito_detalles`
--
ALTER TABLE `cobros_taller_credito_detalles`
  ADD CONSTRAINT `cobros_taller_credito_detalles_id_usuario_cobro_foreign` FOREIGN KEY (`id_usuario_cobro`) REFERENCES `users` (`id`) ON DELETE SET NULL,
  ADD CONSTRAINT `cobros_taller_credito_detalles_num_orden_foreign` FOREIGN KEY (`num_orden`) REFERENCES `cobros_taller_credito` (`num_orden`) ON DELETE CASCADE;

--
-- Filtros para la tabla `equipos`
--
ALTER TABLE `equipos`
  ADD CONSTRAINT `equipos_id_cliente_foreign` FOREIGN KEY (`id_cliente`) REFERENCES `clientes` (`id`),
  ADD CONSTRAINT `equipos_id_marca_foreign` FOREIGN KEY (`id_marca`) REFERENCES `marcas_equipos` (`id`),
  ADD CONSTRAINT `equipos_id_modelo_foreign` FOREIGN KEY (`id_modelo`) REFERENCES `modelos_equipos` (`id`),
  ADD CONSTRAINT `equipos_id_tipo_equipo_foreign` FOREIGN KEY (`id_tipo`) REFERENCES `tipos_equipos` (`id`);

--
-- Filtros para la tabla `equipos_taller`
--
ALTER TABLE `equipos_taller`
  ADD CONSTRAINT `equipos_taller_id_equipo_foreign` FOREIGN KEY (`id_equipo`) REFERENCES `equipos` (`id`),
  ADD CONSTRAINT `equipos_taller_id_estatus_foreign` FOREIGN KEY (`id_estatus`) REFERENCES `estatus_equipos_taller` (`id`),
  ADD CONSTRAINT `equipos_taller_id_usuario_recibio_foreign` FOREIGN KEY (`id_usuario_recibio`) REFERENCES `users` (`id`);

--
-- Filtros para la tabla `fallas_equipos`
--
ALTER TABLE `fallas_equipos`
  ADD CONSTRAINT `fallas_equipos_id_tipo_equipo_foreign` FOREIGN KEY (`id_tipo_equipo`) REFERENCES `tipos_equipos` (`id`);

--
-- Filtros para la tabla `fallas_equipos_taller`
--
ALTER TABLE `fallas_equipos_taller`
  ADD CONSTRAINT `fallas_equipos_taller_id_falla_foreign` FOREIGN KEY (`id_falla`) REFERENCES `fallas_equipos` (`id`),
  ADD CONSTRAINT `fallas_equipos_taller_num_orden_foreign` FOREIGN KEY (`num_orden`) REFERENCES `equipos_taller` (`num_orden`);

--
-- Filtros para la tabla `imagenes_equipos_taller`
--
ALTER TABLE `imagenes_equipos_taller`
  ADD CONSTRAINT `imagenes_equipos_taller_num_orden_foreign` FOREIGN KEY (`num_orden`) REFERENCES `equipos_taller` (`num_orden`);

--
-- Filtros para la tabla `inventario_movimientos`
--
ALTER TABLE `inventario_movimientos`
  ADD CONSTRAINT `inventario_movimientos_codigo_producto_foreign` FOREIGN KEY (`codigo_producto`) REFERENCES `productos` (`codigo`) ON UPDATE CASCADE,
  ADD CONSTRAINT `inventario_movimientos_id_tipo_movimiento_foreign` FOREIGN KEY (`id_tipo_movimiento`) REFERENCES `inventario_tipos_movimientos` (`id`) ON UPDATE CASCADE,
  ADD CONSTRAINT `inventario_movimientos_id_usuario_movimiento_foreign` FOREIGN KEY (`id_usuario_movimiento`) REFERENCES `users` (`id`) ON DELETE SET NULL;

--
-- Filtros para la tabla `marcas_equipos`
--
ALTER TABLE `marcas_equipos`
  ADD CONSTRAINT `marcas_equipos_id_tipo_equipo_foreign` FOREIGN KEY (`id_tipo_equipo`) REFERENCES `tipos_equipos` (`id`);

--
-- Filtros para la tabla `modelos_equipos`
--
ALTER TABLE `modelos_equipos`
  ADD CONSTRAINT `modelos_equipos_id_marca_foreign` FOREIGN KEY (`id_marca`) REFERENCES `marcas_equipos` (`id`);

--
-- Filtros para la tabla `model_has_permissions`
--
ALTER TABLE `model_has_permissions`
  ADD CONSTRAINT `model_has_permissions_permission_id_foreign` FOREIGN KEY (`permission_id`) REFERENCES `permissions` (`id`) ON DELETE CASCADE;

--
-- Filtros para la tabla `model_has_roles`
--
ALTER TABLE `model_has_roles`
  ADD CONSTRAINT `model_has_roles_role_id_foreign` FOREIGN KEY (`role_id`) REFERENCES `roles` (`id`) ON DELETE CASCADE;

--
-- Filtros para la tabla `productos`
--
ALTER TABLE `productos`
  ADD CONSTRAINT `productos_id_departamento_foreign` FOREIGN KEY (`id_departamento`) REFERENCES `departamentos_productos` (`id`);

--
-- Filtros para la tabla `role_has_permissions`
--
ALTER TABLE `role_has_permissions`
  ADD CONSTRAINT `role_has_permissions_permission_id_foreign` FOREIGN KEY (`permission_id`) REFERENCES `permissions` (`id`) ON DELETE CASCADE,
  ADD CONSTRAINT `role_has_permissions_role_id_foreign` FOREIGN KEY (`role_id`) REFERENCES `roles` (`id`) ON DELETE CASCADE;

--
-- Filtros para la tabla `ventas`
--
ALTER TABLE `ventas`
  ADD CONSTRAINT `ventas_id_cliente_foreign` FOREIGN KEY (`id_cliente`) REFERENCES `clientes` (`id`) ON DELETE SET NULL,
  ADD CONSTRAINT `ventas_id_usuario_foreign` FOREIGN KEY (`id_usuario`) REFERENCES `users` (`id`);

--
-- Filtros para la tabla `ventas_credito`
--
ALTER TABLE `ventas_credito`
  ADD CONSTRAINT `ventas_credito_id_estatus_foreign` FOREIGN KEY (`id_estatus`) REFERENCES `estatus_ventas_credito` (`id`),
  ADD CONSTRAINT `ventas_credito_id_foreign` FOREIGN KEY (`id`) REFERENCES `ventas` (`id`) ON DELETE CASCADE;

--
-- Filtros para la tabla `ventas_credito_detalles`
--
ALTER TABLE `ventas_credito_detalles`
  ADD CONSTRAINT `ventas_credito_detalles_id_foreign` FOREIGN KEY (`id`) REFERENCES `ventas_credito` (`id`) ON DELETE CASCADE,
  ADD CONSTRAINT `ventas_credito_detalles_id_usuario_venta_foreign` FOREIGN KEY (`id_usuario_venta`) REFERENCES `users` (`id`) ON DELETE SET NULL;

--
-- Filtros para la tabla `ventas_detalles`
--
ALTER TABLE `ventas_detalles`
  ADD CONSTRAINT `ventas_detalles_codigo_producto_foreign` FOREIGN KEY (`codigo_producto`) REFERENCES `productos` (`codigo`) ON DELETE CASCADE,
  ADD CONSTRAINT `ventas_detalles_id_venta_foreign` FOREIGN KEY (`id_venta`) REFERENCES `ventas` (`id`) ON DELETE CASCADE;
COMMIT;

/*!40101 SET CHARACTER_SET_CLIENT=@OLD_CHARACTER_SET_CLIENT */;
/*!40101 SET CHARACTER_SET_RESULTS=@OLD_CHARACTER_SET_RESULTS */;
/*!40101 SET COLLATION_CONNECTION=@OLD_COLLATION_CONNECTION */;
